{"type":"FeatureCollection", "features": [
{"type":"Feature","geometry":{"type":"Polygon","coordinates":[[[151.19054781184875,-33.74732230971784],[151.18760526902688,-33.747015874512144],[151.18444224466236,-33.74770496468504],[151.1801294069773,-33.74671053108442],[151.17939531854873,-33.747633067015876],[151.17276134612257,-33.751664957203616],[151.17116910775138,-33.75168695724278],[151.16811082313527,-33.75504282513417],[151.1700521943676,-33.75771582127084],[151.17275065657566,-33.759321382015976],[151.17301267805573,-33.76158226317736],[151.17474211860556,-33.76440920956375],[151.17724611779863,-33.76556255963119],[151.17794303043834,-33.76738455359161],[151.17791560842855,-33.76815254289329],[151.17918415044304,-33.765566419757434],[151.1806086096617,-33.76536757929885],[151.18400878201072,-33.762385213351784],[151.1843774665629,-33.75985108125036],[151.18831072263362,-33.76031976259584],[151.18933686947068,-33.75894138440644],[151.19221287710363,-33.758679211995975],[151.1906281863612,-33.75744266670514],[151.1907046060241,-33.755432169705],[151.19576650274604,-33.75379056859112],[151.19373082733355,-33.752631200771205],[151.19389984295697,-33.75058718733686],[151.19207135000082,-33.74809532428995],[151.19054781184875,-33.74732230971784]]]},"properties":{"suburbname":"EAST KILLARA","postcode":2071,"state":2,"startdate":"20130115192446","enddate":"30000101000000","lastupdate":"20130116114140","msoid":42,"centroidid":null,"shapeuuid":"12686c18-7827-340f-886f-6f09a8f761f0","changetype":"M","processstate":null,"urbanity":"U","Shape__Length":0.08967761421093166,"Shape__Area":0.00030695343997667494,"OBJECTID":41,"cadid":108029576,"createdate":"19950728000000","modifieddate":"20130115192317"}},
{"type":"Feature","geometry":{"type":"Polygon","coordinates":[[[151.11801577919138,-33.864139972303164],[151.11590809160512,-33.86091991709843],[151.11449916836725,-33.86218364074903],[151.1121194406751,-33.868233262775554],[151.11697240165824,-33.86879890585555],[151.11801577919138,-33.864139972303164]]]},"properties":{"suburbname":"CANADA BAY","postcode":2046,"state":2,"startdate":"20110114004951","enddate":"30000101000000","lastupdate":"20110114004951","msoid":52,"centroidid":null,"shapeuuid":"7f3a08f9-60d7-3833-be0d-c8ab35ef246f","changetype":"M","processstate":null,"urbanity":"U","Shape__Length":0.02484265343805459,"Shape__Area":0.000030777392921273955,"OBJECTID":51,"cadid":108029586,"createdate":"19950728000000","modifieddate":"20110114004811"}},
{"type":"Feature","geometry":{"type":"Polygon","coordinates":[[[151.094977560554,-33.81413824424908],[151.09060668628098,-33.8113401134071],[151.08831908985948,-33.81488600657513],[151.08169863899698,-33.81476075769169],[151.08255805213201,-33.8185980414855],[151.08607861004518,-33.819234144794905],[151.08984817840616,-33.821046027397735],[151.09297050945315,-33.819580042826374],[151.09275219206967,-33.8159657471916],[151.094977560554,-33.81413824424908]]]},"properties":{"suburbname":"MEADOWBANK","postcode":2114,"state":2,"startdate":"20150311133635","enddate":"30000101000000","lastupdate":"20150311133831","msoid":71,"centroidid":null,"shapeuuid":"d3e97218-a204-3e60-8cf8-00c9c91a5895","changetype":"M","processstate":null,"urbanity":"U","Shape__Length":0.044951096150694585,"Shape__Area":0.00006716091288107665,"OBJECTID":70,"cadid":108029605,"createdate":"19950728000000","modifieddate":"20150311133316"}},
{"type":"Feature","geometry":{"type":"Polygon","coordinates":[[[151.2097911558397,-33.86102737691693],[151.21045303812429,-33.85742015013892],[151.20975025040178,-33.8542092070049],[151.20690538276688,-33.85877675947989],[151.20547631111708,-33.86314076839238],[151.2074040924191,-33.863278577194805],[151.2097911558397,-33.86102737691693]]]},"properties":{"suburbname":"THE ROCKS","postcode":2000,"state":2,"startdate":"20140225150341","enddate":"30000101000000","lastupdate":"20140225150750","msoid":75,"centroidid":null,"shapeuuid":"2342026e-c8b5-3e81-9c45-b9dfab1a85c8","changetype":"M","processstate":null,"urbanity":"U","Shape__Length":0.02774662445884881,"Shape__Area":0.00001993479395550668,"OBJECTID":74,"cadid":108029609,"createdate":"19950728000000","modifieddate":"20140225150248"}},
{"type":"Feature","geometry":{"type":"Polygon","coordinates":[[[151.22986406707244,-33.93180647875213],[151.22799060892356,-33.924946684400396],[151.22162191387773,-33.925451646842085],[151.22069194696076,-33.927721010650984],[151.22413291137187,-33.92953731095646],[151.22262564919353,-33.93196049355841],[151.22558930292973,-33.9327977021716],[151.22986406707244,-33.93180647875213]]]},"properties":{"suburbname":"DACEYVILLE","postcode":2032,"state":2,"startdate":"20110727090237","enddate":"30000101000000","lastupdate":"20110727090245","msoid":86,"centroidid":null,"shapeuuid":"b5e56850-e0fb-32ba-a8be-f025430b544b","changetype":"M","processstate":null,"urbanity":"U","Shape__Length":0.031285433975579036,"Shape__Area":0.000047058994396890184,"OBJECTID":85,"cadid":108029620,"createdate":"19950728000000","modifieddate":"20110727084524"}},
{"type":"Feature","geometry":{"type":"Polygon","coordinates":[[[151.10709155308214,-33.89138314953305],[151.10716032245642,-33.88666174825107],[151.10355045794157,-33.88830788012383],[151.10166325061653,-33.88766023022653],[151.10082372698886,-33.89153367842292],[151.10468874319858,-33.89209652515417],[151.10709155308214,-33.89138314953305]]]},"properties":{"suburbname":"BURWOOD HEIGHTS","postcode":2136,"state":2,"startdate":"20150129113913","enddate":"30000101000000","lastupdate":"20150129114009","msoid":88,"centroidid":null,"shapeuuid":"2257e026-0149-3c00-9964-c3c494e6d2ec","changetype":"M","processstate":null,"urbanity":"U","Shape__Length":0.02484923750217196,"Shape__Area":0.000022857566922800552,"OBJECTID":87,"cadid":108029622,"createdate":"19950728000000","modifieddate":"20150129113722"}},
{"type":"Feature","geometry":{"type":"Polygon","coordinates":[[[151.25422898149267,-33.911487844980556],[151.25090718641553,-33.910787320156935],[151.24967225411356,-33.912908668146216],[151.24669810096816,-33.92662491780467],[151.2604735716603,-33.92849270634458],[151.26132884618357,-33.927298249920966],[151.25829258406088,-33.92308439527027],[151.25909071251024,-33.92021881201872],[151.26311647672776,-33.917759063595405],[151.2623356551216,-33.91495635321544],[151.25992849424037,-33.91236930776312],[151.25422898149267,-33.911487844980556]]]},"properties":{"suburbname":"COOGEE","postcode":2034,"state":2,"startdate":"20061121174928","enddate":"30000101000000","lastupdate":"20061121180013","msoid":101,"centroidid":null,"shapeuuid":"c7817dd5-752e-3810-b3b1-426243fd8222","changetype":"M","processstate":null,"urbanity":"U","Shape__Length":0.07154332401024943,"Shape__Area":0.0001911758073100657,"OBJECTID":100,"cadid":108029635,"createdate":"19950728000000","modifieddate":"20061120163930"}},
{"type":"Feature","geometry":{"type":"Polygon","coordinates":[[[151.23689916460057,-33.977005299705766],[151.232841740608,-33.974664876783926],[151.22603776194228,-33.97609970579822],[151.22552604074724,-33.97647223777457],[151.22859828462452,-33.97836737057221],[151.22820988561787,-33.9820933545451],[151.2317516651636,-33.98225713181519],[151.23543489135827,-33.984261858388415],[151.2364752994754,-33.98177653086339],[151.23689916460057,-33.977005299705766]]]},"properties":{"suburbname":"PHILLIP BAY","postcode":2036,"state":2,"startdate":"20110823093423","enddate":"30000101000000","lastupdate":"20110823093423","msoid":103,"centroidid":null,"shapeuuid":"36e557bc-1605-3a1c-8621-4830131d9217","changetype":"M","processstate":null,"urbanity":"U","Shape__Length":0.037530490197516544,"Shape__Area":0.000060220943408523756,"OBJECTID":102,"cadid":108029637,"createdate":"19950728000000","modifieddate":"20110823092408"}},
{"type":"Feature","geometry":{"type":"Polygon","coordinates":[[[151.2008671659749,-33.914616545266426],[151.20238195085213,-33.910158431630464],[151.20283273015653,-33.90871184521431],[151.2002523342854,-33.90835190458299],[151.19799357727211,-33.913433736053754],[151.2008671659749,-33.914616545266426]]]},"properties":{"suburbname":"BEACONSFIELD","postcode":2015,"state":2,"startdate":"20070118081045","enddate":"30000101000000","lastupdate":"20070118082715","msoid":107,"centroidid":null,"shapeuuid":"5b6cef67-5851-34a4-8077-6e453382639d","changetype":"M","processstate":null,"urbanity":"U","Shape__Length":0.018414227301525612,"Shape__Area":0.000016260016492868415,"OBJECTID":106,"cadid":108029641,"createdate":"19950728000000","modifieddate":"20070116181759"}},
{"type":"Feature","geometry":{"type":"Polygon","coordinates":[[[151.21819092550635,-33.88509022782011],[151.21706746760967,-33.88114831391884],[151.21487122498849,-33.88083613866911],[151.21424766501102,-33.87844285401154],[151.2121191188225,-33.87684404917822],[151.20912325930075,-33.8796905398807],[151.20828823989592,-33.88351511444143],[151.2067948470594,-33.885794904203394],[151.20182771581463,-33.889100077215765],[151.20782343684527,-33.889895459527395],[151.21162456484407,-33.89136641305578],[151.21705199972902,-33.89185668931103],[151.21824484381955,-33.88551900086262],[151.21819092550635,-33.88509022782011]]]},"properties":{"suburbname":"SURRY HILLS","postcode":2010,"state":2,"startdate":"20150121170550","enddate":"30000101000000","lastupdate":"20150121170625","msoid":109,"centroidid":null,"shapeuuid":"ae4776c9-a682-385e-ae30-0dfaa726da59","changetype":"M","processstate":null,"urbanity":"U","Shape__Length":0.05209206210404079,"Shape__Area":0.0001293333389220999,"OBJECTID":108,"cadid":108029643,"createdate":"19950728000000","modifieddate":"20150121170500"}},
{"type":"Feature","geometry":{"type":"Polygon","coordinates":[[[151.0690204200821,-33.99351868473333],[151.06674727825944,-33.98988606306528],[151.06367607814286,-33.98933782548184],[151.0598013829532,-33.98731091934152],[151.05792455182387,-33.9888094675334],[151.0550395427187,-33.99158466631095],[151.05125480617238,-33.99295257536223],[151.04552558630638,-33.99232267226611],[151.03785059812733,-33.9919592199922],[151.03508288864344,-33.99066997425013],[151.03343833551696,-33.98755810881119],[151.02759824984773,-33.98828941574904],[151.02692127237674,-33.99613864413425],[151.0254037615223,-33.998087465647465],[151.02031840998967,-34.00247574172625],[151.01449212480793,-34.00611897989787],[151.02159861389237,-34.0067932420827],[151.02408376308898,-34.005834244561385],[151.02648919271658,-34.005776657953376],[151.03358572026005,-34.00953193370515],[151.0364904594608,-34.00895458134461],[151.03847294060992,-34.00586737355551],[151.04056308358588,-34.00532850100767],[151.04617906535162,-34.00706453653006],[151.04968079258668,-34.00442364113928],[151.05427809959963,-34.00317081709769],[151.05443656004456,-34.00032500478762],[151.05713205371424,-33.997899799187586],[151.06159564849634,-33.996282392073304],[151.06731755130704,-33.99523358999807],[151.0690204200821,-33.99351868473333]]]},"properties":{"suburbname":"ILLAWONG","postcode":2234,"state":2,"startdate":"20150202140555","enddate":"30000101000000","lastupdate":"20150202140625","msoid":111,"centroidid":null,"shapeuuid":"6f566539-9c89-3cc1-a445-a3e52c7f978a","changetype":"M","processstate":null,"urbanity":"U","Shape__Length":0.14223522637230088,"Shape__Area":0.0005789080408565302,"OBJECTID":110,"cadid":108029645,"createdate":"19950728000000","modifieddate":"20150202140517"}},
{"type":"Feature","geometry":{"type":"Polygon","coordinates":[[[150.8108439967314,-33.74296020968833],[150.810531803399,-33.739790959217544],[150.8087165233758,-33.73890076998297],[150.8101692126944,-33.73628160620445],[150.80960880339745,-33.73505477394481],[150.80410501476203,-33.740424212077095],[150.80199761636217,-33.745978082327674],[150.80080462924698,-33.747207902736015],[150.80139680163282,-33.74896420095728],[150.8019775329026,-33.75071217045222],[150.8067911828066,-33.749256630375974],[150.8092924700464,-33.74790852329539],[150.81072766840578,-33.74555760105422],[150.8108439967314,-33.74296020968833]]]},"properties":{"suburbname":"EMERTON","postcode":2770,"state":2,"startdate":"20141209170134","enddate":"30000101000000","lastupdate":"20141209170148","msoid":150,"centroidid":null,"shapeuuid":"6b82e318-e85a-3862-b969-803959db7881","changetype":"M","processstate":null,"urbanity":"U","Shape__Length":0.04425188033522535,"Shape__Area":0.00008779138091794576,"OBJECTID":146,"cadid":108029684,"createdate":"19950728000000","modifieddate":"20141209170106"}},
{"type":"Feature","geometry":{"type":"Polygon","coordinates":[[[150.80080462924698,-33.747207902736015],[150.79676445126503,-33.74033005250585],[150.79251807918394,-33.740082399222196],[150.78996824434466,-33.7373973369445],[150.78395930863192,-33.74094209693248],[150.7849165425809,-33.74424316091385],[150.78672758615284,-33.74634330631735],[150.7886360685622,-33.74632211281139],[150.78954158229024,-33.74942747093965],[150.78903233640062,-33.75130148261126],[150.7921639520622,-33.75288935704748],[150.79989218880857,-33.752049304313196],[150.80139680163282,-33.74896420095728],[150.80080462924698,-33.747207902736015]]]},"properties":{"suburbname":"TREGEAR","postcode":2770,"state":2,"startdate":"20150305121617","enddate":"30000101000000","lastupdate":"20150305122000","msoid":154,"centroidid":null,"shapeuuid":"4c7f3e49-9d47-34e8-a57e-02a77a8fe826","changetype":"M","processstate":null,"urbanity":"U","Shape__Length":0.056577548644261774,"Shape__Area":0.00016091932713681501,"OBJECTID":150,"cadid":108029688,"createdate":"19950728000000","modifieddate":"20150305121002"}},
{"type":"Feature","geometry":{"type":"Polygon","coordinates":[[[150.95255284800322,-33.79555639778049],[150.95185570610144,-33.79029531214993],[150.9454996018345,-33.79265412020862],[150.94246159680688,-33.792126320330944],[150.93894960293648,-33.794388460374336],[150.93766658021434,-33.80064630275086],[150.9348959686082,-33.80618915348807],[150.93384283814905,-33.807214794985356],[150.93701857553606,-33.808312246016776],[150.9427426522009,-33.80865135409254],[150.94587241424435,-33.809593889472836],[150.95189903167687,-33.8003388499493],[150.95448090738023,-33.7994187832279],[150.95255284800322,-33.79555639778049]]]},"properties":{"suburbname":"GIRRAWEEN","postcode":2145,"state":2,"startdate":"20150605125037","enddate":"30000101000000","lastupdate":"20150605125645","msoid":156,"centroidid":null,"shapeuuid":"5229825a-c558-3249-9667-4b06e20359b1","changetype":"M","processstate":null,"urbanity":"U","Shape__Length":0.06562542201028801,"Shape__Area":0.0002272141182403895,"OBJECTID":152,"cadid":108029690,"createdate":"19950728000000","modifieddate":"20150605124938"}},
{"type":"Feature","geometry":{"type":"Polygon","coordinates":[[[151.26979552225868,-33.71642899529774],[151.2663811042211,-33.7175531619896],[151.26136319294056,-33.71631629810724],[151.25673633605786,-33.71610254112476],[151.25184760558597,-33.718991833961134],[151.24755630858522,-33.7186712617514],[151.24588398816476,-33.71932832847541],[151.24982412330036,-33.723310533165495],[151.25563709016686,-33.72641346041271],[151.25513431605228,-33.72983728801239],[151.2559379251467,-33.732668890124806],[151.25814700639143,-33.73287996687802],[151.25746225825247,-33.7363176786115],[151.26401420181497,-33.736507084073786],[151.26556527503007,-33.7375883796115],[151.26789251355393,-33.74248735338705],[151.28076053999604,-33.74393463279972],[151.28678197879833,-33.74474574089409],[151.28793013610527,-33.74428336536661],[151.28931494365497,-33.74075946956568],[151.29076207408562,-33.7387212672662],[151.28862350217298,-33.73541645676713],[151.28610063891344,-33.733289159535104],[151.2822917866282,-33.73237411902611],[151.2779286019034,-33.733849368532724],[151.27577558486024,-33.73073397165795],[151.2764856605843,-33.72817454811182],[151.2740063950347,-33.72447074887804],[151.2741584785879,-33.72246354012726],[151.27251203738447,-33.72211444663065],[151.27209197202305,-33.71891901520818],[151.26979552225868,-33.71642899529774]]]},"properties":{"suburbname":"CROMER","postcode":2099,"state":2,"startdate":"20160128120022","enddate":"30000101000000","lastupdate":"20160128120057","msoid":250,"centroidid":null,"shapeuuid":"43396cca-a54a-30ac-b378-10dbf2da0819","changetype":"M","processstate":null,"urbanity":"U","Shape__Length":0.1502007855128863,"Shape__Area":0.0006146934680504754,"OBJECTID":240,"cadid":108029784,"createdate":"19950728000000","modifieddate":"20160128115915"}},
{"type":"Feature","geometry":{"type":"Polygon","coordinates":[[[151.1612734761215,-33.650296781515614],[151.1537832305058,-33.651912588752815],[151.1483458631653,-33.656089105834646],[151.1454229498213,-33.665554958228654],[151.136690384085,-33.66625068832699],[151.13133738529447,-33.66798997528285],[151.1297937544677,-33.66626468462433],[151.12625855525596,-33.66547773759218],[151.12392548949222,-33.663852304261844],[151.12725825307896,-33.66129790699292],[151.12706036875693,-33.65931396532506],[151.12901603679992,-33.65781600753118],[151.1258821731993,-33.655467857478705],[151.12593221103742,-33.65279709190234],[151.11825073352165,-33.64672099349462],[151.11528720929155,-33.646410992719446],[151.112100486472,-33.6490258923332],[151.1105114389929,-33.6520000284233],[151.1104991446829,-33.65599614312872],[151.1112092762152,-33.65741921884947],[151.10698919444314,-33.66223977434699],[151.10508722951434,-33.666081665295245],[151.10599517026137,-33.66783321213322],[151.10278794036012,-33.67119725871428],[151.10393555177828,-33.680425360748046],[151.10510372676694,-33.68210928972577],[151.10689552994882,-33.68023987469695],[151.11018877075463,-33.680742448324985],[151.1123684259505,-33.67923453680784],[151.11798530123707,-33.6800225123379],[151.11782448783873,-33.680938654292824],[151.1379779979514,-33.68338180245276],[151.13641007437332,-33.681775562820164],[151.1388990007022,-33.677559324816414],[151.14211968169477,-33.67756700635934],[151.14370053843402,-33.67555033910404],[151.1466180994709,-33.67464196416892],[151.14938499610093,-33.669377625441605],[151.15206360537636,-33.66905577967529],[151.1553742927749,-33.66646278853769],[151.15548320845798,-33.66348464752176],[151.15741898654522,-33.66371640858375],[151.1597342143536,-33.66046569870911],[151.16141909765497,-33.65996783020709],[151.16426034244725,-33.65814735351676],[151.16387527312565,-33.6555973499843],[151.16221725506486,-33.65465939075647],[151.16058773181163,-33.65127152823852],[151.1612734761215,-33.650296781515614]]]},"properties":{"suburbname":"MOUNT COLAH","postcode":2079,"state":2,"startdate":"20141112152625","enddate":"30000101000000","lastupdate":"20141112152704","msoid":1197,"centroidid":null,"shapeuuid":"8292378c-eef9-3568-b97e-0c07c3600816","changetype":"M","processstate":null,"urbanity":"U","Shape__Length":0.22034397825013982,"Shape__Area":0.0011122405238435471,"OBJECTID":1105,"cadid":108030731,"createdate":"19950728000000","modifieddate":"20141112152504"}},
{"type":"Feature","geometry":{"type":"Polygon","coordinates":[[[151.0928516374261,-33.74585004341256],[151.09345109099542,-33.74773510039365],[151.09821435874719,-33.74831281971481],[151.10021166440805,-33.751949368063535],[151.1000952742829,-33.75350970638817],[151.1021336015889,-33.75432994030367],[151.10536007863763,-33.75752799559898],[151.10537221588396,-33.76117187519324],[151.1099018727213,-33.76245233685886],[151.11561158479654,-33.7611956070036],[151.11875632130693,-33.762470183263616],[151.1188509012713,-33.758342574462795],[151.11968821209067,-33.756005992582566],[151.11806822635998,-33.752871610293916],[151.11712867828737,-33.750217867541615],[151.1121082720509,-33.74486074642395],[151.1078541579185,-33.74527395785497],[151.10489064460307,-33.742388476255066],[151.0928516374261,-33.74585004341256]]]},"properties":{"suburbname":"SOUTH TURRAMURRA","postcode":2074,"state":2,"startdate":"20130720002250","enddate":"30000101000000","lastupdate":"20130720002250","msoid":1200,"centroidid":null,"shapeuuid":"c1b1c5eb-b2bf-343c-a0fd-78ad9e362a50","changetype":"M","processstate":null,"urbanity":"U","Shape__Length":0.08281057175849149,"Shape__Area":0.0002983002437357183,"OBJECTID":1108,"cadid":108030734,"createdate":"19950728000000","modifieddate":"20110317235450"}},
{"type":"Feature","geometry":{"type":"Polygon","coordinates":[[[151.14243659806408,-33.80661876484618],[151.13807015488226,-33.806766373644955],[151.1335127362694,-33.80346609369993],[151.12721728602497,-33.80936352224027],[151.13521101556236,-33.814128271296646],[151.13616472699496,-33.81469463110271],[151.13883077293804,-33.815806423793475],[151.1394256609022,-33.818641950513445],[151.14377580650594,-33.81815582815194],[151.14333597409447,-33.814975935534896],[151.1412175323708,-33.81178622496371],[151.14107426209623,-33.80834548298507],[151.14243659806408,-33.80661876484618]]]},"properties":{"suburbname":"EAST RYDE","postcode":2113,"state":2,"startdate":"20150805164201","enddate":"30000101000000","lastupdate":"20150805164212","msoid":1227,"centroidid":null,"shapeuuid":"e4461062-4075-39e3-9fb1-d67625e9db6e","changetype":"M","processstate":null,"urbanity":"U","Shape__Length":0.05717576588909783,"Shape__Area":0.00012216720715502546,"OBJECTID":1134,"cadid":108030761,"createdate":"19950728000000","modifieddate":"20150805164129"}},
{"type":"Feature","geometry":{"type":"Polygon","coordinates":[[[151.20617774387955,-33.926924849675856],[151.204945503532,-33.93299307218996],[151.20111500533454,-33.9345749605618],[151.20755107158246,-33.93590225395781],[151.2141183955678,-33.939214165581014],[151.21869370582925,-33.93600221598344],[151.22069194696076,-33.927721010650984],[151.22162191387773,-33.925451646842085],[151.21524187999992,-33.92456596743835],[151.21425533992755,-33.92437792973919],[151.20719875906158,-33.922972129932866],[151.20617774387955,-33.926924849675856]]]},"properties":{"suburbname":"EASTLAKES","postcode":2018,"state":2,"startdate":"20070828114302","enddate":"30000101000000","lastupdate":"20070828114304","msoid":1243,"centroidid":null,"shapeuuid":"e8d5abb7-afd7-3d15-b106-b213fcaa410b","changetype":"M","processstate":null,"urbanity":"U","Shape__Length":0.0612297777246295,"Shape__Area":0.00019329428568803795,"OBJECTID":1148,"cadid":108030777,"createdate":"19950728000000","modifieddate":"20070828114208"}},
{"type":"Feature","geometry":{"type":"Polygon","coordinates":[[[151.09040890268938,-33.893154172959456],[151.1002078415117,-33.89451386281595],[151.10082372698886,-33.89153367842292],[151.10166325061653,-33.88766023022653],[151.09550691989864,-33.88591809632015],[151.09344371607776,-33.8858260756436],[151.09146946015028,-33.88764154029237],[151.09040890268938,-33.893154172959456]]]},"properties":{"suburbname":"ENFIELD","postcode":2136,"state":2,"startdate":"20150121134901","enddate":"30000101000000","lastupdate":"20150121153734","msoid":1245,"centroidid":null,"shapeuuid":"d61d6b79-e89c-3338-b691-ebd9be1a5d2c","changetype":"M","processstate":null,"urbanity":"U","Shape__Length":0.033949647806385805,"Shape__Area":0.00007188073528636238,"OBJECTID":1150,"cadid":108030779,"createdate":"19950728000000","modifieddate":"20150121134237"}},
{"type":"Feature","geometry":{"type":"Polygon","coordinates":[[[151.25121446949893,-33.89614676051031],[151.24079989192333,-33.894729791898826],[151.2423605593678,-33.897601616993406],[151.24161244773123,-33.90263076092347],[151.24275781535343,-33.90242482408085],[151.25286949581897,-33.90389441682995],[151.25364394118012,-33.9002032168361],[151.25121446949893,-33.89614676051031]]]},"properties":{"suburbname":"QUEENS PARK","postcode":2022,"state":2,"startdate":"20150624164151","enddate":"30000101000000","lastupdate":"20150624164208","msoid":1260,"centroidid":null,"shapeuuid":"44e6ca9e-d658-3bb8-a9b8-ecc3cf97c9d0","changetype":"M","processstate":null,"urbanity":"U","Shape__Length":0.04209251626050141,"Shape__Area":0.0000819830432495938,"OBJECTID":1165,"cadid":108030794,"createdate":"19950728000000","modifieddate":"20150624164054"}},
{"type":"Feature","geometry":{"type":"Polygon","coordinates":[[[151.1573521134965,-33.94687583665241],[151.1526681753181,-33.94479191982059],[151.14709118609997,-33.94508306053712],[151.13704399318775,-33.94359119799291],[151.1336636142031,-33.94354927104103],[151.1362136904504,-33.9470582245961],[151.1462641663113,-33.94928600602605],[151.15295634680558,-33.95040218154321],[151.1573521134965,-33.94687583665241]]]},"properties":{"suburbname":"BANKSIA","postcode":2216,"state":2,"startdate":"20151110132312","enddate":"30000101000000","lastupdate":"20151110132406","msoid":1261,"centroidid":null,"shapeuuid":"07fb5b83-d213-3e40-b806-f64318674a18","changetype":"M","processstate":null,"urbanity":"U","Shape__Length":0.06655671477893013,"Shape__Area":0.00009129868713969988,"OBJECTID":1166,"cadid":108030795,"createdate":"19950728000000","modifieddate":"20151110132046"}},
{"type":"Feature","geometry":{"type":"Polygon","coordinates":[[[151.05510298664473,-34.015203242346],[151.06014959616405,-34.01596232786134],[151.06179611932095,-34.012752464094234],[151.06089729652956,-34.00856480187764],[151.0562615763517,-34.00616936738781],[151.05427809959963,-34.00317081709769],[151.04968079258668,-34.00442364113928],[151.04617906535162,-34.00706453653006],[151.04592860399873,-34.010532922769904],[151.0481894532575,-34.01421587379641],[151.0505134245906,-34.01451171680668],[151.05130969007368,-34.016710395300436],[151.05510298664473,-34.015203242346]]]},"properties":{"suburbname":"BONNET BAY","postcode":2226,"state":2,"startdate":"20130720002250","enddate":"30000101000000","lastupdate":"20130720002250","msoid":1270,"centroidid":null,"shapeuuid":"c254d584-8e92-3fb2-8a4b-6f980c0ed2f0","changetype":"M","processstate":null,"urbanity":"U","Shape__Length":0.05285123845458123,"Shape__Area":0.00014352188983095216,"OBJECTID":1175,"cadid":108030804,"createdate":"19950728000000","modifieddate":"20120828101004"}},
{"type":"Feature","geometry":{"type":"Polygon","coordinates":[[[150.818883238972,-33.75632339181354],[150.8190507564534,-33.75320565587452],[150.82030732568958,-33.74739406061313],[150.82000456117456,-33.74337523928239],[150.8108439967314,-33.74296020968833],[150.81072766840578,-33.74555760105422],[150.8092924700464,-33.74790852329539],[150.8157953406755,-33.75377433646677],[150.818883238972,-33.75632339181354]]]},"properties":{"suburbname":"DHARRUK","postcode":2770,"state":2,"startdate":"20141211102308","enddate":"30000101000000","lastupdate":"20141211102323","msoid":1306,"centroidid":null,"shapeuuid":"7b95f162-4182-3d38-b6e6-1a2fc693c8af","changetype":"M","processstate":null,"urbanity":"U","Shape__Length":0.040616066800773044,"Shape__Area":0.0000915258685813164,"OBJECTID":1210,"cadid":108030840,"createdate":"19950728000000","modifieddate":"20141211102226"}},
{"type":"Feature","geometry":{"type":"Polygon","coordinates":[[[150.8157953406755,-33.75377433646677],[150.8092924700464,-33.74790852329539],[150.8067911828066,-33.749256630375974],[150.8019775329026,-33.75071217045222],[150.80139680163282,-33.74896420095728],[150.79989218880857,-33.752049304313196],[150.7921639520622,-33.75288935704748],[150.79167713174402,-33.75538087003006],[150.79387788651403,-33.75930640012508],[150.80100912794063,-33.76026053576158],[150.8010526277371,-33.761353745666554],[150.80756722511302,-33.762230748428145],[150.813805711451,-33.76351192254417],[150.8157953406755,-33.75377433646677]]]},"properties":{"suburbname":"WHALAN","postcode":2770,"state":2,"startdate":"20141211102308","enddate":"30000101000000","lastupdate":"20141211102323","msoid":1311,"centroidid":null,"shapeuuid":"639d9bf7-f198-3353-a76a-0c271ecea691","changetype":"M","processstate":null,"urbanity":"U","Shape__Length":0.07172294478234266,"Shape__Area":0.00023548790001586592,"OBJECTID":1215,"cadid":108030845,"createdate":"19950728000000","modifieddate":"20141211102226"}},
{"type":"Feature","geometry":{"type":"Polygon","coordinates":[[[151.2632901708177,-33.815359500883325],[151.26819116463707,-33.81266636326994],[151.2691843222046,-33.81110345186432],[151.2730764109477,-33.81256088343486],[151.2748602553287,-33.81069499663337],[151.27511811571839,-33.8081372900539],[151.26978528144832,-33.80239294772897],[151.25676158777483,-33.80046355056095],[151.25577186810008,-33.80575359707152],[151.25625172864608,-33.808177585961054],[151.25855184849556,-33.80849718673945],[151.26316472232753,-33.81064331035548],[151.2632901708177,-33.815359500883325]]]},"properties":{"suburbname":"BALGOWLAH HEIGHTS","postcode":2093,"state":2,"startdate":"20110124234331","enddate":"30000101000000","lastupdate":"20110124234331","msoid":1408,"centroidid":null,"shapeuuid":"6aa99654-c7c9-3e69-b619-aac3b27d28c8","changetype":"M","processstate":null,"urbanity":"U","Shape__Length":0.06703784853955719,"Shape__Area":0.0001620165321374592,"OBJECTID":1307,"cadid":108030942,"createdate":"19950728000000","modifieddate":"20110124234154"}},
{"type":"Feature","geometry":{"type":"Polygon","coordinates":[[[151.14445327557166,-33.83780824545117],[151.13942422762113,-33.836496155170124],[151.13664399485702,-33.83692009577181],[151.13527465176853,-33.834993727268824],[151.13342247591936,-33.83812211086778],[151.1357679415457,-33.839730784256254],[151.13918531610386,-33.83943358940495],[151.14445327557166,-33.83780824545117]]]},"properties":{"suburbname":"HUNTLEYS COVE","postcode":2111,"state":2,"startdate":"20120203043226","enddate":"30000101000000","lastupdate":"20120203043228","msoid":2302,"centroidid":null,"shapeuuid":"61491188-b76a-3d61-9735-3b241a7d1555","changetype":"M","processstate":null,"urbanity":"U","Shape__Length":0.02814761038209803,"Shape__Area":0.00002392776166311241,"OBJECTID":2125,"cadid":108031836,"createdate":"20020607103526","modifieddate":"20120203041629"}},
{"type":"Feature","geometry":{"type":"Polygon","coordinates":[[[151.20182215109398,-33.73697354493036],[151.19615632422546,-33.73694222366915],[151.19364769083302,-33.73477705450454],[151.19192390594776,-33.731015007951534],[151.18559057623952,-33.72983656996057],[151.18283988331487,-33.73211721476596],[151.18171908928534,-33.73487677448571],[151.18217699787272,-33.73692992047362],[151.1802785010857,-33.74054221887842],[151.18193031484083,-33.74271763661623],[151.1870055283116,-33.74436110368242],[151.18814372926795,-33.74363301259931],[151.19054781184875,-33.74732230971784],[151.19207135000082,-33.74809532428995],[151.19529822879085,-33.7469004191647],[151.19777445269034,-33.74696696376795],[151.19804981899165,-33.74914567194564],[151.20285858861527,-33.746991679773096],[151.20349459722524,-33.74586155792779],[151.19835236690454,-33.73999936952702],[151.20182215109398,-33.73697354493036]]]},"properties":{"suburbname":"DAVIDSON","postcode":2085,"state":2,"startdate":"20110604132256","enddate":"30000101000000","lastupdate":"20110604132258","msoid":2359,"centroidid":null,"shapeuuid":"e88e8c18-0dc5-3cee-91dc-5f3136c25a4c","changetype":"M","processstate":null,"urbanity":"U","Shape__Length":0.0897096229327431,"Shape__Area":0.00024745669831240525,"OBJECTID":2180,"cadid":108031893,"createdate":"19950728000000","modifieddate":"20110604073659"}},
{"type":"Feature","geometry":{"type":"Polygon","coordinates":[[[151.03966538837963,-33.88470290951493],[151.04198119435463,-33.87220543063097],[151.03592006554334,-33.87146774941573],[151.03617005407241,-33.86433265614697],[151.03177184469314,-33.86369213440427],[151.03118588926506,-33.8669107364397],[151.0269358739655,-33.86695390667293],[151.02512343534275,-33.87655633438614],[151.0278027258319,-33.87696019489387],[151.0283120502439,-33.8799057086866],[151.03660233669,-33.88104652190122],[151.03578004979593,-33.88506918331897],[151.03966538837963,-33.88470290951493]]]},"properties":{"suburbname":"BERALA","postcode":2141,"state":2,"startdate":"20120828171317","enddate":"30000101000000","lastupdate":"20120828171318","msoid":2361,"centroidid":null,"shapeuuid":"2dcc9f03-edae-3b61-b6c5-2d749486ec5d","changetype":"M","processstate":null,"urbanity":"U","Shape__Length":0.0873912917169828,"Shape__Area":0.0002016503880825361,"OBJECTID":2182,"cadid":108031895,"createdate":"19950728000000","modifieddate":"20120828171059"}},
{"type":"Feature","geometry":{"type":"Polygon","coordinates":[[[151.19610922055878,-33.75410455851807],[151.19205597497395,-33.75587940182884],[151.19153224564678,-33.75772221012911],[151.1952268750505,-33.760298683421055],[151.19917675009745,-33.76148265108844],[151.20020630382245,-33.76408522017485],[151.1992592705078,-33.76621840863465],[151.20448676483687,-33.77082805628851],[151.20429884468757,-33.772187737767176],[151.20530014563286,-33.76896344467204],[151.20418935302106,-33.76516907886054],[151.20678391807104,-33.76361015614667],[151.20840553555016,-33.76677157037075],[151.21276360663123,-33.76796625114596],[151.21315827115,-33.770108440679806],[151.2218527342298,-33.768922363599195],[151.22293242026637,-33.76363427138788],[151.22768922068155,-33.76429869180477],[151.22908449030442,-33.76133911386118],[151.22975690730857,-33.75910071643517],[151.2244181725401,-33.758129825697644],[151.22405928391302,-33.75992335803396],[151.2208548109568,-33.759019305097354],[151.22293288359984,-33.75334912354688],[151.21854678621247,-33.75241911601197],[151.21884116425375,-33.74998701589486],[151.21625315256944,-33.74943261605296],[151.2111521392187,-33.75187964192087],[151.20962097251007,-33.753890446054974],[151.20753819102939,-33.75422201462123],[151.20450541189572,-33.7529588800571],[151.19989383172305,-33.753221628121345],[151.19880959236633,-33.75438466161759],[151.19610922055878,-33.75410455851807]]]},"properties":{"suburbname":"FORESTVILLE","postcode":2087,"state":2,"startdate":"20141208093822","enddate":"30000101000000","lastupdate":"20141208093839","msoid":2389,"centroidid":null,"shapeuuid":"cca622ab-6e49-3582-b2d6-1a8e24afaef7","changetype":"M","processstate":null,"urbanity":"U","Shape__Length":0.1409969057171343,"Shape__Area":0.00043169442885430574,"OBJECTID":2210,"cadid":108031923,"createdate":"19950728000000","modifieddate":"20141208093745"}},
{"type":"Feature","geometry":{"type":"Polygon","coordinates":[[[151.21044222037648,-33.789516733928046],[151.21295578229453,-33.79049254031772],[151.21470743078626,-33.789700894654445],[151.21704476362268,-33.79168804888297],[151.2195582580068,-33.79031299953666],[151.22122913519274,-33.791985333878046],[151.22545391590538,-33.79333106010228],[151.22691871198018,-33.79112444769426],[151.23127501137552,-33.79148551325702],[151.2328973881714,-33.79002559488322],[151.23214439859657,-33.78716176919557],[151.23011104170556,-33.785140740421326],[151.2263005620268,-33.7860892482868],[151.22222386128064,-33.78630763002538],[151.2203745772409,-33.78522531723649],[151.217427610923,-33.78550601730959],[151.21329180708287,-33.78431946242955],[151.21175993399032,-33.781481739279485],[151.21139494777918,-33.77877000002003],[151.20720347169708,-33.778818341284016],[151.19658358138972,-33.782041367712516],[151.200666809827,-33.78485375524645],[151.2008798471647,-33.785315570996296],[151.20361137059848,-33.78683962833218],[151.20862811725493,-33.78786318797269],[151.21044222037648,-33.789516733928046]]]},"properties":{"suburbname":"CASTLE COVE","postcode":2069,"state":2,"startdate":"20150303122416","enddate":"30000101000000","lastupdate":"20150303122435","msoid":2390,"centroidid":null,"shapeuuid":"83c3e996-0636-3bd6-9ab0-9c4ea3e5aa83","changetype":"M","processstate":null,"urbanity":"U","Shape__Length":0.09761791740614086,"Shape__Area":0.00021774909292082885,"OBJECTID":2211,"cadid":108031924,"createdate":"19950728000000","modifieddate":"20150303122255"}},
{"type":"Feature","geometry":{"type":"Polygon","coordinates":[[[151.20824969742375,-33.79467960212196],[151.20625619720892,-33.79018730505711],[151.20300502477997,-33.79022595388209],[151.2025696148925,-33.791080958598656],[151.19511263266637,-33.79314200332524],[151.19384842564548,-33.79934728369364],[151.19439693579255,-33.79980819120129],[151.20288835712375,-33.801111024214464],[151.20100597229347,-33.796890538525226],[151.20824969742375,-33.79467960212196]]]},"properties":{"suburbname":"NORTH WILLOUGHBY","postcode":2068,"state":2,"startdate":"20120417151030","enddate":"30000101000000","lastupdate":"20120417151030","msoid":2391,"centroidid":null,"shapeuuid":"4f4b962f-16b6-3315-8b83-2b2b972babf2","changetype":"M","processstate":null,"urbanity":"U","Shape__Length":0.05122796005050076,"Shape__Area":0.00009091445610214496,"OBJECTID":2212,"cadid":108031925,"createdate":"19950728000000","modifieddate":"20120417150703"}},
{"type":"Feature","geometry":{"type":"Polygon","coordinates":[[[151.20919814795982,-33.94546242255201],[151.20445492093393,-33.939327992159555],[151.20018335442506,-33.937751225731276],[151.1969644245975,-33.937260342080236],[151.1931081063372,-33.93968881908067],[151.19259699486398,-33.9427062893001],[151.18829097197272,-33.94548444843391],[151.1907305046737,-33.9503701692072],[151.19417340272653,-33.95390779445583],[151.20463420290136,-33.9597051084703],[151.2075099819935,-33.960935263284725],[151.20804360455972,-33.958585485387346],[151.20605822063808,-33.95657150476081],[151.20892768577576,-33.95248860092454],[151.20952876125958,-33.94845964971395],[151.20919814795982,-33.94546242255201]]]},"properties":{"suburbname":"BOTANY","postcode":2019,"state":2,"startdate":"20141127103147","enddate":"30000101000000","lastupdate":"20141127103256","msoid":2399,"centroidid":null,"shapeuuid":"c39a1ad4-6b65-3b8a-ba52-331a5aadb863","changetype":"M","processstate":null,"urbanity":"U","Shape__Length":0.07946161472431751,"Shape__Area":0.00030926880309415885,"OBJECTID":2220,"cadid":108031933,"createdate":"19950728000000","modifieddate":"20141127102928"}},
{"type":"Feature","geometry":{"type":"Polygon","coordinates":[[[151.22603776194228,-33.97609970579822],[151.22426007118696,-33.97368487529134],[151.22503611591878,-33.966237821708795],[151.22035511788133,-33.963184600959515],[151.2206980755232,-33.96842719215107],[151.21013289082393,-33.97181488627149],[151.20717244169907,-33.98291924672652],[151.21235157888978,-33.98693112209037],[151.22420106369324,-33.97633039534651],[151.22552604074724,-33.97647223777457],[151.22603776194228,-33.97609970579822]]]},"properties":{"suburbname":"PORT BOTANY","postcode":2036,"state":2,"startdate":"20111213142548","enddate":"30000101000000","lastupdate":"20111213142549","msoid":2401,"centroidid":null,"shapeuuid":"9bc91af9-9917-3d5a-b68e-694b5a9de20f","changetype":"M","processstate":null,"urbanity":"R","Shape__Length":0.07056331569358859,"Shape__Area":0.0002192859604252266,"OBJECTID":2222,"cadid":108031935,"createdate":"19950728000000","modifieddate":"20111213101938"}},
{"type":"Feature","geometry":{"type":"Polygon","coordinates":[[[151.0860827413647,-33.97331841290233],[151.08261539371324,-33.97553832270964],[151.07866265068844,-33.97594294774201],[151.073733342423,-33.970319656336],[151.0691323987909,-33.97350149033696],[151.06726955596764,-33.97608297290456],[151.0636647808794,-33.97625874962908],[151.05941952759204,-33.97762060862905],[151.0587718586155,-33.97941639358973],[151.0534154216013,-33.98392865697176],[151.05367931113386,-33.98596250937817],[151.05792455182387,-33.9888094675334],[151.0598013829532,-33.98731091934152],[151.06367607814286,-33.98933782548184],[151.06674727825944,-33.98988606306528],[151.0690204200821,-33.99351868473333],[151.07329447492623,-33.99604473067868],[151.08220974654915,-33.994358991145965],[151.08708806310054,-33.994690874074784],[151.08500576384523,-33.988832224443456],[151.08966654829572,-33.984926613562706],[151.0876529905347,-33.98178156184079],[151.08841584195832,-33.9790580233007],[151.08778202346136,-33.97683418903703],[151.0860827413647,-33.97331841290233]]]},"properties":{"suburbname":"OATLEY","postcode":2223,"state":2,"startdate":"20111206100736","enddate":"30000101000000","lastupdate":"20111206100736","msoid":2406,"centroidid":null,"shapeuuid":"e37dc735-7433-3686-beee-b8f9e47bc36c","changetype":"M","processstate":null,"urbanity":"U","Shape__Length":0.10906233568838791,"Shape__Area":0.0005530496906298724,"OBJECTID":2227,"cadid":108031940,"createdate":"19950728000000","modifieddate":"20111206095702"}},
{"type":"Feature","geometry":{"type":"Polygon","coordinates":[[[151.23588262352456,-33.91898890342896],[151.23198080912456,-33.918326352230665],[151.23163714393374,-33.92002809461073],[151.22628749471716,-33.91929956567286],[151.22374221802497,-33.921054082817164],[151.220157991096,-33.920818637706766],[151.22091856328078,-33.91759016284594],[151.21706852250185,-33.917952584619336],[151.21524187999992,-33.92456596743835],[151.22162191387773,-33.925451646842085],[151.22799060892356,-33.924946684400396],[151.22986406707244,-33.93180647875213],[151.2303506900739,-33.9337250932106],[151.23776656958924,-33.934691096144874],[151.23787321605727,-33.93281771426856],[151.23932745559418,-33.92562119769804],[151.2344803558883,-33.92495593233076],[151.23588262352456,-33.91898890342896]]]},"properties":{"suburbname":"KINGSFORD","postcode":2032,"state":2,"startdate":"20110727090237","enddate":"30000101000000","lastupdate":"20110727090245","msoid":2415,"centroidid":null,"shapeuuid":"e6b62113-ee56-3559-9105-55bfddaa026b","changetype":"M","processstate":null,"urbanity":"U","Shape__Length":0.083647856134193,"Shape__Area":0.00019606853323450043,"OBJECTID":2236,"cadid":108031949,"createdate":"19950728000000","modifieddate":"20110727084524"}},
{"type":"Feature","geometry":{"type":"Polygon","coordinates":[[[150.90396146523165,-34.004460724175516],[150.90020576558595,-34.001928182977075],[150.89825828705114,-34.00304564961463],[150.89333162128875,-34.00243817247278],[150.88579066692324,-34.00246705275568],[150.88844812219264,-34.00542312664762],[150.89221465045725,-34.00493720780073],[150.89243776378626,-34.01049290954434],[150.89363429246288,-34.01328805571899],[150.89290105805,-34.018957259972034],[150.8979805447953,-34.020728993975276],[150.90495876595259,-34.01860349583244],[150.90639536753312,-34.017301226245],[150.90375248358535,-34.01587695205529],[150.90129437121382,-34.00877833894593],[150.9015037602361,-34.0067971482709],[150.90396146523165,-34.004460724175516]]]},"properties":{"suburbname":"LONG POINT","postcode":2564,"state":2,"startdate":"20120627114740","enddate":"30000101000000","lastupdate":"20120627114741","msoid":2442,"centroidid":null,"shapeuuid":"25721586-5a14-3659-9e75-b24abbc7b5de","changetype":"M","processstate":null,"urbanity":"U","Shape__Length":0.0754292362723332,"Shape__Area":0.0001866388975003915,"OBJECTID":2260,"cadid":108031976,"createdate":"19950728000000","modifieddate":"20120627113857"}},
{"type":"Feature","geometry":{"type":"Polygon","coordinates":[[[151.30861183636046,-33.70367402478902],[151.30193431368832,-33.702526753091554],[151.29786382451147,-33.70393682924966],[151.29633769656277,-33.7090671400861],[151.29639496141004,-33.710957664652625],[151.29387208324414,-33.71437761295372],[151.29278315137384,-33.71232536918407],[151.28089190757666,-33.70876894537426],[151.27495266321503,-33.71224977464166],[151.2718358524619,-33.7127274257062],[151.26979663381323,-33.71432093622576],[151.26979552225868,-33.71642899529774],[151.27209197202305,-33.71891901520818],[151.27251203738447,-33.72211444663065],[151.2741584785879,-33.72246354012726],[151.2757162664891,-33.72298331603496],[151.28718680770436,-33.72467155947271],[151.28745228116264,-33.723302745595994],[151.29421420586664,-33.72415783891419],[151.29841238520297,-33.72531712174574],[151.300293193884,-33.72492359889392],[151.300304795987,-33.71814886449887],[151.30256289467636,-33.71179628815082],[151.3058935316609,-33.70582499418389],[151.30861183636046,-33.70367402478902]]]},"properties":{"suburbname":"NARRABEEN","postcode":2101,"state":2,"startdate":"20110824093533","enddate":"30000101000000","lastupdate":"20110824093546","msoid":2564,"centroidid":null,"shapeuuid":"dff259f0-e9c1-3f80-a5ef-7a0c16d2b217","changetype":"M","processstate":null,"urbanity":"U","Shape__Length":0.1321977266316128,"Shape__Area":0.00044565298213670605,"OBJECTID":2375,"cadid":108032098,"createdate":"19950728000000","modifieddate":"20110823115846"}},
{"type":"Feature","geometry":{"type":"Polygon","coordinates":[[[151.29948860769773,-33.76706059202336],[151.29750430503367,-33.764670908633896],[151.28878649294688,-33.76714265744244],[151.28450316953771,-33.765547090364],[151.28201875132723,-33.7667118862048],[151.2790734897688,-33.76691748359486],[151.27875778913076,-33.76843355399094],[151.27863602820307,-33.769248362717676],[151.2875828039307,-33.77039914000631],[151.2906206488998,-33.77374914270502],[151.29022620051913,-33.77516852854339],[151.29387419224363,-33.77584120370519],[151.2934449010576,-33.77289405414252],[151.29667949226197,-33.76909190147086],[151.29948860769773,-33.76706059202336]]]},"properties":{"suburbname":"CURL CURL","postcode":2096,"state":2,"startdate":"20151014133421","enddate":"30000101000000","lastupdate":"20151014133441","msoid":2566,"centroidid":null,"shapeuuid":"691e7efb-1f34-3b8b-a9fd-302e5394f80b","changetype":"M","processstate":null,"urbanity":"U","Shape__Length":0.06567187330377675,"Shape__Area":0.00009903339466601964,"OBJECTID":2377,"cadid":108032100,"createdate":"19950728000000","modifieddate":"20151014133331"}},
{"type":"Feature","geometry":{"type":"Polygon","coordinates":[[[150.93783550397515,-33.72035453769885],[150.93091932912407,-33.70674712385114],[150.93032803035507,-33.704193714173186],[150.9263885092824,-33.70366120978209],[150.9236139905147,-33.705165667044774],[150.92292078028794,-33.70797801453996],[150.92134579331176,-33.70948101207414],[150.91995439757667,-33.71644491117599],[150.91759796582042,-33.71613039255539],[150.91671037746355,-33.71999026799685],[150.91908874801706,-33.72032166007874],[150.91829661050866,-33.72379534228983],[150.92007207780878,-33.72371864514797],[150.92503577549198,-33.72733358072872],[150.92711146143927,-33.726080313509485],[150.93221796155828,-33.72148024092372],[150.93783550397515,-33.72035453769885]]]},"properties":{"suburbname":"STANHOPE GARDENS","postcode":2768,"state":2,"startdate":"20150305073341","enddate":"30000101000000","lastupdate":"20150305073419","msoid":3429,"centroidid":null,"shapeuuid":"270a5cbe-214a-3641-bde4-2e5f6212815b","changetype":"M","processstate":null,"urbanity":"U","Shape__Length":0.07298019182307708,"Shape__Area":0.00027653914628573094,"OBJECTID":3149,"cadid":108032963,"createdate":"19961029120534","modifieddate":"20150305073242"}},
{"type":"Feature","geometry":{"type":"Polygon","coordinates":[[[151.22482263556168,-33.83927140819606],[151.22675343894784,-33.84397184990242],[151.22877555997255,-33.846222023678855],[151.2312013975132,-33.84598095576079],[151.22991739500486,-33.84269623731597],[151.2302404572895,-33.840620923447155],[151.22904269558165,-33.83783275743788],[151.22854335149069,-33.83672255748386],[151.2270961827762,-33.83631249916018],[151.2240928119188,-33.83769440755913],[151.22482263556168,-33.83927140819606]]]},"properties":{"suburbname":"CREMORNE POINT","postcode":2090,"state":2,"startdate":"20130211165319","enddate":"30000101000000","lastupdate":"20130212104753","msoid":3434,"centroidid":null,"shapeuuid":"df7e0df9-a73c-3e04-a5e1-b754967b8c94","changetype":"M","processstate":null,"urbanity":"U","Shape__Length":0.03632100817419825,"Shape__Area":0.00004056196576403961,"OBJECTID":3154,"cadid":108032968,"createdate":"19961224081158","modifieddate":"20130211165159"}},
{"type":"Feature","geometry":{"type":"Polygon","coordinates":[[[151.19221287710363,-33.758679211995975],[151.18933686947068,-33.75894138440644],[151.18831072263362,-33.76031976259584],[151.1843774665629,-33.75985108125036],[151.18400878201072,-33.762385213351784],[151.1806086096617,-33.76536757929885],[151.17918415044304,-33.765566419757434],[151.17791560842855,-33.76815254289329],[151.17784557964552,-33.76949043718873],[151.1823306680186,-33.775181412066175],[151.18342644442043,-33.77566982360859],[151.19031133716294,-33.77355422248965],[151.19296859814096,-33.77330044316034],[151.19446702481943,-33.76775739973755],[151.1984961217513,-33.768056730736575],[151.19829309311672,-33.76217761583544],[151.19304040255847,-33.76009506181267],[151.19221287710363,-33.758679211995975]]]},"properties":{"suburbname":"EAST LINDFIELD","postcode":2070,"state":2,"startdate":"20130115192446","enddate":"30000101000000","lastupdate":"20130116114140","msoid":3527,"centroidid":null,"shapeuuid":"5c7a920c-2d46-3984-85b0-6b4dd56ec73d","changetype":"M","processstate":null,"urbanity":"U","Shape__Length":0.07372137246162729,"Shape__Area":0.0002269841648997128,"OBJECTID":3242,"cadid":108033061,"createdate":"19950728000000","modifieddate":"20130115192317"}},
{"type":"Feature","geometry":{"type":"Polygon","coordinates":[[[151.16814271016193,-33.821144769375366],[151.16313760820844,-33.81856959504039],[151.15610413853682,-33.81955954272418],[151.15225437504137,-33.82170169763829],[151.15215452975227,-33.82354038125948],[151.1542641869068,-33.8263972411321],[151.1537459179897,-33.82826920393225],[151.15568652394302,-33.82976511313323],[151.15861921629943,-33.83037132678687],[151.16176619971685,-33.82811498481134],[151.16418783368476,-33.82842099620233],[151.16687803968526,-33.82631935920376],[151.16851069740363,-33.823436080686044],[151.16814271016193,-33.821144769375366]]]},"properties":{"suburbname":"RIVERVIEW","postcode":2066,"state":2,"startdate":"20120723152917","enddate":"30000101000000","lastupdate":"20120723152919","msoid":3530,"centroidid":null,"shapeuuid":"559f52cb-48c2-360d-acba-4578f8619b92","changetype":"M","processstate":null,"urbanity":"U","Shape__Length":0.05339345584392198,"Shape__Area":0.00013414211023644073,"OBJECTID":3245,"cadid":108033064,"createdate":"19950728000000","modifieddate":"20120720224536"}},
{"type":"Feature","geometry":{"type":"Polygon","coordinates":[[[151.19272595241443,-33.85966246188591],[151.19656877459445,-33.85913833977636],[151.1938590632415,-33.854456090507846],[151.18875429966317,-33.85673924831221],[151.19188926199854,-33.85814475896388],[151.19272595241443,-33.85966246188591]]]},"properties":{"suburbname":"BALMAIN EAST","postcode":2041,"state":2,"startdate":"20141014152443","enddate":"30000101000000","lastupdate":"20141014152528","msoid":3531,"centroidid":null,"shapeuuid":"ee87fda8-819f-39d5-986c-1a5b20035cef","changetype":"M","processstate":null,"urbanity":"U","Shape__Length":0.02499778412012694,"Shape__Area":0.00002577647780910121,"OBJECTID":3246,"cadid":108033065,"createdate":"19950728000000","modifieddate":"20141014152300"}},
{"type":"Feature","geometry":{"type":"Polygon","coordinates":[[[151.10051700973364,-33.802072944088366],[151.10397502919892,-33.799578597694904],[151.10225764287702,-33.795390347920524],[151.1003047880487,-33.793978053073225],[151.09242145079028,-33.79125997757463],[151.09017510685982,-33.79288684684995],[151.09367396712418,-33.796870441000706],[151.09890942044976,-33.79923614145683],[151.10051700973364,-33.802072944088366]]]},"properties":{"suburbname":"DENISTONE EAST","postcode":2112,"state":2,"startdate":"20061110042303","enddate":"30000101000000","lastupdate":"20061110043248","msoid":3539,"centroidid":null,"shapeuuid":"7db359e4-0b04-3efe-9dbb-cdd1237313e5","changetype":"M","processstate":null,"urbanity":"U","Shape__Length":0.038667905014651796,"Shape__Area":0.00006772602900358782,"OBJECTID":3252,"cadid":108033073,"createdate":"19950728000000","modifieddate":"20061109174138"}},
{"type":"Feature","geometry":{"type":"Polygon","coordinates":[[[151.19417340272653,-33.95390779445583],[151.19215281530313,-33.957479737045006],[151.19605382325227,-33.97247439015457],[151.1949034048471,-33.97423360383339],[151.19275406033034,-33.97437431288953],[151.19083151417863,-33.9726795443576],[151.1896421938546,-33.966405048605814],[151.18615773573237,-33.95300659977465],[151.18496002648683,-33.95166278503908],[151.18233888540558,-33.95213606167658],[151.1811634960539,-33.9551911553461],[151.18272022339997,-33.96061299107567],[151.1864333487441,-33.96188733782228],[151.1869478457847,-33.964418856343926],[151.18511403156944,-33.96688019815373],[151.18202874610654,-33.96759177017102],[151.1790971855698,-33.966489360333],[151.17815530626302,-33.965112551518345],[151.17344626342674,-33.947129694361806],[151.17234589151545,-33.946593883590054],[151.1672082437828,-33.94890752394417],[151.16321398053003,-33.9520027039713],[151.1580612531832,-33.958419782975646],[151.15430109114718,-33.966873623933495],[151.15132659712418,-33.97373675353356],[151.1499844777393,-33.97911787127774],[151.14846129174902,-33.982686162530484],[151.14795019182986,-33.98620655160304],[151.14856186326605,-33.99257236561017],[151.148887563516,-33.994206211719515],[151.14679699124113,-33.995780850037605],[151.14352779329155,-33.99676317228063],[151.14113845039017,-33.998366174498315],[151.13960522974077,-34.0029009678702],[151.13622459505348,-34.00347217518905],[151.1350826865885,-34.009802653727014],[151.13611612964604,-34.009986238944606],[151.14141872555808,-34.009328031338306],[151.14589629335893,-34.00717881676478],[151.15022154228046,-34.0030608361779],[151.15353904086118,-34.000665522016014],[151.16498994988382,-34.0007488292243],[151.222069590244,-34.00152736835993],[151.22375072682945,-34.00167423791428],[151.22833436296278,-34.0040412779543],[151.23038323283305,-34.00744159215684],[151.2299795952918,-34.00986808738474],[151.2321694324898,-34.016151928761516],[151.24850189675018,-34.00137240316612],[151.24808305562243,-33.998139138539244],[151.24509177708026,-33.9973933485401],[151.24259240431547,-33.999949824134426],[151.24117937015163,-33.99836289214968],[151.2377187828215,-33.997796265557184],[151.2385219028545,-33.995585666817185],[151.23724857018175,-33.993116361629944],[151.23849365356037,-33.991666648505976],[151.23578889907876,-33.98932895389103],[151.23210957871427,-33.990613712459385],[151.22925059923546,-33.98845043560755],[151.23133526078445,-33.98746360775432],[151.2306164407255,-33.983560885411634],[151.22820988561787,-33.9820933545451],[151.22859828462452,-33.97836737057221],[151.22552604074724,-33.97647223777457],[151.22420106369324,-33.97633039534651],[151.21235157888978,-33.98693112209037],[151.20717244169907,-33.98291924672652],[151.21013289082393,-33.97181488627149],[151.2206980755232,-33.96842719215107],[151.21839876736362,-33.9671848486694],[151.20792733777512,-33.969824355472795],[151.2065797829832,-33.96589889866491],[151.21410171849683,-33.96396250713269],[151.2142616941617,-33.962005207584205],[151.2075099819935,-33.960935263284725],[151.20463420290136,-33.9597051084703],[151.19417340272653,-33.95390779445583]]]},"properties":{"suburbname":"BOTANY BAY","postcode":null,"state":2,"startdate":"20130703150837","enddate":"30000101000000","lastupdate":"20130703150955","msoid":3555,"centroidid":null,"shapeuuid":"9ddd59c5-cd1c-3bb6-9a71-cf3e5eba53c2","changetype":"M","processstate":null,"urbanity":"R","Shape__Length":0.4732930903134231,"Shape__Area":0.003363485592708342,"OBJECTID":3267,"cadid":108033089,"createdate":"19950728000000","modifieddate":"20130703150804"}},
{"type":"Feature","geometry":{"type":"Polygon","coordinates":[[[151.21425533992755,-33.92437792973919],[151.2111152667746,-33.920491786112294],[151.21284499096103,-33.91221604944732],[151.20785134872946,-33.91091502735453],[151.20238195085213,-33.910158431630464],[151.2008671659749,-33.914616545266426],[151.19942975023204,-33.91856230779469],[151.19649552159595,-33.92146393497382],[151.1955136561745,-33.92552472438318],[151.20617774387955,-33.926924849675856],[151.20719875906158,-33.922972129932866],[151.21425533992755,-33.92437792973919]]]},"properties":{"suburbname":"ROSEBERY","postcode":2018,"state":2,"startdate":"20150106143958","enddate":"30000101000000","lastupdate":"20150106144022","msoid":3557,"centroidid":null,"shapeuuid":"79d6d204-6eba-345e-bd9e-ad0aa8ecd687","changetype":"M","processstate":null,"urbanity":"U","Shape__Length":0.06392596530919592,"Shape__Area":0.00018647379709302566,"OBJECTID":3269,"cadid":108033091,"createdate":"19950728000000","modifieddate":"20150106143834"}},
{"type":"Feature","geometry":{"type":"Polygon","coordinates":[[[151.23543489135827,-33.984261858388415],[151.2317516651636,-33.98225713181519],[151.22820988561787,-33.9820933545451],[151.2306164407255,-33.983560885411634],[151.23133526078445,-33.98746360775432],[151.22925059923546,-33.98845043560755],[151.23210957871427,-33.990613712459385],[151.23578889907876,-33.98932895389103],[151.23849365356037,-33.991666648505976],[151.23724857018175,-33.993116361629944],[151.2385219028545,-33.995585666817185],[151.2377187828215,-33.997796265557184],[151.24117937015163,-33.99836289214968],[151.24259240431547,-33.999949824134426],[151.24509177708026,-33.9973933485401],[151.24808305562243,-33.998139138539244],[151.24850189675018,-34.00137240316612],[151.24942023420604,-33.99843742208126],[151.25290406598626,-33.99245398735038],[151.24943858176982,-33.991976280184566],[151.24626026518143,-33.99056603039383],[151.24275553613296,-33.9881427813999],[151.2394676012705,-33.988694090583884],[151.2355437159024,-33.98643680629139],[151.23543489135827,-33.984261858388415]]]},"properties":{"suburbname":"LA PEROUSE","postcode":2036,"state":2,"startdate":"20130718135523","enddate":"30000101000000","lastupdate":"20130718135648","msoid":3571,"centroidid":null,"shapeuuid":"75ea2383-0086-3139-be76-7a843024521d","changetype":"M","processstate":null,"urbanity":"U","Shape__Length":0.09308621452939436,"Shape__Area":0.0001643971810065539,"OBJECTID":3283,"cadid":108033105,"createdate":"19950728000000","modifieddate":"20130718135349"}},
{"type":"Feature","geometry":{"type":"Polygon","coordinates":[[[151.26154849758882,-33.9363109965432],[151.26221666126852,-33.93303408921658],[151.26008192340217,-33.93077507732918],[151.2604735716603,-33.92849270634458],[151.24669810096816,-33.92662491780467],[151.24598645355258,-33.92797221374475],[151.25017608700634,-33.92906124651143],[151.25112619967143,-33.93111038571498],[151.2482037844478,-33.934228550936986],[151.24789355805518,-33.936764776337434],[151.25761576882664,-33.937823815469436],[151.25782638045396,-33.935773591753346],[151.26154849758882,-33.9363109965432]]]},"properties":{"suburbname":"SOUTH COOGEE","postcode":2034,"state":2,"startdate":"20130720002250","enddate":"30000101000000","lastupdate":"20130720002250","msoid":3573,"centroidid":null,"shapeuuid":"90ac434b-2bfa-3fab-b4ce-ea4c4de9e4c3","changetype":"M","processstate":null,"urbanity":"U","Shape__Length":0.055009848530098805,"Shape__Area":0.00011321453474129724,"OBJECTID":3285,"cadid":108033107,"createdate":"19950728000000","modifieddate":"20101025160025"}},
{"type":"Feature","geometry":{"type":"Polygon","coordinates":[[[151.1893032144241,-33.894052473379055],[151.19660636047462,-33.891760180836954],[151.19882982281314,-33.8886107183897],[151.1931759971042,-33.88767036104126],[151.18835438932584,-33.891376053529626],[151.1893032144241,-33.894052473379055]]]},"properties":{"suburbname":"DARLINGTON","postcode":2008,"state":2,"startdate":"20130720002250","enddate":"30000101000000","lastupdate":"20130720002250","msoid":3577,"centroidid":null,"shapeuuid":"6873f72c-b542-39de-b474-2752e96aec67","changetype":"M","processstate":null,"urbanity":"U","Shape__Length":0.028994353157165035,"Shape__Area":0.000037383076028934184,"OBJECTID":3289,"cadid":108033111,"createdate":"19950728000000","modifieddate":"20111222142615"}},
{"type":"Feature","geometry":{"type":"Polygon","coordinates":[[[151.21429273452333,-33.90382399717264],[151.20728425225687,-33.90308221734771],[151.2028433072706,-33.90549823084412],[151.20283273015653,-33.90871184521431],[151.20238195085213,-33.910158431630464],[151.20785134872946,-33.91091502735453],[151.21284499096103,-33.91221604944732],[151.21429273452333,-33.90382399717264]]]},"properties":{"suburbname":"ZETLAND","postcode":2017,"state":2,"startdate":"20150713142720","enddate":"30000101000000","lastupdate":"20150713142809","msoid":3579,"centroidid":null,"shapeuuid":"d77aef4e-8261-3d3d-82fa-a952eeeec4e4","changetype":"M","processstate":null,"urbanity":"U","Shape__Length":0.03638678205024279,"Shape__Area":0.00007864925999352021,"OBJECTID":3291,"cadid":108033113,"createdate":"19950728000000","modifieddate":"20150713142602"}},
{"type":"Feature","geometry":{"type":"Polygon","coordinates":[[[151.03372351216768,-34.058086586972145],[151.0391524260206,-34.05596141167211],[151.0388550928811,-34.05266397564708],[151.03765027762202,-34.05170052511982],[151.03624928531147,-34.046712806022555],[151.03297928589686,-34.04792768412323],[151.03197102338362,-34.05133751337914],[151.0304884724122,-34.05235619595528],[151.0274723795452,-34.051754573595574],[151.0243856252519,-34.05468040853151],[151.02457652705678,-34.0569828348922],[151.02193380537335,-34.05800775363366],[151.01980993997608,-34.060370814355096],[151.02238809576133,-34.06092994193997],[151.02587729511572,-34.059414586768355],[151.03372351216768,-34.058086586972145]]]},"properties":{"suburbname":"YARRAWARRAH","postcode":2233,"state":2,"startdate":"20111015223214","enddate":"30000101000000","lastupdate":"20111015223217","msoid":3589,"centroidid":null,"shapeuuid":"aedc4cf7-29a6-3f17-b7c6-66432b5d86d9","changetype":"M","processstate":null,"urbanity":"U","Shape__Length":0.07576756399157247,"Shape__Area":0.00011817099287720661,"OBJECTID":3300,"cadid":108033123,"createdate":"19950728000000","modifieddate":"20111015222033"}},
{"type":"Feature","geometry":{"type":"Polygon","coordinates":[[[151.28187924867538,-33.89131660639708],[151.28297378919683,-33.889776109540975],[151.27599016543584,-33.885481565928494],[151.2678779877462,-33.88505318849117],[151.26779731109556,-33.88514849354673],[151.26569552623297,-33.88719129614958],[151.262812098573,-33.88794599375584],[151.26334140078046,-33.88941398743776],[151.27488881175256,-33.89687117755895],[151.2749447999718,-33.89322094806338],[151.27861032612614,-33.891308577303604],[151.28187924867538,-33.89131660639708]]]},"properties":{"suburbname":"BONDI BEACH","postcode":2026,"state":2,"startdate":"20141210140217","enddate":"30000101000000","lastupdate":"20141210140228","msoid":3591,"centroidid":null,"shapeuuid":"24ea0757-cde9-33cb-a875-011b630fad0a","changetype":"M","processstate":null,"urbanity":"U","Shape__Length":0.05770683670146492,"Shape__Area":0.00011789737921290389,"OBJECTID":3302,"cadid":108033125,"createdate":"19950728000000","modifieddate":"20141210140133"}},
{"type":"Feature","geometry":{"type":"Polygon","coordinates":[[[150.8850573922347,-33.764789911653516],[150.8873739029324,-33.75218625223957],[150.879885814226,-33.74730521279601],[150.87756194379216,-33.74573763260693],[150.87405943632916,-33.76353967359151],[150.87907712046908,-33.763800090435],[150.8850573922347,-33.764789911653516]]]},"properties":{"suburbname":"WOODCROFT","postcode":2767,"state":2,"startdate":"20090906150954","enddate":"30000101000000","lastupdate":"20090906150957","msoid":4585,"centroidid":null,"shapeuuid":"198c4f0e-d5f3-3631-aa43-2b08a185098a","changetype":"M","processstate":null,"urbanity":"U","Shape__Length":0.05489559507541351,"Shape__Area":0.00016759067193776488,"OBJECTID":4212,"cadid":108034119,"createdate":"19961029120636","modifieddate":"20090905000943"}},
{"type":"Feature","geometry":{"type":"Polygon","coordinates":[[[150.85557256417474,-33.90024150072479],[150.85133425249265,-33.89906749357615],[150.84992051796922,-33.89503153111027],[150.84434725517318,-33.89476167781818],[150.8417797732066,-33.89525101201101],[150.8409329273517,-33.89928055316452],[150.8443405683155,-33.901655791822414],[150.84628776839153,-33.904568914884024],[150.84701729778092,-33.906821056072886],[150.85223114425165,-33.90578912666955],[150.8550615909952,-33.9058927342131],[150.85557256417474,-33.90024150072479]]]},"properties":{"suburbname":"ELIZABETH HILLS","postcode":2171,"state":2,"startdate":"20141215093311","enddate":"30000101000000","lastupdate":"20141215093836","msoid":5935,"centroidid":null,"shapeuuid":"b311e97c-4325-3964-bb61-30bd222590c4","changetype":"M","processstate":null,"urbanity":"U","Shape__Length":0.04628373780117299,"Shape__Area":0.00011085485855990681,"OBJECTID":4365,"cadid":163493250,"createdate":"20091221145239","modifieddate":"20141215092239"}},
{"type":"Feature","geometry":{"type":"Polygon","coordinates":[[[150.96255456709167,-33.82854884641987],[150.9694768569837,-33.82892503078011],[150.9694051649528,-33.8247743727908],[150.97216758784487,-33.8238628625122],[150.97616171907237,-33.824577297598694],[150.97673694620104,-33.82214556221675],[150.9806169637375,-33.822819415097335],[150.98178542240447,-33.817913702284535],[150.9808027504708,-33.81713939155689],[150.9723322178366,-33.81620835503833],[150.9645723973106,-33.814449537139005],[150.96242111315482,-33.8177735198485],[150.96255456709167,-33.82854884641987]]]},"properties":{"suburbname":"SOUTH WENTWORTHVILLE","postcode":2145,"state":2,"startdate":"20150220161355","enddate":"30000101000000","lastupdate":"20150220163148","msoid":5951,"centroidid":null,"shapeuuid":"18b8d842-cd76-33af-a5bb-aa0b95e20b14","changetype":"M","processstate":null,"urbanity":"U","Shape__Length":0.06279146396228974,"Shape__Area":0.0001785065458073837,"OBJECTID":4383,"cadid":164219745,"createdate":"20100611132837","modifieddate":"20150220161335"}},
{"type":"Feature","geometry":{"type":"Polygon","coordinates":[[[151.28718680770436,-33.72467155947271],[151.2757162664891,-33.72298331603496],[151.2741584785879,-33.72246354012726],[151.2740063950347,-33.72447074887804],[151.2764856605843,-33.72817454811182],[151.27577558486024,-33.73073397165795],[151.2779286019034,-33.733849368532724],[151.2822917866282,-33.73237411902611],[151.28593809913122,-33.73102788523792],[151.28718680770436,-33.72467155947271]]]},"properties":{"suburbname":"WHEELER HEIGHTS","postcode":2097,"state":2,"startdate":"20110716132058","enddate":"30000101000000","lastupdate":"20110716132058","msoid":5967,"centroidid":null,"shapeuuid":"a9d8de5b-1858-34af-92f0-87f51d8cd3da","changetype":"M","processstate":null,"urbanity":"U","Shape__Length":0.050814039377633284,"Shape__Area":0.00009416593976924414,"OBJECTID":4394,"cadid":165414837,"createdate":"20110219171214","modifieddate":"20110716131803"}},
{"type":"Feature","geometry":{"type":"Polygon","coordinates":[[[151.05941952759204,-33.97762060862905],[151.05760254905525,-33.97503779278748],[151.05618189057054,-33.97481859447065],[151.059623491785,-33.9698687463067],[151.05988151383661,-33.96846702448739],[151.0548006719875,-33.96770275107129],[151.05421109173992,-33.97057010661176],[151.05135342480884,-33.97131816563831],[151.05157072912834,-33.97591391395048],[151.05004108834783,-33.98045742302556],[151.0534154216013,-33.98392865697176],[151.0587718586155,-33.97941639358973],[151.05941952759204,-33.97762060862905]]]},"properties":{"suburbname":"PEAKHURST HEIGHTS","postcode":2210,"state":2,"startdate":"20160418134723","enddate":"30000101000000","lastupdate":"20160418135753","msoid":93,"centroidid":null,"shapeuuid":"5d651a69-f30e-3966-b664-b0dea6b92bf9","changetype":"M","processstate":null,"urbanity":"U","Shape__Length":0.04792773482646558,"Shape__Area":0.000096139346520021,"OBJECTID":4687,"cadid":108029627,"createdate":"19950728000000","modifieddate":"20160418134641"}},
{"type":"Feature","geometry":{"type":"Polygon","coordinates":[[[151.21063924689014,-33.843598710443196],[151.20937354985531,-33.84622829496714],[151.20973154235767,-33.848490250031865],[151.212058774664,-33.85062181146435],[151.21378003740645,-33.84962998473726],[151.2116966012116,-33.84372535288303],[151.21063924689014,-33.843598710443196]]]},"properties":{"suburbname":"MILSONS POINT","postcode":2061,"state":2,"startdate":"20160516160924","enddate":"30000101000000","lastupdate":"20160516161004","msoid":3534,"centroidid":null,"shapeuuid":"95e7627d-d0a8-34c0-b424-744d5e151405","changetype":"M","processstate":null,"urbanity":"U","Shape__Length":0.02465240070707734,"Shape__Area":0.000018746729858901702,"OBJECTID":4949,"cadid":108033068,"createdate":"19950728000000","modifieddate":"20160516160830"}},
{"type":"Feature","geometry":{"type":"Polygon","coordinates":[[[150.96689342149708,-33.78116196276678],[150.9646635647845,-33.77989838355774],[150.96083054345192,-33.779250017079384],[150.95593513158155,-33.78053962859318],[150.95154634391056,-33.77740356608278],[150.9465847028832,-33.781350977466744],[150.9440961943446,-33.78235721624486],[150.94329334184368,-33.78705060784531],[150.9305375949671,-33.795440756823545],[150.9268440332107,-33.795860530059535],[150.92587347053615,-33.796972898519456],[150.9282235000211,-33.80302082640468],[150.9307515951204,-33.80563038118305],[150.93384283814905,-33.807214794985356],[150.9348959686082,-33.80618915348807],[150.93766658021434,-33.80064630275086],[150.93894960293648,-33.794388460374336],[150.94246159680688,-33.792126320330944],[150.9454996018345,-33.79265412020862],[150.95185570610144,-33.79029531214993],[150.95255284800322,-33.79555639778049],[150.9591079841901,-33.79641163713195],[150.9599726921296,-33.7948338695382],[150.96312068058765,-33.79525355195956],[150.96388446672663,-33.795353932544465],[150.96559388360006,-33.78637082467127],[150.96689342149708,-33.78116196276678]]]},"properties":{"suburbname":"TOONGABBIE","postcode":2146,"state":2,"startdate":"20160504110113","enddate":"30000101000000","lastupdate":"20160505113136","msoid":3623,"centroidid":null,"shapeuuid":"f7ac1b74-54dc-3e6d-b12f-72d05a0e223b","changetype":"M","processstate":null,"urbanity":"U","Shape__Length":0.14050788779306353,"Shape__Area":0.00045960115283260315,"OBJECTID":4959,"cadid":108033157,"createdate":"19950728000000","modifieddate":"20160504110042"}},
{"type":"Feature","geometry":{"type":"Polygon","coordinates":[[[151.21063924689014,-33.843598710443196],[151.2091672558321,-33.84196884931416],[151.2063453784253,-33.84119071370141],[151.2056669838626,-33.84273204804189],[151.20457376983342,-33.84538685812748],[151.20626819202315,-33.84625229378322],[151.20937354985531,-33.84622829496714],[151.21063924689014,-33.843598710443196]]]},"properties":{"suburbname":"LAVENDER BAY","postcode":2060,"state":2,"startdate":"20160516160924","enddate":"30000101000000","lastupdate":"20160516161004","msoid":4590,"centroidid":null,"shapeuuid":"925040e9-ffbe-3c2d-94cb-ab13062b7de9","changetype":"M","processstate":null,"urbanity":"U","Shape__Length":0.02869506419400045,"Shape__Area":0.000016096311402566486,"OBJECTID":5017,"cadid":108034124,"createdate":"19961224081353","modifieddate":"20160516160830"}},
{"type":"Feature","geometry":{"type":"Polygon","coordinates":[[[151.23003498451666,-33.87296924356045],[151.2285074491664,-33.87225990946176],[151.22683681849213,-33.87482170585259],[151.22517737874446,-33.874026516651334],[151.2244434083658,-33.87597277600779],[151.22954979058173,-33.87676652048814],[151.2293780417128,-33.87620659690808],[151.2306194052064,-33.874045864261596],[151.23003498451666,-33.87296924356045]]]},"properties":{"suburbname":"RUSHCUTTERS BAY","postcode":2011,"state":2,"startdate":"20160713110820","enddate":"30000101000000","lastupdate":"20160713110836","msoid":73,"centroidid":null,"shapeuuid":"3198388c-4dbe-3173-9af4-f4b23a916ae8","changetype":"M","processstate":null,"urbanity":"U","Shape__Length":0.020317551631996125,"Shape__Area":0.000014929013098416058,"OBJECTID":5415,"cadid":108029607,"createdate":"19950728000000","modifieddate":"20160713110753"}},
{"type":"Feature","geometry":{"type":"Polygon","coordinates":[[[151.22954979058173,-33.87676652048814],[151.2244434083658,-33.87597277600779],[151.22138883056735,-33.875081078789265],[151.2141619298125,-33.873951440899255],[151.2126753099386,-33.873717006840224],[151.2121191188225,-33.87684404917822],[151.21424766501102,-33.87844285401154],[151.21487122498849,-33.88083613866911],[151.21706746760967,-33.88114831391884],[151.21819092550635,-33.88509022782011],[151.21912365387183,-33.88174846147206],[151.22138005638058,-33.881359529943744],[151.2235409377639,-33.87954977685687],[151.2277633806004,-33.8791036875633],[151.22954979058173,-33.87676652048814]]]},"properties":{"suburbname":"DARLINGHURST","postcode":2010,"state":2,"startdate":"20160713110820","enddate":"30000101000000","lastupdate":"20160713110836","msoid":2421,"centroidid":null,"shapeuuid":"334fdc60-b6fd-3c6c-8c68-3b4207c81da6","changetype":"M","processstate":null,"urbanity":"U","Shape__Length":0.04923469840006845,"Shape__Area":0.00008438081334333248,"OBJECTID":5417,"cadid":108031955,"createdate":"19950728000000","modifieddate":"20160713110753"}},
{"type":"Feature","geometry":{"type":"Polygon","coordinates":[[[150.94254040374489,-33.75842576980545],[150.93905413052832,-33.75620453964622],[150.9321044363934,-33.75398136574109],[150.92777857967633,-33.753033884470476],[150.9268728551522,-33.755480108174034],[150.92199743328948,-33.754643001938774],[150.92007517971973,-33.757617524107914],[150.9206061957358,-33.76155638651302],[150.91960431801428,-33.76698054418752],[150.92394086907075,-33.766922179091154],[150.93382235244593,-33.76826307538827],[150.9352295447241,-33.76579277431045],[150.94216680995424,-33.766825553185605],[150.94254040374489,-33.75842576980545]]]},"properties":{"suburbname":"LALOR PARK","postcode":2147,"state":2,"startdate":"20160803104523","enddate":"30000101000000","lastupdate":"20160803104531","msoid":2465,"centroidid":null,"shapeuuid":"3ff98243-1c55-3e24-9b97-e0b598690811","changetype":"M","processstate":null,"urbanity":"U","Shape__Length":0.08100702484074039,"Shape__Area":0.0002590445625521595,"OBJECTID":5575,"cadid":108031999,"createdate":"19950728000000","modifieddate":"20160803104507"}},
{"type":"Feature","geometry":{"type":"Polygon","coordinates":[[[151.25676158777483,-33.80046355056095],[151.25328000979056,-33.79959266577079],[151.25235639482182,-33.797932931026985],[151.25029187887176,-33.80020691716756],[151.24982069039052,-33.802779151742996],[151.25227378243133,-33.802372910467916],[151.2529786367787,-33.80559836927545],[151.25115676575058,-33.80667801915157],[151.2536856186751,-33.809757085452354],[151.2565482048978,-33.811493732485914],[151.25923008574784,-33.8116180901471],[151.26107028490694,-33.81508041396809],[151.2616375068862,-33.81785121147423],[151.2632901708177,-33.815359500883325],[151.26316472232753,-33.81064331035548],[151.25855184849556,-33.80849718673945],[151.25625172864608,-33.808177585961054],[151.25577186810008,-33.80575359707152],[151.25676158777483,-33.80046355056095]]]},"properties":{"suburbname":"CLONTARF","postcode":2093,"state":2,"startdate":"20161012161141","enddate":"30000101000000","lastupdate":"20161012161215","msoid":63,"centroidid":null,"shapeuuid":"e31cf9b2-d926-3382-9115-05278d88adaa","changetype":"M","processstate":null,"urbanity":"U","Shape__Length":0.07405115785596529,"Shape__Area":0.00008411471365508521,"OBJECTID":6141,"cadid":108029597,"createdate":"19950728000000","modifieddate":"20161012161100"}},
{"type":"Feature","geometry":{"type":"Polygon","coordinates":[[[150.91620548097316,-33.83694594130007],[150.91913733235523,-33.833088537882574],[150.92640494862596,-33.828091640830344],[150.92876949928308,-33.82879568509951],[150.93178313711078,-33.82742499743225],[150.9337654948104,-33.817473808915736],[150.93279520635156,-33.81567829439757],[150.93509110069775,-33.809445489791685],[150.93110403525563,-33.80749205551021],[150.92846792029857,-33.80691552303262],[150.9273142588687,-33.81012988951133],[150.92239563519118,-33.80974775226787],[150.92060777616285,-33.81220126274013],[150.9183289217967,-33.80970308527873],[150.9172510162172,-33.8159674912084],[150.91867538481083,-33.81805762916631],[150.91832336129542,-33.81979367102832],[150.91617631820986,-33.82174453797135],[150.91437496532964,-33.83233121918645],[150.9124223172855,-33.83472912032223],[150.91620548097316,-33.83694594130007]]]},"properties":{"suburbname":"PEMULWUY","postcode":2145,"state":2,"startdate":"20161025092941","enddate":"30000101000000","lastupdate":"20161025093426","msoid":2307,"centroidid":null,"shapeuuid":"70ad2f1b-f2d3-39f8-b64c-d95372801a8d","changetype":"M","processstate":null,"urbanity":"R","Shape__Length":0.09939754112020716,"Shape__Area":0.0003604446809497347,"OBJECTID":6245,"cadid":108031841,"createdate":"20040211090812","modifieddate":"20161025092920"}},
{"type":"Feature","geometry":{"type":"Polygon","coordinates":[[[150.85269945102033,-33.918894856239476],[150.85490601062145,-33.92171447413466],[150.8572193818102,-33.92023882024608],[150.8565624032629,-33.91855227007928],[150.85674086399987,-33.91406878343045],[150.85469412348348,-33.90924026657549],[150.8550615909952,-33.9058927342131],[150.85223114425165,-33.90578912666955],[150.84701729778092,-33.906821056072886],[150.84910601032385,-33.91303029829658],[150.85269945102033,-33.918894856239476]]]},"properties":{"suburbname":"LEN WATERS ESTATE","postcode":2171,"state":2,"startdate":"20161109095747","enddate":"30000101000000","lastupdate":"20161109111201","msoid":5936,"centroidid":null,"shapeuuid":"365b4481-8f54-3f4b-8bf1-d6e641f0e847","changetype":"M","processstate":null,"urbanity":"U","Shape__Length":0.0630397620452807,"Shape__Area":0.00009546928525215616,"OBJECTID":6353,"cadid":163493305,"createdate":"20091221145239","modifieddate":"20161109095708"}},
{"type":"Feature","geometry":{"type":"Polygon","coordinates":[[[151.14165191201525,-33.86839980698676],[151.14351711489863,-33.86796528106703],[151.1454600697911,-33.86499542472259],[151.14447196342707,-33.86315211143097],[151.1394849840906,-33.863727819555244],[151.13778243631697,-33.864124284173116],[151.13936423875865,-33.86869164512919],[151.14165191201525,-33.86839980698676]]]},"properties":{"suburbname":"RODD POINT","postcode":2046,"state":2,"startdate":"20161130114642","enddate":"30000101000000","lastupdate":"20161130114658","msoid":2368,"centroidid":null,"shapeuuid":"28f0e4f8-f79f-3ff8-b05f-245397e9bef5","changetype":"M","processstate":null,"urbanity":"U","Shape__Length":0.030104576996974577,"Shape__Area":0.000036651642570596184,"OBJECTID":6495,"cadid":108031902,"createdate":"19950728000000","modifieddate":"20161130114620"}},
{"type":"Feature","geometry":{"type":"Polygon","coordinates":[[[150.95246568095928,-33.75325321058588],[150.94775856556703,-33.74200102345663],[150.94500757991074,-33.73670839167938],[150.93783550397515,-33.72035453769885],[150.93221796155828,-33.72148024092372],[150.92711146143927,-33.726080313509485],[150.92503577549198,-33.72733358072872],[150.92253422595508,-33.72887186761344],[150.92140684358526,-33.731209376248664],[150.9179046729277,-33.73848634221198],[150.93029607441892,-33.74181168679527],[150.93606453769863,-33.74381578547541],[150.94257591233458,-33.74682613718551],[150.94743755682757,-33.74964869794656],[150.95246568095928,-33.75325321058588]]]},"properties":{"suburbname":"GLENWOOD","postcode":2768,"state":2,"startdate":"20170214072408","enddate":"30000101000000","lastupdate":"20170214073642","msoid":1115,"centroidid":null,"shapeuuid":"49a09de5-d421-322a-927c-f4c4a37692ea","changetype":"M","processstate":null,"urbanity":"U","Shape__Length":0.10264749760758873,"Shape__Area":0.000474035957873035,"OBJECTID":6850,"cadid":108030649,"createdate":"19961029120240","modifieddate":"20170214071835"}},
{"type":"Feature","geometry":{"type":"Polygon","coordinates":[[[150.92140684358526,-33.731209376248664],[150.9175310884695,-33.72972401813765],[150.91353512905616,-33.72973470125046],[150.90648051353995,-33.730182516517196],[150.9081493792177,-33.73373742067501],[150.90780261543068,-33.736662545555724],[150.9179046729277,-33.73848634221198],[150.92140684358526,-33.731209376248664]]]},"properties":{"suburbname":"ACACIA GARDENS","postcode":2763,"state":2,"startdate":"20170214072408","enddate":"30000101000000","lastupdate":"20170214073642","msoid":2272,"centroidid":null,"shapeuuid":"2d4a3568-220d-3c07-ac11-c2126f330a8c","changetype":"M","processstate":null,"urbanity":"U","Shape__Length":0.04128840167799261,"Shape__Area":0.00009572072782995871,"OBJECTID":6859,"cadid":108031806,"createdate":"19961029120413","modifieddate":"20170214071835"}},
{"type":"Feature","geometry":{"type":"Polygon","coordinates":[[[151.14410309771282,-33.708670063272336],[151.14231955543312,-33.705508998862975],[151.1426752164325,-33.704087166576265],[151.14080931222276,-33.69686787583916],[151.13773050316672,-33.69306333252679],[151.1377695060141,-33.68438445422875],[151.13549672497135,-33.68454921700289],[151.12905999366092,-33.68953109304646],[151.12373097175603,-33.68893890280872],[151.12150043985554,-33.69227338448295],[151.121128255575,-33.69494431987018],[151.1186824069484,-33.69891395709679],[151.11812964434267,-33.70193180122585],[151.11941084131394,-33.7039286412702],[151.12247483275448,-33.70517071976908],[151.13152824726674,-33.70614623323708],[151.14000338379086,-33.70744837077124],[151.14410309771282,-33.708670063272336]]]},"properties":{"suburbname":"NORTH WAHROONGA","postcode":2076,"state":2,"startdate":"20170307091644","enddate":"30000101000000","lastupdate":"20170307091720","msoid":3512,"centroidid":null,"shapeuuid":"c3379a81-f4bd-341a-817e-1a38f126ded7","changetype":"M","processstate":null,"urbanity":"R","Shape__Length":0.09841407883707896,"Shape__Area":0.0003774450626479432,"OBJECTID":6975,"cadid":108033046,"createdate":"19950728000000","modifieddate":"20170307091601"}},
{"type":"Feature","geometry":{"type":"Polygon","coordinates":[[[151.16126366032213,-34.04050904367527],[151.1672771694238,-34.03525917544318],[151.1700991708253,-34.03382640115091],[151.16821165506465,-34.031155504374965],[151.16343755252356,-34.03378285301103],[151.15685340729476,-34.03951547634774],[151.16126366032213,-34.04050904367527]]]},"properties":{"suburbname":"GREENHILLS BEACH","postcode":2230,"state":2,"startdate":"20170517103207","enddate":"30000101000000","lastupdate":"20170517103300","msoid":5973,"centroidid":null,"shapeuuid":"0eb8b033-de2f-34be-b8ea-f433cde0e2b3","changetype":"M","processstate":null,"urbanity":"U","Shape__Length":0.03498755976858871,"Shape__Area":0.00004932149195128999,"OBJECTID":7462,"cadid":166259489,"createdate":"20110726133730","modifieddate":"20170517103104"}},
{"type":"Feature","geometry":{"type":"Polygon","coordinates":[[[150.8762316267047,-33.85148200941808],[150.87217281501552,-33.8617351154087],[150.87036487803235,-33.865523367889296],[150.8699321653094,-33.87241208375782],[150.8754315203653,-33.87281665852666],[150.88234254425637,-33.868760088420686],[150.8848336190727,-33.869769262794534],[150.89081915842652,-33.87045412183804],[150.89161151960994,-33.86969091036486],[150.89793086442458,-33.868298884723174],[150.89659272685208,-33.86434536207272],[150.89733290697006,-33.8567739467255],[150.89798056111238,-33.85640872626418],[150.89677047352964,-33.852717665290804],[150.89377921546276,-33.85216816201547],[150.88756145961062,-33.853653901553336],[150.8762316267047,-33.85148200941808]]]},"properties":{"suburbname":"BOSSLEY PARK","postcode":2176,"state":2,"startdate":"20170530104403","enddate":"30000101000000","lastupdate":"20170530104423","msoid":2468,"centroidid":null,"shapeuuid":"99e03460-2d73-3b92-a807-588a414b5ead","changetype":"M","processstate":null,"urbanity":"U","Shape__Length":0.09841668394031462,"Shape__Area":0.0004379047978083712,"OBJECTID":7579,"cadid":108032002,"createdate":"19950728000000","modifieddate":"20170530104346"}},
{"type":"Feature","geometry":{"type":"Polygon","coordinates":[[[150.90191033539907,-33.75137250951867],[150.90559774820184,-33.75177921236225],[150.91287430210716,-33.75088397822103],[150.91546535725186,-33.75217694623862],[150.91633887661953,-33.74764169235327],[150.9179046729277,-33.73848634221198],[150.90780261543068,-33.736662545555724],[150.9000095866422,-33.735619687516454],[150.89390430754756,-33.735177096513134],[150.89712207156347,-33.737550602653066],[150.89996058457442,-33.74061769946978],[150.90029648305668,-33.746802547836275],[150.90191033539907,-33.75137250951867]]]},"properties":{"suburbname":"KINGS PARK","postcode":2148,"state":2,"startdate":"20170615100049","enddate":"30000101000000","lastupdate":"20170615100246","msoid":1308,"centroidid":null,"shapeuuid":"6e656cc9-349c-36f8-9df0-50eaf73d3e7d","changetype":"M","processstate":null,"urbanity":"U","Shape__Length":0.07246462340392694,"Shape__Area":0.0002526324138541949,"OBJECTID":7679,"cadid":108030842,"createdate":"19950728000000","modifieddate":"20170615095902"}},
{"type":"Feature","geometry":{"type":"Polygon","coordinates":[[[151.2005535826627,-33.84040968127737],[151.20146856624942,-33.83795780324768],[151.20334282475483,-33.83705080485085],[151.20234439671088,-33.834595022177986],[151.2043212367431,-33.832665866382],[151.19671190924888,-33.83563506830029],[151.19411613731063,-33.83826982355649],[151.19455078317407,-33.84181275666802],[151.1936206001881,-33.84313169244917],[151.19291858088653,-33.84735986245403],[151.19553554250922,-33.8457191078243],[151.19971456780038,-33.84189013946277],[151.2005535826627,-33.84040968127737]]]},"properties":{"suburbname":"WAVERTON","postcode":2060,"state":2,"startdate":"20170725161307","enddate":"30000101000000","lastupdate":"20170725161339","msoid":66,"centroidid":null,"shapeuuid":"607da630-de80-34cb-9657-fa7f0e580c20","changetype":"M","processstate":null,"urbanity":"U","Shape__Length":0.06144849437854313,"Shape__Area":0.00006990362433347902,"OBJECTID":7967,"cadid":108029600,"createdate":"19950728000000","modifieddate":"20170725161235"}},
{"type":"Feature","geometry":{"type":"Polygon","coordinates":[[[150.82552968942736,-33.75732912926],[150.82840642927266,-33.74374189792863],[150.8278890041239,-33.741039610138245],[150.82906037549486,-33.73551846260297],[150.82189307595823,-33.73445954890867],[150.82000456117456,-33.74337523928239],[150.82030732568958,-33.74739406061313],[150.8190507564534,-33.75320565587452],[150.818883238972,-33.75632339181354],[150.82552968942736,-33.75732912926]]]},"properties":{"suburbname":"HEBERSHAM","postcode":2770,"state":2,"startdate":"20170727095203","enddate":"30000101000000","lastupdate":"20170727095731","msoid":2464,"centroidid":null,"shapeuuid":"846dbb92-fdc7-31d4-a2fb-d8cf25bdde69","changetype":"M","processstate":null,"urbanity":"U","Shape__Length":0.05858517248468293,"Shape__Area":0.00016353177889906912,"OBJECTID":7977,"cadid":108031998,"createdate":"19950728000000","modifieddate":"20170727094712"}},
{"type":"Feature","geometry":{"type":"Polygon","coordinates":[[[150.82000456117456,-33.74337523928239],[150.82189307595823,-33.73445954890867],[150.81131174025575,-33.73332559625514],[150.80960880339745,-33.73505477394481],[150.8101692126944,-33.73628160620445],[150.8087165233758,-33.73890076998297],[150.810531803399,-33.739790959217544],[150.8108439967314,-33.74296020968833],[150.82000456117456,-33.74337523928239]]]},"properties":{"suburbname":"BLACKETT","postcode":2770,"state":2,"startdate":"20170727095203","enddate":"30000101000000","lastupdate":"20170727095731","msoid":2477,"centroidid":null,"shapeuuid":"baec815e-72e5-3f30-aff4-d07d29f33c57","changetype":"M","processstate":null,"urbanity":"U","Shape__Length":0.04278668557601253,"Shape__Area":0.00010311016470640942,"OBJECTID":7978,"cadid":108032011,"createdate":"19950728000000","modifieddate":"20170727094712"}},
{"type":"Feature","geometry":{"type":"Polygon","coordinates":[[[151.20975025040178,-33.8542092070049],[151.20464811051582,-33.856619876805226],[151.20690538276688,-33.85877675947989],[151.20975025040178,-33.8542092070049]]]},"properties":{"suburbname":"DAWES POINT","postcode":2000,"state":2,"startdate":"20170825191727","enddate":"30000101000000","lastupdate":"20170825200150","msoid":74,"centroidid":null,"shapeuuid":"23e12951-375f-3a63-9dd0-e54cd5e736a3","changetype":"M","processstate":null,"urbanity":"U","Shape__Length":0.031257046887941224,"Shape__Area":0.000014250704422574236,"OBJECTID":8204,"cadid":108029608,"createdate":"19950728000000","modifieddate":"20170825191634"}},
{"type":"Feature","geometry":{"type":"Polygon","coordinates":[[[151.20464811051582,-33.856619876805226],[151.20269086690993,-33.856282546854615],[151.20296024451926,-33.863062505811264],[151.20547631111708,-33.86314076839238],[151.20690538276688,-33.85877675947989],[151.20464811051582,-33.856619876805226]]]},"properties":{"suburbname":"MILLERS POINT","postcode":2000,"state":2,"startdate":"20170825191727","enddate":"30000101000000","lastupdate":"20170825200150","msoid":1231,"centroidid":null,"shapeuuid":"0843ed5e-5917-3436-a568-78515f1dc1ec","changetype":"M","processstate":null,"urbanity":"U","Shape__Length":0.02877571736201165,"Shape__Area":0.00002359650717193195,"OBJECTID":8205,"cadid":108030765,"createdate":"19950728000000","modifieddate":"20170825191634"}},
{"type":"Feature","geometry":{"type":"Polygon","coordinates":[[[151.1000952742829,-33.75350970638817],[151.0971560351525,-33.75175397439225],[151.08886775775065,-33.752849546665395],[151.08556475490235,-33.7535520578624],[151.08568706183505,-33.755624351662384],[151.08415031601905,-33.75675661165139],[151.0828904441983,-33.76111532551402],[151.08409223921632,-33.76260131242807],[151.08655860929792,-33.76441610651379],[151.09347637234728,-33.76429689577219],[151.09831241431309,-33.76543242428573],[151.10103621760092,-33.76259634052699],[151.10446433369148,-33.76266525440218],[151.10537221588396,-33.76117187519324],[151.10536007863763,-33.75752799559898],[151.1021336015889,-33.75432994030367],[151.1000952742829,-33.75350970638817]]]},"properties":{"suburbname":"NORTH EPPING","postcode":2121,"state":2,"startdate":"20170828131642","enddate":"30000101000000","lastupdate":"20170828133808","msoid":1213,"centroidid":null,"shapeuuid":"5846d46b-95fe-3576-a131-fe29c0eda1c0","changetype":"M","processstate":null,"urbanity":"U","Shape__Length":0.06556191337026743,"Shape__Area":0.00022275636149657658,"OBJECTID":8212,"cadid":108030747,"createdate":"19950728000000","modifieddate":"20170828131636"}},
{"type":"Feature","geometry":{"type":"Polygon","coordinates":[[[151.26154849758882,-33.9363109965432],[151.25782638045396,-33.935773591753346],[151.25761576882664,-33.937823815469436],[151.24789355805518,-33.936764776337434],[151.2482037844478,-33.934228550936986],[151.23787321605727,-33.93281771426856],[151.23776656958924,-33.934691096144874],[151.2303506900739,-33.9337250932106],[151.23048398027458,-33.93524213980382],[151.22843046139258,-33.94008354797141],[151.22677798603087,-33.944569475583805],[151.22979900461513,-33.947433536495],[151.23149827922825,-33.95050946141325],[151.2303299830154,-33.95407318099514],[151.2355087068755,-33.953144665259764],[151.23846391105621,-33.95122166188879],[151.2457010593618,-33.95800169997073],[151.24797646341517,-33.95669191052503],[151.2485494252766,-33.954300292499816],[151.25275793077228,-33.95346335846653],[151.253869932135,-33.95181217826064],[151.2586688802237,-33.95406858963448],[151.25981377873828,-33.95398636094914],[151.25767359139746,-33.95257029465294],[151.25749665074667,-33.949207763083244],[151.25892286156764,-33.94623066180601],[151.2613531999937,-33.94543009501467],[151.26510616284273,-33.94262463336475],[151.26565200214628,-33.941177184862795],[151.26335419038102,-33.93914710636527],[151.26068940597125,-33.9382476559813],[151.26154849758882,-33.9363109965432]]]},"properties":{"suburbname":"MAROUBRA","postcode":2035,"state":2,"startdate":"20170828131232","enddate":"30000101000000","lastupdate":"20170828133805","msoid":2416,"centroidid":null,"shapeuuid":"c5abb3fd-a926-38f2-80f4-d8c2eaf68f1d","changetype":"M","processstate":null,"urbanity":"U","Shape__Length":0.13005290685534002,"Shape__Area":0.0005878398294252901,"OBJECTID":8217,"cadid":108031950,"createdate":"19950728000000","modifieddate":"20170828131159"}},
{"type":"Feature","geometry":{"type":"Polygon","coordinates":[[[150.95536148062632,-33.75835041875804],[150.95246568095928,-33.75325321058588],[150.94743755682757,-33.74964869794656],[150.94257591233458,-33.74682613718551],[150.93606453769863,-33.74381578547541],[150.93029607441892,-33.74181168679527],[150.9179046729277,-33.73848634221198],[150.91633887661953,-33.74764169235327],[150.92056734040534,-33.747813321964216],[150.92631875157855,-33.750708642016704],[150.92777857967633,-33.753033884470476],[150.9321044363934,-33.75398136574109],[150.93905413052832,-33.75620453964622],[150.94254040374489,-33.75842576980545],[150.94660385271692,-33.757951415267804],[150.9510897969704,-33.762150938783684],[150.95536148062632,-33.75835041875804]]]},"properties":{"suburbname":"KINGS LANGLEY","postcode":2147,"state":2,"startdate":"20170828165711","enddate":"30000101000000","lastupdate":"20170828165717","msoid":151,"centroidid":null,"shapeuuid":"4346aaee-1ff5-356e-9800-84b58fc6e9cf","changetype":"M","processstate":null,"urbanity":"U","Shape__Length":0.09897188024817133,"Shape__Area":0.0003811801106497612,"OBJECTID":8226,"cadid":108029685,"createdate":"19950728000000","modifieddate":"20170828165704"}},
{"type":"Feature","geometry":{"type":"Polygon","coordinates":[[[150.84550209641546,-33.72850046806005],[150.83878273405927,-33.72683237858386],[150.8310723243797,-33.7260829911175],[150.830026345791,-33.73088154187563],[150.83215560208106,-33.731714185335086],[150.83815349205773,-33.736766268559506],[150.841850648207,-33.73751345870459],[150.844553307341,-33.733225964289986],[150.84602605358387,-33.72942360752307],[150.84550209641546,-33.72850046806005]]]},"properties":{"suburbname":"HASSALL GROVE","postcode":2761,"state":2,"startdate":"20170831120816","enddate":"30000101000000","lastupdate":"20170831121518","msoid":1321,"centroidid":null,"shapeuuid":"ed5f2928-cd55-3a5c-9d99-e2d5bd71dd70","changetype":"M","processstate":null,"urbanity":"U","Shape__Length":0.04415916253449851,"Shape__Area":0.00011769804029139722,"OBJECTID":8324,"cadid":108030855,"createdate":"19950728000000","modifieddate":"20170831120113"}},
{"type":"Feature","geometry":{"type":"Polygon","coordinates":[[[150.81108211260582,-33.732399938976805],[150.80744038226916,-33.73284999672388],[150.80202540716564,-33.73254247371297],[150.8001253152982,-33.72888978440428],[150.796965236267,-33.732041234102276],[150.79735452411026,-33.73256302231649],[150.78996824434466,-33.7373973369445],[150.79251807918394,-33.740082399222196],[150.79676445126503,-33.74033005250585],[150.80080462924698,-33.747207902736015],[150.80199761636217,-33.745978082327674],[150.80410501476203,-33.740424212077095],[150.80960880339745,-33.73505477394481],[150.81131174025575,-33.73332559625514],[150.81108211260582,-33.732399938976805]]]},"properties":{"suburbname":"LETHBRIDGE PARK","postcode":2770,"state":2,"startdate":"20170919120144","enddate":"30000101000000","lastupdate":"20170919120628","msoid":2478,"centroidid":null,"shapeuuid":"95be9788-304b-34a1-b4e3-4c58522466f8","changetype":"M","processstate":null,"urbanity":"U","Shape__Length":0.06944260778725313,"Shape__Area":0.00015956410990166476,"OBJECTID":8449,"cadid":108032012,"createdate":"19950728000000","modifieddate":"20170919115741"}},
{"type":"Feature","geometry":{"type":"Polygon","coordinates":[[[150.8310723243797,-33.7260829911175],[150.81899245473366,-33.724555340065535],[150.81108211260582,-33.732399938976805],[150.81131174025575,-33.73332559625514],[150.82189307595823,-33.73445954890867],[150.82906037549486,-33.73551846260297],[150.830026345791,-33.73088154187563],[150.8310723243797,-33.7260829911175]]]},"properties":{"suburbname":"BIDWILL","postcode":2770,"state":2,"startdate":"20170927120831","enddate":"30000101000000","lastupdate":"20170927120856","msoid":1320,"centroidid":null,"shapeuuid":"f1cbf4b8-7794-3fbc-92f0-37032744b1b2","changetype":"M","processstate":null,"urbanity":"U","Shape__Length":0.05382785722250431,"Shape__Area":0.00014713900758475519,"OBJECTID":8491,"cadid":108030854,"createdate":"19950728000000","modifieddate":"20170927120810"}},
{"type":"Feature","geometry":{"type":"Polygon","coordinates":[[[150.8270812981987,-33.78221153323844],[150.81046370693957,-33.778211567547885],[150.8033866629842,-33.77679858606988],[150.80805331630958,-33.78113310539213],[150.80939889720938,-33.78790043177374],[150.81150599732317,-33.788128773596476],[150.81131643155484,-33.79129503447861],[150.82216129774642,-33.791004824052855],[150.8262322011913,-33.791175406141306],[150.83315252200055,-33.79214617055036],[150.83744858578612,-33.793177879099446],[150.85323680577983,-33.797760593914816],[150.85475943622677,-33.79026025590068],[150.85445782950117,-33.78884555808724],[150.84338609611595,-33.78609980428728],[150.8270812981987,-33.78221153323844]]]},"properties":{"suburbname":"MINCHINBURY","postcode":2770,"state":2,"startdate":"20171005123053","enddate":"30000101000000","lastupdate":"20171005123323","msoid":152,"centroidid":null,"shapeuuid":"c5e48d9a-45be-3353-b630-9f03948426e4","changetype":"M","processstate":null,"urbanity":"U","Shape__Length":0.12978933788999378,"Shape__Area":0.00043889503607632787,"OBJECTID":8535,"cadid":108029686,"createdate":"19950728000000","modifieddate":"20171005122812"}},
{"type":"Feature","geometry":{"type":"Polygon","coordinates":[[[151.28320907524767,-33.69171312220434],[151.27760327314076,-33.69093200957097],[151.27549755480806,-33.69168849349199],[151.27403051284287,-33.69419354053137],[151.26835060449693,-33.69340767736888],[151.26636041762282,-33.695216828881826],[151.26056073201704,-33.69431186591524],[151.25887712212332,-33.700236601155964],[151.2590183372736,-33.703252263165304],[151.2621530096271,-33.70524076822965],[151.26553589359156,-33.70571440106528],[151.26629476498272,-33.70195278045083],[151.268916959336,-33.70447864112086],[151.2732959905605,-33.7059873028001],[151.27477583657358,-33.7053006185199],[151.28162167500963,-33.70614642955874],[151.28115024367733,-33.70850631993052],[151.28517711322908,-33.70906499485102],[151.28670958460916,-33.70358458060198],[151.28484975049233,-33.70164884385426],[151.28677140443662,-33.696622521439814],[151.28320907524767,-33.69171312220434]]]},"properties":{"suburbname":"ELANORA HEIGHTS","postcode":2101,"state":2,"startdate":"20180205090853","enddate":"30000101000000","lastupdate":"20180205090923","msoid":3717,"centroidid":null,"shapeuuid":"e52db03c-2017-38e5-a528-7cece0db8e2c","changetype":"M","processstate":null,"urbanity":"R","Shape__Length":0.11320336044150421,"Shape__Area":0.0003298272050818128,"OBJECTID":9317,"cadid":108033251,"createdate":"19950728000000","modifieddate":"20180205090829"}},
{"type":"Feature","geometry":{"type":"Polygon","coordinates":[[[150.86615913736796,-33.74140693159063],[150.8673020413129,-33.73978145221234],[150.8663623458953,-33.73757398364777],[150.86968218171663,-33.735157060300445],[150.8704509892179,-33.73280425241942],[150.85698832603276,-33.730134409334916],[150.85270492929297,-33.73040106128349],[150.84916175660894,-33.73345084118947],[150.8494386820414,-33.73368705369546],[150.85414514670293,-33.737534905248694],[150.86615913736796,-33.74140693159063]]]},"properties":{"suburbname":"DEAN PARK","postcode":2761,"state":2,"startdate":"20180309152657","enddate":"30000101000000","lastupdate":"20180309153533","msoid":164,"centroidid":null,"shapeuuid":"81f4b620-05c6-3ac9-8ac7-48fad49341d5","changetype":"M","processstate":null,"urbanity":"U","Shape__Length":0.05529314109172251,"Shape__Area":0.00014351228046656058,"OBJECTID":9548,"cadid":108029698,"createdate":"19950728000000","modifieddate":"20180309151625"}},
{"type":"Feature","geometry":{"type":"Polygon","coordinates":[[[150.87756194379216,-33.74573763260693],[150.8754835305238,-33.744500860148115],[150.86615913736796,-33.74140693159063],[150.8627994793737,-33.74359070563143],[150.86504677133502,-33.74521067677298],[150.86506333284822,-33.74719790881978],[150.8623091309683,-33.74942477689125],[150.86260311243734,-33.750924701731066],[150.85888739348795,-33.755144705521644],[150.85916852334483,-33.75715880835712],[150.85694962476023,-33.75767809865171],[150.85509070122097,-33.76057100366695],[150.85567547142367,-33.7618137420652],[150.85679197178027,-33.76388048531988],[150.86118324179765,-33.76568179845796],[150.86061609680004,-33.7671667475003],[150.86292579384008,-33.76843192040042],[150.8708791313683,-33.768970156011285],[150.87421061253448,-33.77278425686613],[150.87263122509262,-33.78328698962252],[150.8749388825707,-33.782667841206056],[150.8784418092734,-33.78306000294168],[150.8795169339946,-33.78071013659851],[150.8817039323613,-33.780987724076745],[150.88335913800816,-33.7742170461091],[150.8850573922347,-33.764789911653516],[150.87907712046908,-33.763800090435],[150.87405943632916,-33.76353967359151],[150.87756194379216,-33.74573763260693]]]},"properties":{"suburbname":"DOONSIDE","postcode":2767,"state":2,"startdate":"20180309152657","enddate":"30000101000000","lastupdate":"20180309153533","msoid":2463,"centroidid":null,"shapeuuid":"58fadfe3-3a41-3284-9631-325517ff3ce1","changetype":"M","processstate":null,"urbanity":"U","Shape__Length":0.1452523255025861,"Shape__Area":0.0005784613222319998,"OBJECTID":9551,"cadid":108031997,"createdate":"19950728000000","modifieddate":"20180309151625"}},
{"type":"Feature","geometry":{"type":"Polygon","coordinates":[[[151.05592732394837,-33.916064482040696],[151.05590317750844,-33.91469681517173],[151.04662720017143,-33.913385706089414],[151.04551608080246,-33.914270993027095],[151.04549276092,-33.917245062115384],[151.04741460190812,-33.91804254700453],[151.0528663084653,-33.91637504322454],[151.05592732394837,-33.916064482040696]]]},"properties":{"suburbname":"MOUNT LEWIS","postcode":2190,"state":2,"startdate":"20180319142139","enddate":"30000101000000","lastupdate":"20180319142442","msoid":3552,"centroidid":null,"shapeuuid":"f4a6f41b-e438-3931-a37c-01cb86d3a464","changetype":"M","processstate":null,"urbanity":"U","Shape__Length":0.030681601113166996,"Shape__Area":0.000030644328727666595,"OBJECTID":9601,"cadid":108033086,"createdate":"19950728000000","modifieddate":"20180319141722"}},
{"type":"Feature","geometry":{"type":"Polygon","coordinates":[[[151.23149827922825,-33.95050946141325],[151.22798862867396,-33.95006053252306],[151.223383460486,-33.9480719612269],[151.22369612371332,-33.95785111505589],[151.22579344107038,-33.95639347763774],[151.2302538963411,-33.955579175988454],[151.2303299830154,-33.95407318099514],[151.23149827922825,-33.95050946141325]]]},"properties":{"suburbname":"HILLSDALE","postcode":2036,"state":2,"startdate":"20180514104212","enddate":"30000101000000","lastupdate":"20180514104234","msoid":2400,"centroidid":null,"shapeuuid":"25b37824-68d0-3d7d-97e2-0bd6f20c1d0d","changetype":"M","processstate":null,"urbanity":"U","Shape__Length":0.03331140307543001,"Shape__Area":0.000052432138572687595,"OBJECTID":9986,"cadid":108031934,"createdate":"19950728000000","modifieddate":"20180514104040"}},
{"type":"Feature","geometry":{"type":"Polygon","coordinates":[[[151.23149827922825,-33.95050946141325],[151.22979900461513,-33.947433536495],[151.22677798603087,-33.944569475583805],[151.22843046139258,-33.94008354797141],[151.22388936812203,-33.939445578513],[151.2214587633192,-33.94534382041476],[151.223383460486,-33.9480719612269],[151.22798862867396,-33.95006053252306],[151.23149827922825,-33.95050946141325]]]},"properties":{"suburbname":"EASTGARDENS","postcode":2036,"state":2,"startdate":"20180514104212","enddate":"30000101000000","lastupdate":"20180514104234","msoid":4612,"centroidid":null,"shapeuuid":"e59f22b2-736c-3583-a259-22666edb75bf","changetype":"M","processstate":null,"urbanity":"U","Shape__Length":0.03895631991122844,"Shape__Area":0.00005220611269876609,"OBJECTID":9989,"cadid":108034146,"createdate":"19990503084701","modifieddate":"20180514104040"}},
{"type":"Feature","geometry":{"type":"Polygon","coordinates":[[[151.13918531610386,-33.83943358940495],[151.1357679415457,-33.839730784256254],[151.13314500190265,-33.84098544596829],[151.13399338782003,-33.844580029310876],[151.13861770977778,-33.84394948990904],[151.13744333015842,-33.842127433067645],[151.1423802936347,-33.841714216489926],[151.13918531610386,-33.83943358940495]]]},"properties":{"suburbname":"HENLEY","postcode":2111,"state":2,"startdate":"20180530143554","enddate":"30000101000000","lastupdate":"20180530143614","msoid":3526,"centroidid":null,"shapeuuid":"b145d675-3e42-3e58-a0be-eba55c078292","changetype":"M","processstate":null,"urbanity":"U","Shape__Length":0.031297476470100546,"Shape__Area":0.000026173612281530847,"OBJECTID":10130,"cadid":108033060,"createdate":"19950728000000","modifieddate":"20180530143500"}},
{"type":"Feature","geometry":{"type":"Polygon","coordinates":[[[151.14959228820027,-33.82499406288626],[151.1463911393549,-33.82703957587411],[151.1457554801376,-33.82884119216352],[151.14987331624525,-33.82936367919714],[151.152174683905,-33.82844911448277],[151.15095376223906,-33.82438168700154],[151.15021380469676,-33.82447798372917],[151.14959228820027,-33.82499406288626]]]},"properties":{"suburbname":"LINLEY POINT","postcode":2066,"state":2,"startdate":"20180530144004","enddate":"30000101000000","lastupdate":"20180530144008","msoid":60,"centroidid":null,"shapeuuid":"3bb9e382-2775-3a58-9a50-33057ffbd998","changetype":"M","processstate":null,"urbanity":"U","Shape__Length":0.021161576462157043,"Shape__Area":0.000018714618372103293,"OBJECTID":10135,"cadid":108029594,"createdate":"19950728000000","modifieddate":"20180530143945"}},
{"type":"Feature","geometry":{"type":"Polygon","coordinates":[[[151.05135342480884,-33.97131816563831],[151.0452619106844,-33.97057216569057],[151.04300751473875,-33.971411127267025],[151.04170708095614,-33.97387187471219],[151.03661057194776,-33.97644992073264],[151.03690287118792,-33.97887465497226],[151.03892693472238,-33.98131347572342],[151.03786901268572,-33.983144717119295],[151.03352240241617,-33.983597316846684],[151.03343833551696,-33.98755810881119],[151.03508288864344,-33.99066997425013],[151.03785059812733,-33.9919592199922],[151.04552558630638,-33.99232267226611],[151.05125480617238,-33.99295257536223],[151.0550395427187,-33.99158466631095],[151.05792455182387,-33.9888094675334],[151.05367931113386,-33.98596250937817],[151.0534154216013,-33.98392865697176],[151.05004108834783,-33.98045742302556],[151.05157072912834,-33.97591391395048],[151.05135342480884,-33.97131816563831]]]},"properties":{"suburbname":"LUGARNO","postcode":2210,"state":2,"startdate":"20180621083908","enddate":"30000101000000","lastupdate":"20180621084601","msoid":92,"centroidid":null,"shapeuuid":"f231fefc-0ee2-3d71-b71a-14453efa4507","changetype":"M","processstate":null,"urbanity":"U","Shape__Length":0.08604861950267861,"Shape__Area":0.00033574026824605054,"OBJECTID":10300,"cadid":108029626,"createdate":"19950728000000","modifieddate":"20180621082851"}},
{"type":"Feature","geometry":{"type":"Polygon","coordinates":[[[151.03343833551696,-33.98755810881119],[151.03352240241617,-33.983597316846684],[151.03786901268572,-33.983144717119295],[151.03892693472238,-33.98131347572342],[151.03690287118792,-33.97887465497226],[151.03661057194776,-33.97644992073264],[151.03241509613207,-33.976171270981446],[151.03009895143725,-33.97750232449673],[151.02485612011282,-33.97783988877221],[151.0227376779791,-33.976660659493476],[151.02084982599203,-33.976397206470054],[151.01908787476273,-33.97825514830189],[151.01497353255178,-33.98278693411499],[151.01780558899017,-33.98926300340954],[151.0175066873879,-33.99263784945498],[151.01374814793812,-33.99591226096089],[151.02022235681252,-33.996790801252345],[151.0254037615223,-33.998087465647465],[151.02692127237674,-33.99613864413425],[151.02759824984773,-33.98828941574904],[151.03343833551696,-33.98755810881119]]]},"properties":{"suburbname":"ALFORDS POINT","postcode":2234,"state":2,"startdate":"20180717152724","enddate":"30000101000000","lastupdate":"20180717153206","msoid":1267,"centroidid":null,"shapeuuid":"db6b9ec9-98a7-340c-9fe0-c3a896a32239","changetype":"M","processstate":null,"urbanity":"U","Shape__Length":0.08907713369005221,"Shape__Area":0.00030869207510037325,"OBJECTID":10504,"cadid":108030801,"createdate":"19950728000000","modifieddate":"20180717152236"}},
{"type":"Feature","geometry":{"type":"Polygon","coordinates":[[[151.19247917325796,-33.802402888058225],[151.18731085961724,-33.801449871804834],[151.1835789788566,-33.80287030838573],[151.1793610072417,-33.805380717463805],[151.17960650387192,-33.80736437335296],[151.17542929872647,-33.812426517418345],[151.17893815824894,-33.81656384079743],[151.18249376270998,-33.8180124024582],[151.18673740881746,-33.8224687188581],[151.18914833839952,-33.821156075689764],[151.18839661717644,-33.81802762268146],[151.19125190547203,-33.81657757557788],[151.19362109301903,-33.81756437061939],[151.1927267198657,-33.81289709235221],[151.1938099294377,-33.8125743079291],[151.19446786364645,-33.80995745478356],[151.19273758190292,-33.80806589984365],[151.19380739966414,-33.80273802073674],[151.19247917325796,-33.802402888058225]]]},"properties":{"suburbname":"ARTARMON","postcode":2064,"state":2,"startdate":"20180801165900","enddate":"30000101000000","lastupdate":"20180801170233","msoid":1233,"centroidid":null,"shapeuuid":"5aca21fe-9b92-32dc-9c95-97ecd92f78c9","changetype":"M","processstate":null,"urbanity":"U","Shape__Length":0.07137376576675503,"Shape__Area":0.00024697431317735797,"OBJECTID":10630,"cadid":108030767,"createdate":"19950728000000","modifieddate":"20180801165514"}},
{"type":"Feature","geometry":{"type":"Polygon","coordinates":[[[151.03966538837963,-33.88470290951493],[151.03578004979593,-33.88506918331897],[151.03660233669,-33.88104652190122],[151.0283120502439,-33.8799057086866],[151.0278027258319,-33.87696019489387],[151.02512343534275,-33.87655633438614],[151.02076533414504,-33.87596670639642],[151.01812109822635,-33.878924655482805],[151.01562308320612,-33.87984178261263],[151.0161662067338,-33.88608369853753],[151.02115518587567,-33.88839784213461],[151.02362191157115,-33.88870249949092],[151.0275739808772,-33.88791045687381],[151.0314207173607,-33.8881583856865],[151.03930066462843,-33.88777274466269],[151.03963781076453,-33.88775176898468],[151.03966538837963,-33.88470290951493]]]},"properties":{"suburbname":"REGENTS PARK","postcode":2143,"state":2,"startdate":"20180824104649","enddate":"30000101000000","lastupdate":"20180824105410","msoid":1205,"centroidid":null,"shapeuuid":"12fed8f3-923b-317d-bd76-9f530df72c3e","changetype":"M","processstate":null,"urbanity":"U","Shape__Length":0.0808303532191248,"Shape__Area":0.00019614879786051788,"OBJECTID":10797,"cadid":108030739,"createdate":"19950728000000","modifieddate":"20180824103131"}},
{"type":"Feature","geometry":{"type":"Polygon","coordinates":[[[150.98196187796736,-33.95805820166171],[150.98293134034546,-33.95514160388451],[150.98059098844263,-33.95369213027346],[150.9735374370736,-33.952653307606006],[150.97281760114174,-33.9519065206104],[150.96860503439189,-33.95449090420989],[150.96597990772185,-33.95462310105202],[150.96530604210344,-33.95686730462386],[150.96663004343455,-33.958042255149444],[150.9682835742279,-33.96246394354955],[150.96850133953401,-33.96473165564923],[150.97405701760033,-33.96553233951019],[150.97813668462712,-33.96527728623839],[150.98069062518522,-33.96425435191012],[150.98021116483105,-33.9618431906676],[150.98196187796736,-33.95805820166171]]]},"properties":{"suburbname":"VOYAGER POINT","postcode":2172,"state":2,"startdate":"20180831100101","enddate":"30000101000000","lastupdate":"20180831100714","msoid":1303,"centroidid":null,"shapeuuid":"591d1542-1bdf-3f6f-89a6-310bdb6afb4d","changetype":"M","processstate":null,"urbanity":"R","Shape__Length":0.05312303799520819,"Shape__Area":0.00017077441530337072,"OBJECTID":10864,"cadid":108030837,"createdate":"19950728000000","modifieddate":"20180831095408"}},
{"type":"Feature","geometry":{"type":"Polygon","coordinates":[[[151.01497353255178,-33.98278693411499],[151.01178902420116,-33.98372620945054],[151.00964720420535,-33.982481362704995],[151.0056437340149,-33.982315152701034],[151.00474554529615,-33.980030707295676],[151.0026608985903,-33.980234379870005],[150.99950264768708,-33.98289524891329],[150.99632809239003,-33.98195855299473],[150.99457760253333,-33.979795367209086],[150.99232848368865,-33.98190787679401],[150.9926424200953,-33.98878596095409],[150.99646216999,-33.99216045187936],[150.9967116028291,-33.99424651909343],[150.99572578693753,-34.0002522227337],[150.99439940633107,-34.00252367508387],[150.98381549287444,-34.014484392371635],[150.9805928274894,-34.017174643014464],[150.9786592854199,-34.027270075675595],[150.98589305857814,-34.02830080394267],[150.9880608770461,-34.03012764870165],[150.9910157676769,-34.024528677433544],[150.9956547225509,-34.02562772719694],[151.00002814889183,-34.023278833668556],[151.00142203766316,-34.0245689662166],[151.0070971009244,-34.025398200279405],[151.00819118679098,-34.02381707698216],[151.01536411798645,-34.02487166430042],[151.0188632532541,-34.02423872588405],[151.0207241139745,-34.023457539347845],[151.01995640919117,-34.02081698409853],[151.02229433051946,-34.02033344984811],[151.02169584152603,-34.017732087705454],[151.02322905133397,-34.01641968510146],[151.02254826637915,-34.01385303566672],[151.02349569992325,-34.00906190086164],[151.02536165989628,-34.00787912468785],[151.02408376308898,-34.005834244561385],[151.02159861389237,-34.0067932420827],[151.01449212480793,-34.00611897989787],[151.02031840998967,-34.00247574172625],[151.0254037615223,-33.998087465647465],[151.02022235681252,-33.996790801252345],[151.01374814793812,-33.99591226096089],[151.0175066873879,-33.99263784945498],[151.01780558899017,-33.98926300340954],[151.01497353255178,-33.98278693411499]]]},"properties":{"suburbname":"MENAI","postcode":2234,"state":2,"startdate":"20180913123227","enddate":"30000101000000","lastupdate":"20180913125026","msoid":2425,"centroidid":null,"shapeuuid":"45ccee39-3f9b-3537-ba56-f439dbe036ca","changetype":"M","processstate":null,"urbanity":"R","Shape__Length":0.22577447573339407,"Shape__Area":0.0013279412402312217,"OBJECTID":10977,"cadid":108031959,"createdate":"19950728000000","modifieddate":"20180913120223"}},
{"type":"Feature","geometry":{"type":"Polygon","coordinates":[[[151.21044222037648,-33.789516733928046],[151.20862811725493,-33.78786318797269],[151.20361137059848,-33.78683962833218],[151.2008798471647,-33.785315570996296],[151.20300502477997,-33.79022595388209],[151.20625619720892,-33.79018730505711],[151.20824969742375,-33.79467960212196],[151.20956456258003,-33.79768747603874],[151.21101119585697,-33.795271484094165],[151.2162215480775,-33.79777897784596],[151.2189521451472,-33.79639121217971],[151.2207884855887,-33.79684185665112],[151.22281197513271,-33.79412075445149],[151.21948571806638,-33.79199111781791],[151.21769980909232,-33.79304694935213],[151.21216147626268,-33.790844616868704],[151.21044222037648,-33.789516733928046]]]},"properties":{"suburbname":"MIDDLE COVE","postcode":2068,"state":2,"startdate":"20180917111556","enddate":"30000101000000","lastupdate":"20180917111811","msoid":1234,"centroidid":null,"shapeuuid":"6c1dd586-e9ce-3358-9328-d761ee8b8d79","changetype":"M","processstate":null,"urbanity":"U","Shape__Length":0.06558270568014873,"Shape__Area":0.00010156995566780383,"OBJECTID":11003,"cadid":108030768,"createdate":"19950728000000","modifieddate":"20180917111328"}},
{"type":"Feature","geometry":{"type":"Polygon","coordinates":[[[151.21157735603197,-33.80240624849599],[151.20956456258003,-33.79768747603874],[151.20824969742375,-33.79467960212196],[151.20100597229347,-33.796890538525226],[151.20288835712375,-33.801111024214464],[151.20354011440855,-33.802531113269836],[151.21157735603197,-33.80240624849599]]]},"properties":{"suburbname":"WILLOUGHBY EAST","postcode":2068,"state":2,"startdate":"20180917111556","enddate":"30000101000000","lastupdate":"20180917111811","msoid":1235,"centroidid":null,"shapeuuid":"b2f2457c-f4e6-38ff-8559-ef69db4c2511","changetype":"M","processstate":null,"urbanity":"U","Shape__Length":0.030227469900359825,"Shape__Area":0.00005460594410090097,"OBJECTID":11004,"cadid":108030769,"createdate":"19950728000000","modifieddate":"20180917111328"}},
{"type":"Feature","geometry":{"type":"Polygon","coordinates":[[[151.12203681403037,-33.91442871433428],[151.1273783801559,-33.9149497379014],[151.1296640534745,-33.91624470532917],[151.13266724141278,-33.91538851569048],[151.134996787741,-33.913077931905164],[151.13438351012735,-33.90574809532583],[151.1285135008026,-33.9047647568818],[151.12508970627107,-33.90380425328656],[151.12351482390775,-33.90670815578004],[151.12596590782465,-33.907537386835074],[151.12298232705388,-33.909590782832865],[151.12203681403037,-33.91442871433428]]]},"properties":{"suburbname":"HURLSTONE PARK","postcode":2193,"state":2,"startdate":"20180924155656","enddate":"30000101000000","lastupdate":"20180924160516","msoid":1237,"centroidid":null,"shapeuuid":"61cb14be-96a6-3b10-a6bc-5d60376aebd3","changetype":"M","processstate":null,"urbanity":"U","Shape__Length":0.04618272646373322,"Shape__Area":0.00011667835971275906,"OBJECTID":11049,"cadid":108030771,"createdate":"19950728000000","modifieddate":"20180924154750"}},
{"type":"Feature","geometry":{"type":"Polygon","coordinates":[[[150.99079585979152,-33.967482009326226],[150.98894999913594,-33.96569182484221],[150.98288600278804,-33.96572245982604],[150.98069062518522,-33.96425435191012],[150.97813668462712,-33.96527728623839],[150.97405701760033,-33.96553233951019],[150.96850133953401,-33.96473165564923],[150.97230485930442,-33.96716448310116],[150.98376602964865,-33.97362972811029],[150.99179009950603,-33.98118069428552],[150.99224593619286,-33.98001327242149],[150.9885325426549,-33.977183615832296],[150.99142465495478,-33.97543402111195],[150.9939585309188,-33.97121688334217],[150.99079585979152,-33.967482009326226]]]},"properties":{"suburbname":"PLEASURE POINT","postcode":2172,"state":2,"startdate":"20180925131022","enddate":"30000101000000","lastupdate":"20180925131704","msoid":2459,"centroidid":null,"shapeuuid":"a2b8ee54-03bc-3a05-86e4-de105a0e3932","changetype":"M","processstate":null,"urbanity":"U","Shape__Length":0.0724900945861238,"Shape__Area":0.00014971627190966136,"OBJECTID":11060,"cadid":108031993,"createdate":"19950728000000","modifieddate":"20180925130254"}},
{"type":"Feature","geometry":{"type":"Polygon","coordinates":[[[150.99457760253333,-33.979795367209086],[150.99471624133386,-33.97778358626533],[150.99829363790917,-33.974504788308195],[150.9939585309188,-33.97121688334217],[150.99142465495478,-33.97543402111195],[150.9885325426549,-33.977183615832296],[150.99224593619286,-33.98001327242149],[150.99179009950603,-33.98118069428552],[150.99232848368865,-33.98190787679401],[150.99457760253333,-33.979795367209086]]]},"properties":{"suburbname":"SANDY POINT","postcode":2172,"state":2,"startdate":"20180925131022","enddate":"30000101000000","lastupdate":"20180925131704","msoid":3617,"centroidid":null,"shapeuuid":"50b75692-1191-3e4a-857a-a8154e87deda","changetype":"M","processstate":null,"urbanity":"U","Shape__Length":0.03347297391738842,"Shape__Area":0.00004288267321906524,"OBJECTID":11062,"cadid":108033151,"createdate":"19950728000000","modifieddate":"20180925130254"}},
{"type":"Feature","geometry":{"type":"Polygon","coordinates":[[[151.12508970627107,-33.90380425328656],[151.1237547513587,-33.90250654192025],[151.1248837445937,-33.89966934165353],[151.12510648829988,-33.895665355566514],[151.1166153750227,-33.895715830685674],[151.11500544145326,-33.89603651470894],[151.11474660377652,-33.89907228475847],[151.11193218980156,-33.898939572792614],[151.1114492975282,-33.90308862408706],[151.11002557981072,-33.902940551855394],[151.11168811572455,-33.90603656211173],[151.11519188605186,-33.90275785730627],[151.1169274487823,-33.902568993076635],[151.12295305019921,-33.9045135742381],[151.12351482390775,-33.90670815578004],[151.12508970627107,-33.90380425328656]]]},"properties":{"suburbname":"ASHBURY","postcode":2193,"state":2,"startdate":"20181003112115","enddate":"30000101000000","lastupdate":"20181003112916","msoid":2393,"centroidid":null,"shapeuuid":"290be11b-5f43-3823-8b71-dc5ab61da5d2","changetype":"M","processstate":null,"urbanity":"U","Shape__Length":0.056532361456033464,"Shape__Area":0.00010187870506105529,"OBJECTID":11117,"cadid":108031927,"createdate":"19950728000000","modifieddate":"20181003111300"}},
{"type":"Feature","geometry":{"type":"Polygon","coordinates":[[[151.2214587633192,-33.94534382041476],[151.21680667544626,-33.94216952699211],[151.21539170658215,-33.94305535363062],[151.2125604031689,-33.942343360355444],[151.2114308083132,-33.94590530771759],[151.20919814795982,-33.94546242255201],[151.20952876125958,-33.94845964971395],[151.20892768577576,-33.95248860092454],[151.20605822063808,-33.95657150476081],[151.20804360455972,-33.958585485387346],[151.2075099819935,-33.960935263284725],[151.2142616941617,-33.962005207584205],[151.21410171849683,-33.96396250713269],[151.2065797829832,-33.96589889866491],[151.20792733777512,-33.969824355472795],[151.21839876736362,-33.9671848486694],[151.2206980755232,-33.96842719215107],[151.22035511788133,-33.963184600959515],[151.22117469479105,-33.95908867979143],[151.22369612371332,-33.95785111505589],[151.223383460486,-33.9480719612269],[151.2214587633192,-33.94534382041476]]]},"properties":{"suburbname":"BANKSMEADOW","postcode":2019,"state":2,"startdate":"20181005110042","enddate":"30000101000000","lastupdate":"20181005113412","msoid":1242,"centroidid":null,"shapeuuid":"2929ff46-b7d7-3311-bb70-751f704a5e32","changetype":"M","processstate":null,"urbanity":"U","Shape__Length":0.09649346640503047,"Shape__Area":0.0003247664283997027,"OBJECTID":11121,"cadid":108030776,"createdate":"19950728000000","modifieddate":"20181005110008"}},
{"type":"Feature","geometry":{"type":"Polygon","coordinates":[[[151.22986406707244,-33.93180647875213],[151.22558930292973,-33.9327977021716],[151.22262564919353,-33.93196049355841],[151.22413291137187,-33.92953731095646],[151.22069194696076,-33.927721010650984],[151.21869370582925,-33.93600221598344],[151.2141183955678,-33.939214165581014],[151.20755107158246,-33.93590225395781],[151.2005027454491,-33.93612060818504],[151.1969644245975,-33.937260342080236],[151.20018335442506,-33.937751225731276],[151.20445492093393,-33.939327992159555],[151.20919814795982,-33.94546242255201],[151.2114308083132,-33.94590530771759],[151.2125604031689,-33.942343360355444],[151.21539170658215,-33.94305535363062],[151.21680667544626,-33.94216952699211],[151.2214587633192,-33.94534382041476],[151.22388936812203,-33.939445578513],[151.22843046139258,-33.94008354797141],[151.23048398027458,-33.93524213980382],[151.2303506900739,-33.9337250932106],[151.22986406707244,-33.93180647875213]]]},"properties":{"suburbname":"PAGEWOOD","postcode":2035,"state":2,"startdate":"20181005110042","enddate":"30000101000000","lastupdate":"20181005113412","msoid":1244,"centroidid":null,"shapeuuid":"77393257-e73b-3e81-92f6-9d37ae925f8c","changetype":"M","processstate":null,"urbanity":"U","Shape__Length":0.10070112261250323,"Shape__Area":0.00021311252746002388,"OBJECTID":11122,"cadid":108030778,"createdate":"19950728000000","modifieddate":"20181005110008"}},
{"type":"Feature","geometry":{"type":"Polygon","coordinates":[[[150.8784418092734,-33.78306000294168],[150.8749388825707,-33.782667841206056],[150.87263122509262,-33.78328698962252],[150.87126929456338,-33.79219936702723],[150.8716515898213,-33.79225357257929],[150.88021339506633,-33.79367897290515],[150.88842269393345,-33.795453267380175],[150.8969479833558,-33.79803260054678],[150.8979865038753,-33.792930489393946],[150.8954822538399,-33.792255949926584],[150.89221697984522,-33.790177444503044],[150.88814268200437,-33.7895625632098],[150.88345919861962,-33.78754002529131],[150.8784418092734,-33.78306000294168]]]},"properties":{"suburbname":"ARNDELL PARK","postcode":2148,"state":2,"startdate":"20181012124809","enddate":"30000101000000","lastupdate":"20181012124824","msoid":3618,"centroidid":null,"shapeuuid":"62665075-6a4c-367d-9a8a-7f4bf23bac5b","changetype":"M","processstate":null,"urbanity":"U","Shape__Length":0.07243684466916177,"Shape__Area":0.0001921524188322001,"OBJECTID":11167,"cadid":108033152,"createdate":"19950728000000","modifieddate":"20181012124729"}},
{"type":"Feature","geometry":{"type":"Polygon","coordinates":[[[150.8270812981987,-33.78221153323844],[150.8293546598928,-33.771312227482944],[150.82928515606324,-33.76727662692876],[150.83349273963978,-33.767902263503224],[150.82987122007972,-33.76288838767049],[150.83092600407232,-33.7581387138044],[150.82552968942736,-33.75732912926],[150.818883238972,-33.75632339181354],[150.8157953406755,-33.75377433646677],[150.813805711451,-33.76351192254417],[150.80756722511302,-33.762230748428145],[150.8010526277371,-33.761353745666554],[150.80100912794063,-33.76026053576158],[150.79387788651403,-33.75930640012508],[150.7958445102777,-33.76427972170149],[150.79770047040208,-33.76585272330353],[150.80249837301707,-33.772466240426745],[150.8033866629842,-33.77679858606988],[150.81046370693957,-33.778211567547885],[150.8270812981987,-33.78221153323844]]]},"properties":{"suburbname":"MOUNT DRUITT","postcode":2770,"state":2,"startdate":"20181113093924","enddate":"30000101000000","lastupdate":"20181113094110","msoid":1309,"centroidid":null,"shapeuuid":"3b79269d-b28c-34f6-a7f1-dfe16b06b8cd","changetype":"M","processstate":null,"urbanity":"U","Shape__Length":0.12852632095448152,"Shape__Area":0.0006025496670819835,"OBJECTID":11363,"cadid":108030843,"createdate":"19950728000000","modifieddate":"20181113093728"}},
{"type":"Feature","geometry":{"type":"Polygon","coordinates":[[[150.99392844854245,-33.9664182750769],[150.9933203723636,-33.96401185376971],[150.99499917277322,-33.962490355637364],[150.99535419740985,-33.95586394337633],[150.98842893856073,-33.954879234781465],[150.98196187796736,-33.95805820166171],[150.98021116483105,-33.9618431906676],[150.98069062518522,-33.96425435191012],[150.98288600278804,-33.96572245982604],[150.98894999913594,-33.96569182484221],[150.99079585979152,-33.967482009326226],[150.99392844854245,-33.9664182750769]]]},"properties":{"suburbname":"EAST HILLS","postcode":2213,"state":2,"startdate":"20181217120710","enddate":"30000101000000","lastupdate":"20181217124227","msoid":1291,"centroidid":null,"shapeuuid":"de9a88f7-091a-3c3c-a2a2-5a1905fc5b7a","changetype":"M","processstate":null,"urbanity":"U","Shape__Length":0.05653895872057331,"Shape__Area":0.00013808113987840597,"OBJECTID":11634,"cadid":108030825,"createdate":"19950728000000","modifieddate":"20181217120641"}},
{"type":"Feature","geometry":{"type":"Polygon","coordinates":[[[150.96586100741476,-33.841125912881644],[150.96173366566055,-33.83861915389226],[150.95790385514388,-33.83793392371211],[150.956188783239,-33.843397656451074],[150.96052274186695,-33.84419085515804],[150.96272874825414,-33.844692960344425],[150.96374835060806,-33.84081124942361],[150.96586100741476,-33.841125912881644]]]},"properties":{"suburbname":"WOODPARK","postcode":2164,"state":2,"startdate":"20190123084406","enddate":"30000101000000","lastupdate":"20190123084444","msoid":3628,"centroidid":null,"shapeuuid":"89ef6edf-fd38-3baf-be1e-dd17b48a7fbd","changetype":"M","processstate":null,"urbanity":"U","Shape__Length":0.02859376409096906,"Shape__Area":0.00003813060609664224,"OBJECTID":11844,"cadid":108033162,"createdate":"19950728000000","modifieddate":"20190123084329"}},
{"type":"Feature","geometry":{"type":"Polygon","coordinates":[[[150.97052774473553,-33.9469005861059],[150.96371858041317,-33.94741240405543],[150.95498572934721,-33.946142257036755],[150.95130136731493,-33.94525593091912],[150.94633396933452,-33.94305612395277],[150.94239906241535,-33.94203306133385],[150.94666599178257,-33.94517898901909],[150.94787926617482,-33.94696118662622],[150.95308869349657,-33.95312802636323],[150.95740917227326,-33.9576557769694],[150.959342623216,-33.9583516930159],[150.96130918577484,-33.95436475678836],[150.96597990772185,-33.95462310105202],[150.96860503439189,-33.95449090420989],[150.97281760114174,-33.9519065206104],[150.97052774473553,-33.9469005861059]]]},"properties":{"suburbname":"HAMMONDVILLE","postcode":2170,"state":2,"startdate":"20190219135434","enddate":"30000101000000","lastupdate":"20190219135550","msoid":1300,"centroidid":null,"shapeuuid":"2290d144-672f-3f86-9ada-9a1deb0a36c8","changetype":"M","processstate":null,"urbanity":"U","Shape__Length":0.07749926159675437,"Shape__Area":0.00018863134645668518,"OBJECTID":11998,"cadid":108030834,"createdate":"19950728000000","modifieddate":"20190219135239"}},
{"type":"Feature","geometry":{"type":"Polygon","coordinates":[[[151.2275347072125,-33.86804272655063],[151.22882792498527,-33.86663615737559],[151.22840395178133,-33.86454498388865],[151.22912668344284,-33.86093274821439],[151.230844418662,-33.85918272066024],[151.2288537610956,-33.85809849361555],[151.2254769001542,-33.8619789598544],[151.22276695257398,-33.86769219703089],[151.22128669042505,-33.86902967036059],[151.2226515585338,-33.8690493981772],[151.22138883056735,-33.875081078789265],[151.2244434083658,-33.87597277600779],[151.22517737874446,-33.874026516651334],[151.225731816147,-33.86836470074511],[151.2275347072125,-33.86804272655063]]]},"properties":{"suburbname":"POTTS POINT","postcode":2011,"state":2,"startdate":"20190306114543","enddate":"30000101000000","lastupdate":"20190306114602","msoid":3542,"centroidid":null,"shapeuuid":"5bcb3060-a2fb-392a-bd96-2bdbea408cac","changetype":"M","processstate":null,"urbanity":"U","Shape__Length":0.052921260148734134,"Shape__Area":0.00005888863888853057,"OBJECTID":12150,"cadid":108033076,"createdate":"19950728000000","modifieddate":"20190306114457"}},
{"type":"Feature","geometry":{"type":"Polygon","coordinates":[[[151.17791560842855,-33.76815254289329],[151.17794303043834,-33.76738455359161],[151.17574165206238,-33.76781394943147],[151.1715870046228,-33.76700378315179],[151.16962815098586,-33.76874950971943],[151.1647417027744,-33.76984190840194],[151.16189484259965,-33.77105435275716],[151.15870569691242,-33.7754260055906],[151.15593090079653,-33.77639055939101],[151.14952008810184,-33.7755142917472],[151.14793176908762,-33.77700935810121],[151.14569074511883,-33.78240062707687],[151.14344408340932,-33.783103845658935],[151.14473870038714,-33.78545976883946],[151.14690994066905,-33.785801306651315],[151.14707121060005,-33.790976641300404],[151.14839486790652,-33.7942645767386],[151.1526709617152,-33.79040694324932],[151.15676886760969,-33.792098482105054],[151.15705493317662,-33.7919873831123],[151.16133044161606,-33.792094167785564],[151.16228982809744,-33.79130623258851],[151.1664142093352,-33.791959336978536],[151.161703369667,-33.786087585578684],[151.1667646049983,-33.78429159525327],[151.16867397816117,-33.785500616070415],[151.1725445920574,-33.78358056677944],[151.17392732430082,-33.78169681878051],[151.17386578330354,-33.77899482334716],[151.17608473754652,-33.7769254284551],[151.1807451539,-33.77481682137031],[151.1823306680186,-33.775181412066175],[151.17784557964552,-33.76949043718873],[151.17791560842855,-33.76815254289329]]]},"properties":{"suburbname":"LINDFIELD","postcode":2070,"state":2,"startdate":"20190312095432","enddate":"30000101000000","lastupdate":"20190312095527","msoid":1215,"centroidid":null,"shapeuuid":"91d8262c-d352-3902-8bde-c92bf8a20b3b","changetype":"M","processstate":null,"urbanity":"U","Shape__Length":0.15274300723144182,"Shape__Area":0.0005048669222601788,"OBJECTID":12204,"cadid":108030749,"createdate":"19950728000000","modifieddate":"20190312095302"}},
{"type":"Feature","geometry":{"type":"Polygon","coordinates":[[[151.19658358138972,-33.782041367712516],[151.19503978644332,-33.77847860571613],[151.1952780341817,-33.77704998854812],[151.19296859814096,-33.77330044316034],[151.19031133716294,-33.77355422248965],[151.18342644442043,-33.77566982360859],[151.1823306680186,-33.775181412066175],[151.1807451539,-33.77481682137031],[151.17608473754652,-33.7769254284551],[151.17386578330354,-33.77899482334716],[151.17392732430082,-33.78169681878051],[151.1725445920574,-33.78358056677944],[151.16867397816117,-33.785500616070415],[151.1667646049983,-33.78429159525327],[151.161703369667,-33.786087585578684],[151.1664142093352,-33.791959336978536],[151.16863717386926,-33.790542941756655],[151.1724177252586,-33.791613849902944],[151.18018350437686,-33.789145417550834],[151.18062716655768,-33.79092957400652],[151.19606193762309,-33.7861425463015],[151.1970174243459,-33.7848147361666],[151.200666809827,-33.78485375524645],[151.19658358138972,-33.782041367712516]]]},"properties":{"suburbname":"ROSEVILLE","postcode":2069,"state":2,"startdate":"20190312095432","enddate":"30000101000000","lastupdate":"20190312095527","msoid":3528,"centroidid":null,"shapeuuid":"c1119d45-ab38-3326-81dc-de220d31db16","changetype":"M","processstate":null,"urbanity":"U","Shape__Length":0.11412411655005608,"Shape__Area":0.00037663749423761533,"OBJECTID":12209,"cadid":108033062,"createdate":"19950728000000","modifieddate":"20190312095302"}},
{"type":"Feature","geometry":{"type":"Polygon","coordinates":[[[150.99253023743867,-33.88858077005504],[150.99404122183836,-33.887933440904156],[150.9931233790313,-33.884597873343345],[150.99433706782963,-33.87646835817603],[150.99352735709246,-33.873646970204156],[150.98869065614736,-33.872596770127906],[150.98119450526704,-33.87638999347469],[150.98056944347607,-33.87726003166257],[150.97614114771545,-33.87664511740406],[150.97539901442946,-33.88064711984213],[150.96777787137972,-33.88219921933897],[150.96792209034274,-33.886504366523425],[150.96952756504336,-33.888875938184896],[150.9739153294894,-33.88988036531916],[150.97785956882086,-33.891592450823225],[150.98680692143822,-33.893454757314345],[150.99096862445947,-33.89616165444731],[150.99253023743867,-33.88858077005504]]]},"properties":{"suburbname":"VILLAWOOD","postcode":2163,"state":2,"startdate":"20190314151923","enddate":"30000101000000","lastupdate":"20190314152051","msoid":135,"centroidid":null,"shapeuuid":"1c911e14-995a-34e5-8dd4-4cad9e2e73c4","changetype":"M","processstate":null,"urbanity":"U","Shape__Length":0.08810702329765674,"Shape__Area":0.00038007633149197956,"OBJECTID":12244,"cadid":108029669,"createdate":"19950728000000","modifieddate":"20190314151730"}},
{"type":"Feature","geometry":{"type":"Polygon","coordinates":[[[150.96777787137972,-33.88219921933897],[150.9666987588997,-33.88129732149578],[150.9657860880351,-33.877340410900835],[150.96026497848135,-33.87915832313181],[150.95810236089366,-33.88214192216779],[150.95816030450553,-33.88483108498573],[150.96259706823872,-33.887130562350755],[150.95894474069723,-33.88889604744826],[150.95958408441473,-33.89043764856026],[150.9671535394959,-33.89012799269574],[150.96952756504336,-33.888875938184896],[150.96792209034274,-33.886504366523425],[150.96777787137972,-33.88219921933897]]]},"properties":{"suburbname":"CARRAMAR","postcode":2163,"state":2,"startdate":"20190318165041","enddate":"30000101000000","lastupdate":"20190318165204","msoid":3607,"centroidid":null,"shapeuuid":"bc4b5744-7f80-3d08-9731-3ecad5defae1","changetype":"M","processstate":null,"urbanity":"U","Shape__Length":0.05406733847782631,"Shape__Area":0.00010096294383382755,"OBJECTID":12260,"cadid":108033141,"createdate":"19950728000000","modifieddate":"20190318164931"}},
{"type":"Feature","geometry":{"type":"Polygon","coordinates":[[[150.98549956324737,-33.870495757411916],[150.9906018020846,-33.863986405067514],[150.98252945786533,-33.857134013058875],[150.97910879330777,-33.860225440810304],[150.9788386506446,-33.86600074735456],[150.98091059276004,-33.866251522862605],[150.98025096013322,-33.869805244843725],[150.98549956324737,-33.870495757411916]]]},"properties":{"suburbname":"OLD GUILDFORD","postcode":2161,"state":2,"startdate":"20190319082939","enddate":"30000101000000","lastupdate":"20190319083144","msoid":148,"centroidid":null,"shapeuuid":"3a3a866a-5939-3060-aaa7-5110ed8f3379","changetype":"M","processstate":null,"urbanity":"U","Shape__Length":0.04046147635150317,"Shape__Area":0.00009492878611576912,"OBJECTID":12262,"cadid":108029682,"createdate":"19950728000000","modifieddate":"20190319082739"}},
{"type":"Feature","geometry":{"type":"Polygon","coordinates":[[[150.97637215917155,-33.903585429344474],[150.97349303317023,-33.9010828742616],[150.9726480357215,-33.89832505458817],[150.96825515288094,-33.89607783344642],[150.96837218091784,-33.89177226633649],[150.9671535394959,-33.89012799269574],[150.96583634753466,-33.891138376039876],[150.95951783358447,-33.89374865190783],[150.95508528765262,-33.89573985892996],[150.95167458576964,-33.89809104884026],[150.94699895332025,-33.8992552658649],[150.94338499452192,-33.90330986044935],[150.94311198177212,-33.904991008211596],[150.94979001289528,-33.90297707229969],[150.94982197530993,-33.90541613328789],[150.95814184757577,-33.899461984382526],[150.9608185110371,-33.89874950252301],[150.96503930366217,-33.89934200034061],[150.96657255646724,-33.900518271168],[150.96630800935029,-33.90271248032314],[150.96110263712796,-33.90335138740802],[150.96045216310404,-33.90523686125077],[150.9677139542878,-33.91064502456381],[150.9692368111611,-33.910952507217885],[150.9735166148075,-33.90989936885472],[150.97324326956235,-33.90718447754706],[150.97765898505006,-33.90895819070736],[150.97944690331718,-33.906386797454985],[150.97637215917155,-33.903585429344474]]]},"properties":{"suburbname":"LANSVALE","postcode":2166,"state":2,"startdate":"20190325124259","enddate":"30000101000000","lastupdate":"20190325152421","msoid":2453,"centroidid":null,"shapeuuid":"7c57ef11-61d0-369e-bf81-f6ce3b245d8c","changetype":"M","processstate":null,"urbanity":"U","Shape__Length":0.12118055408260345,"Shape__Area":0.000284762499038442,"OBJECTID":12307,"cadid":108031987,"createdate":"19950728000000","modifieddate":"20190325124123"}},
{"type":"Feature","geometry":{"type":"Polygon","coordinates":[[[151.16765245959218,-33.68794300924342],[151.16586021703864,-33.68532783332231],[151.1683869473726,-33.68310276699514],[151.1716493626036,-33.677080774811884],[151.16851039516644,-33.6758339642361],[151.16704626751567,-33.673140133649966],[151.16886505310472,-33.67134108517328],[151.16744199311626,-33.669909205450196],[151.16891575541496,-33.66731921952893],[151.1668705932758,-33.664072422238576],[151.16141909765497,-33.65996783020709],[151.1597342143536,-33.66046569870911],[151.15741898654522,-33.66371640858375],[151.15548320845798,-33.66348464752176],[151.1553742927749,-33.66646278853769],[151.15206360537636,-33.66905577967529],[151.14938499610093,-33.669377625441605],[151.1466180994709,-33.67464196416892],[151.14370053843402,-33.67555033910404],[151.14211968169477,-33.67756700635934],[151.1388990007022,-33.677559324816414],[151.13641007437332,-33.681775562820164],[151.1379779979514,-33.68338180245276],[151.1377695060141,-33.68438445422875],[151.13773050316672,-33.69306333252679],[151.14080931222276,-33.69686787583916],[151.1426752164325,-33.704087166576265],[151.14231955543312,-33.705508998862975],[151.14410309771282,-33.708670063272336],[151.14448999854324,-33.71178857405193],[151.14339493420496,-33.716354730708964],[151.1431071951844,-33.71962909909984],[151.1481129038914,-33.72016725572492],[151.14948348774263,-33.72291607749001],[151.15141361429056,-33.71799077960927],[151.15395211305378,-33.715728690288714],[151.1550663504379,-33.714379771487245],[151.15481200781701,-33.70803684738547],[151.15623319853938,-33.70458773078151],[151.1595447429995,-33.70190654302994],[151.15894103162552,-33.70047777916241],[151.16428988655596,-33.693361336280134],[151.16765245959218,-33.68794300924342]]]},"properties":{"suburbname":"NORTH TURRAMURRA","postcode":2074,"state":2,"startdate":"20190326100338","enddate":"30000101000000","lastupdate":"20190326100403","msoid":2356,"centroidid":null,"shapeuuid":"6ba17e04-1849-3e48-bff5-2f4ac020b334","changetype":"M","processstate":null,"urbanity":"R","Shape__Length":0.1833694184838741,"Shape__Area":0.0011350668578319488,"OBJECTID":12315,"cadid":108031890,"createdate":"19950728000000","modifieddate":"20190326100247"}},
{"type":"Feature","geometry":{"type":"Polygon","coordinates":[[[151.15395211305378,-33.715728690288714],[151.1560198003342,-33.7168570807317],[151.15900383132362,-33.716791656636],[151.16539449870086,-33.71792361565065],[151.1656063903359,-33.71304284830611],[151.16870319934822,-33.710366113744406],[151.16897313259184,-33.70754603788122],[151.1707083226603,-33.7064516795544],[151.17156230081176,-33.70356799020579],[151.17410050852052,-33.69951214289797],[151.17629620121218,-33.69795083481634],[151.17442763100124,-33.69482873681823],[151.1693664595434,-33.68876363635113],[151.16765245959218,-33.68794300924342],[151.16428988655596,-33.693361336280134],[151.15894103162552,-33.70047777916241],[151.1595447429995,-33.70190654302994],[151.15623319853938,-33.70458773078151],[151.15481200781701,-33.70803684738547],[151.1550663504379,-33.714379771487245],[151.15395211305378,-33.715728690288714]]]},"properties":{"suburbname":"ST IVES CHASE","postcode":2075,"state":2,"startdate":"20190326100338","enddate":"30000101000000","lastupdate":"20190326100403","msoid":3513,"centroidid":null,"shapeuuid":"51895ffc-c7fc-3e1f-8149-34f4a49dfcb9","changetype":"M","processstate":null,"urbanity":"U","Shape__Length":0.09279651102735914,"Shape__Area":0.0003385406545803469,"OBJECTID":12317,"cadid":108033047,"createdate":"19950728000000","modifieddate":"20190326100247"}},
{"type":"Feature","geometry":{"type":"Polygon","coordinates":[[[151.09113767020298,-33.91200948325698],[151.08338307103867,-33.90856627780922],[151.07719180913534,-33.90750725454559],[151.07654190650362,-33.9078444702813],[151.0869152771579,-33.92538962196394],[151.09042285463133,-33.93144390515066],[151.09888914627916,-33.92879078608848],[151.0998195797781,-33.92697521165092],[151.09685536103098,-33.92135318760309],[151.09822333693367,-33.920770142652366],[151.09597348916407,-33.9168776350443],[151.0963334148348,-33.91425538131423],[151.09113767020298,-33.91200948325698]]]},"properties":{"suburbname":"BELMORE","postcode":2192,"state":2,"startdate":"20190404110546","enddate":"30000101000000","lastupdate":"20190404111109","msoid":3558,"centroidid":null,"shapeuuid":"9a727238-72a9-3491-a4aa-a8ad9302b7fc","changetype":"M","processstate":null,"urbanity":"U","Shape__Length":0.08135382507616618,"Shape__Area":0.0002704515003261245,"OBJECTID":12375,"cadid":108033092,"createdate":"19950728000000","modifieddate":"20190404110118"}},
{"type":"Feature","geometry":{"type":"Polygon","coordinates":[[[150.93529419717538,-33.88137677352727],[150.93357864364833,-33.8797622773398],[150.92906328796911,-33.877544666266296],[150.92586294816417,-33.87439689260552],[150.92226166370884,-33.87569725646178],[150.91657419558808,-33.87446839726398],[150.91543430486993,-33.88075820791913],[150.91383157947266,-33.88218048497865],[150.90937531119914,-33.886378562782106],[150.92288512632066,-33.88826621279274],[150.93377532869192,-33.889454658816426],[150.93572311208166,-33.881848851042975],[150.93529419717538,-33.88137677352727]]]},"properties":{"suburbname":"CANLEY HEIGHTS","postcode":2166,"state":2,"startdate":"20190405121126","enddate":"30000101000000","lastupdate":"20190405121306","msoid":1294,"centroidid":null,"shapeuuid":"356e6e4e-f429-3a5d-a806-5c1b70fca4e1","changetype":"M","processstate":null,"urbanity":"U","Shape__Length":0.07961717071622712,"Shape__Area":0.00025578358348858117,"OBJECTID":12380,"cadid":108030828,"createdate":"19950728000000","modifieddate":"20190405121006"}},
{"type":"Feature","geometry":{"type":"Polygon","coordinates":[[[151.2659145377994,-33.89821750366344],[151.26097961230874,-33.897381131718774],[151.2582825559726,-33.899708251888526],[151.2566273369435,-33.90360652048733],[151.25936680861616,-33.905737630685614],[151.2596880851524,-33.907820874530856],[151.263614485169,-33.909972092208214],[151.27082585672701,-33.911060495692155],[151.27038613118035,-33.9066229218352],[151.2685733567202,-33.904060368435374],[151.27044889881182,-33.90140501544902],[151.2671483984711,-33.9002736858125],[151.2659145377994,-33.89821750366344]]]},"properties":{"suburbname":"BRONTE","postcode":2024,"state":2,"startdate":"20190416091829","enddate":"30000101000000","lastupdate":"20190416091844","msoid":121,"centroidid":null,"shapeuuid":"e937cd20-72cc-3de9-bd4f-5bb4c84aa03b","changetype":"M","processstate":null,"urbanity":"U","Shape__Length":0.0561481231251465,"Shape__Area":0.00012796194649007897,"OBJECTID":12432,"cadid":108029655,"createdate":"19950728000000","modifieddate":"20190416091804"}},
{"type":"Feature","geometry":{"type":"Polygon","coordinates":[[[151.06118274861993,-33.8664430950334],[151.05702522357785,-33.86469015928381],[151.04814078545314,-33.864882223474886],[151.046396215479,-33.87370170911966],[151.05169355768993,-33.884041869261296],[151.04927804632487,-33.885808229458235],[151.05601116711367,-33.88425232718454],[151.05858765520009,-33.88426781521066],[151.06146904827276,-33.882980053310604],[151.06208260230267,-33.879941590072654],[151.06409221674193,-33.88016682840179],[151.06556018899482,-33.872243205852214],[151.06118274861993,-33.8664430950334]]]},"properties":{"suburbname":"ROOKWOOD","postcode":2141,"state":2,"startdate":"20190506103151","enddate":"30000101000000","lastupdate":"20190506103221","msoid":2362,"centroidid":null,"shapeuuid":"9af3e515-3c8c-35c3-b9e6-47d07c478bd7","changetype":"M","processstate":null,"urbanity":"U","Shape__Length":0.07255326973065912,"Shape__Area":0.00029107747812317977,"OBJECTID":12535,"cadid":108031896,"createdate":"19950728000000","modifieddate":"20190506103131"}},
{"type":"Feature","geometry":{"type":"Polygon","coordinates":[[[151.1596928530525,-33.93332811203788],[151.15586177819102,-33.931401412840515],[151.15653785628996,-33.92903321921647],[151.15514455382112,-33.926476483872946],[151.1549753067205,-33.92626642290733],[151.15166253408293,-33.92779049002978],[151.14803457621693,-33.927214867210616],[151.14856142870354,-33.930341562365875],[151.15001183456192,-33.931830252165085],[151.14804123408385,-33.93570192616306],[151.14940234147332,-33.93710260772914],[151.15270600895687,-33.93383644604224],[151.15582495132801,-33.935760727608645],[151.1596928530525,-33.93332811203788]]]},"properties":{"suburbname":"WOLLI CREEK","postcode":2205,"state":2,"startdate":"20190605144302","enddate":"30000101000000","lastupdate":"20190605150158","msoid":3459,"centroidid":null,"shapeuuid":"e1a265fe-59f1-3160-9dcc-92a67fc636f4","changetype":"M","processstate":null,"urbanity":"U","Shape__Length":0.044105807476723116,"Shape__Area":0.00006487143071761912,"OBJECTID":12752,"cadid":108032993,"createdate":"20020607105455","modifieddate":"20190605142707"}},
{"type":"Feature","geometry":{"type":"Polygon","coordinates":[[[150.92503577549198,-33.72733358072872],[150.92007207780878,-33.72371864514797],[150.91829661050866,-33.72379534228983],[150.91908874801706,-33.72032166007874],[150.91671037746355,-33.71999026799685],[150.91078513908647,-33.71916550359774],[150.91026288998276,-33.72178717353337],[150.90940481299265,-33.726103604318],[150.91323585592002,-33.7266349237591],[150.91353512905616,-33.72973470125046],[150.9175310884695,-33.72972401813765],[150.92140684358526,-33.731209376248664],[150.92253422595508,-33.72887186761344],[150.92503577549198,-33.72733358072872]]]},"properties":{"suburbname":"PARKLEA","postcode":2768,"state":2,"startdate":"20190708112023","enddate":"30000101000000","lastupdate":"20190708112109","msoid":2466,"centroidid":null,"shapeuuid":"d105f333-968a-381e-9ad7-a6e519bee7ab","changetype":"M","processstate":null,"urbanity":"U","Shape__Length":0.04789857988895594,"Shape__Area":0.00010355397279594284,"OBJECTID":12916,"cadid":108032000,"createdate":"19950728000000","modifieddate":"20190708111920"}},
{"type":"Feature","geometry":{"type":"Polygon","coordinates":[[[150.90937531119914,-33.886378562782106],[150.91383157947266,-33.88218048497865],[150.90979043458637,-33.8816130337229],[150.90077516542158,-33.87407736574091],[150.89037378629422,-33.88253023029532],[150.90273556179181,-33.890946136179046],[150.90754331685525,-33.889361044067854],[150.90937531119914,-33.886378562782106]]]},"properties":{"suburbname":"ST JOHNS PARK","postcode":2176,"state":2,"startdate":"20190708154624","enddate":"30000101000000","lastupdate":"20190708154726","msoid":1297,"centroidid":null,"shapeuuid":"eb6113d6-2d06-3795-acc5-0d3f54f60176","changetype":"M","processstate":null,"urbanity":"U","Shape__Length":0.060473762557249976,"Shape__Area":0.00019229163339717272,"OBJECTID":12927,"cadid":108030831,"createdate":"19950728000000","modifieddate":"20190708154439"}},
{"type":"Feature","geometry":{"type":"Polygon","coordinates":[[[151.03788904935186,-33.899018196056204],[151.04356707077537,-33.89974945022293],[151.04533625128298,-33.900784434317785],[151.04973332715255,-33.89671882200189],[151.05720132902658,-33.89138590274687],[151.05858765520009,-33.88426781521066],[151.05601116711367,-33.88425232718454],[151.04927804632487,-33.885808229458235],[151.0494988184772,-33.88708744242337],[151.03963781076453,-33.88775176898468],[151.03930066462843,-33.88777274466269],[151.03854455460316,-33.8918654739556],[151.03984743135976,-33.89200678317646],[151.03860634089898,-33.89874338735179],[151.03788904935186,-33.899018196056204]]]},"properties":{"suburbname":"CHULLORA","postcode":2190,"state":2,"startdate":"20190716105550","enddate":"30000101000000","lastupdate":"20190716105630","msoid":3551,"centroidid":null,"shapeuuid":"30c542e5-e8ef-3159-9e7c-107d84316e00","changetype":"M","processstate":null,"urbanity":"U","Shape__Length":0.06723682956060151,"Shape__Area":0.00020059879570244444,"OBJECTID":12986,"cadid":108033085,"createdate":"19950728000000","modifieddate":"20190716105459"}},
{"type":"Feature","geometry":{"type":"Polygon","coordinates":[[[151.08238445600261,-33.845469127686876],[151.08518091567532,-33.84481332887573],[151.08542414768556,-33.83835173183015],[151.084303380392,-33.83719096641225],[151.08352389184472,-33.83643773967325],[151.08238445600261,-33.845469127686876]]]},"properties":{"suburbname":"LIBERTY GROVE","postcode":2138,"state":2,"startdate":"20190724155711","enddate":"30000101000000","lastupdate":"20190724155851","msoid":1130,"centroidid":null,"shapeuuid":"f6048701-d7d8-3316-a1b9-013665e152c9","changetype":"M","processstate":null,"urbanity":"U","Shape__Length":0.021987411660914873,"Shape__Area":0.00002011602624321819,"OBJECTID":13034,"cadid":108030664,"createdate":"19980414102225","modifieddate":"20190724155505"}},
{"type":"Feature","geometry":{"type":"Polygon","coordinates":[[[150.993614750404,-33.81854849496861],[150.98444811459822,-33.81961031286094],[150.98307943055707,-33.81922171131177],[150.98825936850986,-33.82387772705481],[150.99027821100242,-33.82129138608536],[150.99412687441497,-33.821510421308666],[150.993614750404,-33.81854849496861]]]},"properties":{"suburbname":"MAYS HILL","postcode":2145,"state":2,"startdate":"20190807151253","enddate":"30000101000000","lastupdate":"20190807151510","msoid":1314,"centroidid":null,"shapeuuid":"7bcdcb3c-f36a-35d5-bca1-013b6f17c3c3","changetype":"M","processstate":null,"urbanity":"U","Shape__Length":0.028819683996456655,"Shape__Area":0.000029089492836315234,"OBJECTID":13099,"cadid":108030848,"createdate":"19950728000000","modifieddate":"20190807151019"}},
{"type":"Feature","geometry":{"type":"Polygon","coordinates":[[[151.07351969496287,-33.94118702915299],[151.07552108886094,-33.9396943090366],[151.08498022727346,-33.93580995316775],[151.08790588347347,-33.93461615078235],[151.08733411595668,-33.93281521339958],[151.09042285463133,-33.93144390515066],[151.0869152771579,-33.92538962196394],[151.07592825151133,-33.928643334344294],[151.06383786010417,-33.93120046506108],[151.06012164319694,-33.93176667418473],[151.06204373127252,-33.9351827588215],[151.06149633513743,-33.938120282609255],[151.06552130515703,-33.939840221563244],[151.07351969496287,-33.94118702915299]]]},"properties":{"suburbname":"ROSELANDS","postcode":2196,"state":2,"startdate":"20190905100956","enddate":"30000101000000","lastupdate":"20190911114011","msoid":91,"centroidid":null,"shapeuuid":"a57282b9-b001-3fc5-86f3-7f51063466d7","changetype":"M","processstate":null,"urbanity":"U","Shape__Length":0.08057337798082359,"Shape__Area":0.0002664857898184491,"OBJECTID":13294,"cadid":108029625,"createdate":"19950728000000","modifieddate":"20190905095503"}},
{"type":"Feature","geometry":{"type":"Polygon","coordinates":[[[151.13795906410647,-33.774416090048824],[151.13689063245664,-33.77600988634349],[151.1320390110954,-33.77454036406132],[151.13338882475023,-33.773290103024],[151.12918367458641,-33.77226545577196],[151.1264398760239,-33.7727602550805],[151.12340272181316,-33.770157346206105],[151.1219555269602,-33.77005847189372],[151.12017641442307,-33.76727244176377],[151.11875632130693,-33.762470183263616],[151.11561158479654,-33.7611956070036],[151.1160731359644,-33.76237639094489],[151.1119492473103,-33.76659958812737],[151.11284134270255,-33.76724484909128],[151.10910584094782,-33.77087005461438],[151.10489482994973,-33.76781945194053],[151.10360772227583,-33.76931484569925],[151.10765540096065,-33.77227002691139],[151.10465638799738,-33.775134439901265],[151.11687605730313,-33.784140788233735],[151.1234835336977,-33.78636075791485],[151.1261606484708,-33.78776480555148],[151.13440980258116,-33.79422989482021],[151.1364886036579,-33.79398879139082],[151.14713827093868,-33.79630172988336],[151.14839486790652,-33.7942645767386],[151.14707121060005,-33.790976641300404],[151.14690994066905,-33.785801306651315],[151.14473870038714,-33.78545976883946],[151.14344408340932,-33.783103845658935],[151.1424504383971,-33.781145618116206],[151.13953147683407,-33.78200621288308],[151.13868323990062,-33.77901895704093],[151.14013738023996,-33.77662377084706],[151.13795906410647,-33.774416090048824]]]},"properties":{"suburbname":"MACQUARIE PARK","postcode":2113,"state":2,"startdate":"20190917104235","enddate":"30000101000000","lastupdate":"20190917104352","msoid":2384,"centroidid":null,"shapeuuid":"9636c4e3-7b67-3801-a288-01be53174ca2","changetype":"M","processstate":null,"urbanity":"U","Shape__Length":0.1527512262197369,"Shape__Area":0.0006573605766398911,"OBJECTID":13344,"cadid":108031918,"createdate":"19950728000000","modifieddate":"20190917104105"}},
{"type":"Feature","geometry":{"type":"Polygon","coordinates":[[[151.2295195922498,-33.70944807400821],[151.21669763694717,-33.70766512484608],[151.21251074790973,-33.700744603628735],[151.20982830921022,-33.70197304711867],[151.20627661817542,-33.703840041914304],[151.20368683593864,-33.70627884111431],[151.19717892184275,-33.70601937705461],[151.19382444604184,-33.707419933562974],[151.1905315619373,-33.70760676821267],[151.18916085850307,-33.71615553338969],[151.18770524942792,-33.718943411277955],[151.18865936724578,-33.724777743207184],[151.19202372735023,-33.726731742135506],[151.19174155902112,-33.72817442188707],[151.18796294311556,-33.728043733977195],[151.18559057623952,-33.72983656996057],[151.19192390594776,-33.731015007951534],[151.19364769083302,-33.73477705450454],[151.19615632422546,-33.73694222366915],[151.20182215109398,-33.73697354493036],[151.20474374063699,-33.73702438883722],[151.2090040633684,-33.740479514515364],[151.21149959871843,-33.73936849820402],[151.21620153080747,-33.739985238461394],[151.21612030131968,-33.7415153857351],[151.22062900940165,-33.74156393033115],[151.22088791572148,-33.740430495610745],[151.2247331428041,-33.73996049105596],[151.22711027718628,-33.7389220912715],[151.2279412678051,-33.73680825699321],[151.22999062520213,-33.73675052684591],[151.23102096137313,-33.73439291699409],[151.22808608544798,-33.733980764184494],[151.2294501782417,-33.73164194864736],[151.22768973692615,-33.730864602855206],[151.22817651133798,-33.728457115316154],[151.2305040101935,-33.72832261484965],[151.23182308631155,-33.72174123558512],[151.23387958825418,-33.71665371143641],[151.2379329630279,-33.71471484522152],[151.23664654325594,-33.710439556589975],[151.2295195922498,-33.70944807400821]]]},"properties":{"suburbname":"BELROSE","postcode":2085,"state":2,"startdate":"20190924103250","enddate":"30000101000000","lastupdate":"20190924103324","msoid":1202,"centroidid":null,"shapeuuid":"ba6ea627-1662-3204-acfc-ca546867b8c3","changetype":"M","processstate":null,"urbanity":"R","Shape__Length":0.19591695339383242,"Shape__Area":0.0013600686672773437,"OBJECTID":13378,"cadid":108030736,"createdate":"19950728000000","modifieddate":"20190924103209"}},
{"type":"Feature","geometry":{"type":"Polygon","coordinates":[[[151.0715214561207,-33.85627480922793],[151.07052158612385,-33.856970202119236],[151.06436737450517,-33.85570396655624],[151.0612686351964,-33.85949103176686],[151.05999573230298,-33.86389949225732],[151.05702522357785,-33.86469015928381],[151.06118274861993,-33.8664430950334],[151.06830785240484,-33.86944222338652],[151.06961271470513,-33.86952688173431],[151.0727914193349,-33.86797868273046],[151.07301839543402,-33.86530452136914],[151.07561449020216,-33.86118299537382],[151.07661671637752,-33.85854014472506],[151.0715214561207,-33.85627480922793]]]},"properties":{"suburbname":"HOMEBUSH WEST","postcode":2140,"state":2,"startdate":"20190925164653","enddate":"30000101000000","lastupdate":"20190925164956","msoid":3543,"centroidid":null,"shapeuuid":"389e649b-a2fc-38ba-8647-edcc863dc78f","changetype":"M","processstate":null,"urbanity":"U","Shape__Length":0.07285529639564312,"Shape__Area":0.00015779540208638634,"OBJECTID":13399,"cadid":108033077,"createdate":"19950728000000","modifieddate":"20190925164343"}},
{"type":"Feature","geometry":{"type":"Polygon","coordinates":[[[150.9880608770461,-34.03012764870165],[150.98589305857814,-34.02830080394267],[150.9786592854199,-34.027270075675595],[150.9805928274894,-34.017174643014464],[150.96919520320674,-34.02526141252106],[150.96425713370297,-34.02845060569992],[150.96235713595203,-34.030647102458325],[150.9603620109937,-34.03497977016093],[150.9589598757763,-34.04065781720636],[150.95914395511807,-34.043636997447365],[150.96250623906568,-34.049218599997914],[150.96729004760934,-34.05283493571834],[150.97117162305045,-34.054156464852156],[150.98140786918535,-34.055348918831335],[150.98834029948029,-34.05902286282647],[150.99361275383546,-34.05839727874711],[150.99632064554902,-34.060170826521556],[150.99530918902818,-34.05611965030685],[150.99570759601198,-34.0524669938679],[150.99543830191314,-34.04809670913563],[150.99697723692012,-34.04701550852617],[150.99479981915528,-34.04342804976789],[150.9923801654385,-34.04110234509993],[150.98714740398376,-34.03830665677328],[150.9903668171473,-34.03584479294999],[150.99088068255995,-34.03053090434053],[150.9880608770461,-34.03012764870165]]]},"properties":{"suburbname":"LUCAS HEIGHTS","postcode":2234,"state":2,"startdate":"20191021084617","enddate":"30000101000000","lastupdate":"20191021084626","msoid":117,"centroidid":null,"shapeuuid":"641c6b31-d615-3619-ac4a-cb75ec4cc361","changetype":"M","processstate":null,"urbanity":"R","Shape__Length":0.1438878168596097,"Shape__Area":0.0009375432058562651,"OBJECTID":13555,"cadid":108029651,"createdate":"19950728000000","modifieddate":"20191021084543"}},
{"type":"Feature","geometry":{"type":"Polygon","coordinates":[[[151.0188632532541,-34.02423872588405],[151.01536411798645,-34.02487166430042],[151.00819118679098,-34.02381707698216],[151.0070971009244,-34.025398200279405],[151.00142203766316,-34.0245689662166],[151.00002814889183,-34.023278833668556],[150.9956547225509,-34.02562772719694],[150.9910157676769,-34.024528677433544],[150.9880608770461,-34.03012764870165],[150.99088068255995,-34.03053090434053],[150.9903668171473,-34.03584479294999],[150.98714740398376,-34.03830665677328],[150.9923801654385,-34.04110234509993],[150.99479981915528,-34.04342804976789],[150.99697723692012,-34.04701550852617],[151.00027623687654,-34.046023407028855],[151.00034756544636,-34.04363434625177],[151.00263538785643,-34.04240076590268],[151.0058974771355,-34.04644413837292],[151.01180140819395,-34.04442575026987],[151.01356824159367,-34.043287325570944],[151.01393220363943,-34.04089985251125],[151.01486600385613,-34.039261470203975],[151.02001437412406,-34.03531929763848],[151.01814246584675,-34.032747014043196],[151.01852119795876,-34.03119100295646],[151.0211189144295,-34.028066937222434],[151.01936898662998,-34.02767388852868],[151.0188632532541,-34.02423872588405]]]},"properties":{"suburbname":"BARDEN RIDGE","postcode":2234,"state":2,"startdate":"20191021084617","enddate":"30000101000000","lastupdate":"20191021084626","msoid":4571,"centroidid":null,"shapeuuid":"0e30780c-2d8e-3fd2-b8d9-504775297e5b","changetype":"M","processstate":null,"urbanity":"R","Shape__Length":0.12254845781291543,"Shape__Area":0.0005443847275300913,"OBJECTID":13556,"cadid":108034105,"createdate":"19960129155452","modifieddate":"20191021084543"}},
{"type":"Feature","geometry":{"type":"Polygon","coordinates":[[[150.81291192129524,-33.82234596729616],[150.8130119237331,-33.82046791286171],[150.81493684840214,-33.818419346205964],[150.81492210341634,-33.814241814963],[150.81384522574277,-33.81363191457862],[150.81425740010826,-33.80901861006937],[150.8151809344102,-33.80576091548954],[150.81410659362066,-33.804329217658],[150.8140217108013,-33.79884909543529],[150.81161633180002,-33.79611275132108],[150.81022835608894,-33.792802469590406],[150.81131643155484,-33.79129503447861],[150.80759895461327,-33.791116928392434],[150.80600379328297,-33.79667381443596],[150.79293886024814,-33.80488209596498],[150.78835945605596,-33.8084481688309],[150.7866817128056,-33.810764686209055],[150.77532091835536,-33.81170754515862],[150.77585493377796,-33.81363557370205],[150.77626668096877,-33.82241770649585],[150.77897206683025,-33.82725024430472],[150.80885946180345,-33.82276588468562],[150.81291192129524,-33.82234596729616]]]},"properties":{"suburbname":"ERSKINE PARK","postcode":2759,"state":2,"startdate":"20191029081559","enddate":"30000101000000","lastupdate":"20191029081844","msoid":3629,"centroidid":null,"shapeuuid":"342aea98-8b4d-36a2-8720-a6426bec0599","changetype":"M","processstate":null,"urbanity":"U","Shape__Length":0.1450259603340776,"Shape__Area":0.0008147123256033428,"OBJECTID":13614,"cadid":108033163,"createdate":"19950728000000","modifieddate":"20191029081300"}},
{"type":"Feature","geometry":{"type":"Polygon","coordinates":[[[151.11561643216547,-33.96994760204285],[151.1133046488473,-33.96962142059074],[151.10830231639926,-33.972047120793924],[151.11323237128966,-33.97717586763538],[151.11420102510255,-33.97659910864062],[151.11681123519125,-33.97615176187152],[151.12032008783166,-33.97196677517637],[151.11896076573402,-33.969498290148714],[151.11561643216547,-33.96994760204285]]]},"properties":{"suburbname":"ALLAWAH","postcode":2218,"state":2,"startdate":"20191128123608","enddate":"30000101000000","lastupdate":"20191128123638","msoid":2407,"centroidid":null,"shapeuuid":"ade2d120-0607-36c2-8987-eabde4b14b09","changetype":"M","processstate":null,"urbanity":"U","Shape__Length":0.0427409653518935,"Shape__Area":0.000058150757639893176,"OBJECTID":13845,"cadid":108031941,"createdate":"19950728000000","modifieddate":"20191128123536"}},
{"type":"Feature","geometry":{"type":"Polygon","coordinates":[[[151.0869152771579,-33.92538962196394],[151.07654190650362,-33.9078444702813],[151.07509198610617,-33.91002763122375],[151.07274030849635,-33.911535421323386],[151.06834971984756,-33.91304838006315],[151.06423121297453,-33.91658484346208],[151.06532423625498,-33.917280658517605],[151.06780861660437,-33.91645445052377],[151.07075544014378,-33.921537607163266],[151.07188039941528,-33.921634820718744],[151.07592825151133,-33.928643334344294],[151.0869152771579,-33.92538962196394]]]},"properties":{"suburbname":"LAKEMBA","postcode":2195,"state":2,"startdate":"20191217085548","enddate":"30000101000000","lastupdate":"20191217085620","msoid":1247,"centroidid":null,"shapeuuid":"ed855946-2412-3a79-9f37-4078f4a83093","changetype":"M","processstate":null,"urbanity":"U","Shape__Length":0.07351045483822426,"Shape__Area":0.00021242747075412343,"OBJECTID":13981,"cadid":108030781,"createdate":"19950728000000","modifieddate":"20191217085508"}},
{"type":"Feature","geometry":{"type":"Polygon","coordinates":[[[151.07592825151133,-33.928643334344294],[151.07188039941528,-33.921634820718744],[151.07075544014378,-33.921537607163266],[151.06780861660437,-33.91645445052377],[151.06532423625498,-33.917280658517605],[151.060042231411,-33.921939386331175],[151.06468606049847,-33.930758307215875],[151.06383786010417,-33.93120046506108],[151.07592825151133,-33.928643334344294]]]},"properties":{"suburbname":"WILEY PARK","postcode":2195,"state":2,"startdate":"20191217085548","enddate":"30000101000000","lastupdate":"20191217085620","msoid":1248,"centroidid":null,"shapeuuid":"3523fadc-8005-38e9-9ab3-c6c00b35d055","changetype":"M","processstate":null,"urbanity":"U","Shape__Length":0.0549442957951086,"Shape__Area":0.00013276244738968723,"OBJECTID":13982,"cadid":108030782,"createdate":"19950728000000","modifieddate":"20191217085508"}},
{"type":"Feature","geometry":{"type":"Polygon","coordinates":[[[150.99611704232703,-33.833707392824635],[151.00075309029447,-33.83019998584667],[151.004159849516,-33.829323834134364],[151.0039740369276,-33.82650676103646],[150.99670270108007,-33.82766406267565],[150.9942592531749,-33.826706419792956],[150.99243462181522,-33.83294967125168],[150.99611704232703,-33.833707392824635]]]},"properties":{"suburbname":"HOLROYD","postcode":2142,"state":2,"startdate":"20191219111230","enddate":"30000101000000","lastupdate":"20191219111308","msoid":157,"centroidid":null,"shapeuuid":"f10dba42-cf31-30af-ba17-0b87cc825bfa","changetype":"M","processstate":null,"urbanity":"U","Shape__Length":0.03337040705439183,"Shape__Area":0.000048750830704968124,"OBJECTID":13994,"cadid":108029691,"createdate":"19950728000000","modifieddate":"20191219111150"}},
{"type":"Feature","geometry":{"type":"Polygon","coordinates":[[[151.0898911839644,-33.8330968124988],[151.09052588612323,-33.829291415699046],[151.09312570333645,-33.828480301712396],[151.09429719726856,-33.82568703626808],[151.09216808765913,-33.8234965129858],[151.08706969688257,-33.82316602117764],[151.08321933814858,-33.82789682597636],[151.08322419901657,-33.836161980052886],[151.08352389184472,-33.83643773967325],[151.084303380392,-33.83719096641225],[151.0884666912516,-33.835063868544964],[151.0898911839644,-33.8330968124988]]]},"properties":{"suburbname":"RHODES","postcode":2138,"state":2,"startdate":"20200204092530","enddate":"30000101000000","lastupdate":"20200204092557","msoid":1210,"centroidid":null,"shapeuuid":"fcf2569a-09df-31e9-b6fe-e366a10fdd03","changetype":"M","processstate":null,"urbanity":"U","Shape__Length":0.045674843263410196,"Shape__Area":0.00009672457746751919,"OBJECTID":14346,"cadid":108030744,"createdate":"19950728000000","modifieddate":"20200204092448"}},
{"type":"Feature","geometry":{"type":"Polygon","coordinates":[[[150.8848336190727,-33.869769262794534],[150.88234254425637,-33.868760088420686],[150.8754315203653,-33.87281665852666],[150.8699321653094,-33.87241208375782],[150.8694348751251,-33.87466571763581],[150.86468633361434,-33.8834275882907],[150.87489330648893,-33.887341824941416],[150.8814353456059,-33.888404032206395],[150.88264223632427,-33.88910703097187],[150.8868311695004,-33.886094207249265],[150.89037378629422,-33.88253023029532],[150.88729636498024,-33.881237858185614],[150.88497104340175,-33.876019629050816],[150.8848336190727,-33.869769262794534]]]},"properties":{"suburbname":"EDENSOR PARK","postcode":2176,"state":2,"startdate":"20200513102134","enddate":"30000101000000","lastupdate":"20200513102156","msoid":1295,"centroidid":null,"shapeuuid":"5724a21b-98d5-35d2-8ae3-32d45df2a5be","changetype":"M","processstate":null,"urbanity":"U","Shape__Length":0.07900982761579087,"Shape__Area":0.0003038068322367917,"OBJECTID":15173,"cadid":108030829,"createdate":"19950728000000","modifieddate":"20200513101950"}},
{"type":"Feature","geometry":{"type":"Polygon","coordinates":[[[150.89793086442458,-33.868298884723174],[150.89161151960994,-33.86969091036486],[150.89081915842652,-33.87045412183804],[150.8848336190727,-33.869769262794534],[150.88497104340175,-33.876019629050816],[150.88729636498024,-33.881237858185614],[150.89037378629422,-33.88253023029532],[150.90077516542158,-33.87407736574091],[150.89793086442458,-33.868298884723174]]]},"properties":{"suburbname":"GREENFIELD PARK","postcode":2176,"state":2,"startdate":"20200513102134","enddate":"30000101000000","lastupdate":"20200513102156","msoid":1296,"centroidid":null,"shapeuuid":"b445077e-19cf-3be6-9f32-a371c355b7fc","changetype":"M","processstate":null,"urbanity":"U","Shape__Length":0.05289206165025096,"Shape__Area":0.00014581832841535305,"OBJECTID":15174,"cadid":108030830,"createdate":"19950728000000","modifieddate":"20200513101950"}},
{"type":"Feature","geometry":{"type":"Polygon","coordinates":[[[150.83078072371427,-33.91066461311031],[150.82476897389574,-33.909834475232984],[150.8184141776469,-33.900227579636216],[150.81272042006367,-33.90311310627167],[150.81000964372063,-33.89674801268977],[150.80492014167123,-33.89825497935789],[150.80763062805755,-33.90462021184575],[150.8070797162626,-33.90746932317761],[150.8049715172685,-33.90693937254889],[150.79641981942612,-33.90611041147753],[150.79478093370963,-33.915994548474394],[150.79260948523054,-33.927315498441594],[150.78993361822646,-33.92695593087633],[150.78724352551782,-33.93044225627736],[150.78663989671983,-33.93544863294586],[150.7882385099356,-33.93802684480894],[150.78865892422888,-33.94264160665855],[150.78983758282365,-33.94631761865594],[150.79165276916788,-33.94831371098525],[150.81304659617393,-33.95121413890657],[150.82301634872044,-33.95201002837809],[150.8213881348016,-33.94919589702703],[150.82169566457114,-33.947398341538005],[150.81940367413483,-33.9458944562743],[150.82039505064617,-33.94155524784379],[150.82166569958534,-33.939655468471955],[150.81949535562887,-33.93684933417693],[150.8224412197243,-33.93463842404181],[150.82119909222595,-33.9283827960321],[150.8254433540421,-33.92583154202468],[150.82955181296452,-33.92058709693205],[150.8285481255127,-33.918076726201186],[150.829151311056,-33.913638123355646],[150.8310092700695,-33.912521254153944],[150.83078072371427,-33.91066461311031]]]},"properties":{"suburbname":"AUSTRAL","postcode":2179,"state":2,"startdate":"20200605182723","enddate":"30000101000000","lastupdate":"20200605182850","msoid":141,"centroidid":null,"shapeuuid":"367f7b1d-3c70-32f4-9c15-fdcc7c700a85","changetype":"M","processstate":null,"urbanity":"R","Shape__Length":0.19297748843847048,"Shape__Area":0.0015227715672199063,"OBJECTID":15333,"cadid":108029675,"createdate":"19950728000000","modifieddate":"20200605182432"}},
{"type":"Feature","geometry":{"type":"Polygon","coordinates":[[[150.89602623563255,-33.80294352859815],[150.8969479833558,-33.79803260054678],[150.88842269393345,-33.795453267380175],[150.88021339506633,-33.79367897290515],[150.8716515898213,-33.79225357257929],[150.87019055257292,-33.8004311378161],[150.88011810797525,-33.80123554530797],[150.88596936473024,-33.80096734591891],[150.88832261410064,-33.80002517057951],[150.88901247152444,-33.80235072185488],[150.89602623563255,-33.80294352859815]]]},"properties":{"suburbname":"HUNTINGWOOD","postcode":2148,"state":2,"startdate":"20200722124857","enddate":"30000101000000","lastupdate":"20200722124937","msoid":3620,"centroidid":null,"shapeuuid":"94d3a8fb-d2bc-3e31-906b-0a906327e8b3","changetype":"M","processstate":null,"urbanity":"R","Shape__Length":0.06754228310887243,"Shape__Area":0.00017463393476067915,"OBJECTID":15647,"cadid":108033154,"createdate":"19950728000000","modifieddate":"20200722124747"}},
{"type":"Feature","geometry":{"type":"Polygon","coordinates":[[[151.02121003028694,-33.78262144474719],[151.0206519308806,-33.780091896481125],[151.01328514010288,-33.779106653941355],[151.0140962397583,-33.78153760534051],[151.01208007190326,-33.78181280262062],[151.01013450609435,-33.78355552082372],[151.0081187983901,-33.78789694320743],[150.9997904172631,-33.7933505670894],[150.999276625074,-33.79643781429086],[150.99608875238366,-33.79882265711712],[150.99570574933085,-33.80084335850935],[150.9989887552502,-33.804006380905584],[151.00522398765435,-33.80452332237278],[151.0079349839796,-33.8038411235169],[151.00696341309654,-33.80883966093895],[151.00970442751202,-33.80915531118923],[151.02021018955554,-33.8079480250728],[151.02180811174551,-33.80539175808199],[151.0250499666906,-33.80403875961257],[151.02192422999673,-33.800578897574404],[151.01552802325816,-33.79835763581441],[151.01365021878988,-33.795695680424316],[151.01777724448417,-33.79410597758539],[151.0222720361381,-33.789916588560395],[151.02775705057462,-33.787975490273894],[151.02675113726391,-33.7827443282569],[151.02142657424747,-33.783603207610184],[151.02121003028694,-33.78262144474719]]]},"properties":{"suburbname":"NORTH PARRAMATTA","postcode":2151,"state":2,"startdate":"20200727145811","enddate":"30000101000000","lastupdate":"20200727145842","msoid":3519,"centroidid":null,"shapeuuid":"a320a78a-2f84-332c-bd67-69370fdf3741","changetype":"M","processstate":null,"urbanity":"U","Shape__Length":0.13804987791869655,"Shape__Area":0.0005094706848895562,"OBJECTID":15680,"cadid":108033053,"createdate":"19950728000000","modifieddate":"20200727145657"}},
{"type":"Feature","geometry":{"type":"Polygon","coordinates":[[[150.78395930863192,-33.74094209693248],[150.77814822676453,-33.74372606834393],[150.77685194992202,-33.749443423164045],[150.77484430163832,-33.76209250326002],[150.78949208357474,-33.76447483119985],[150.79770047040208,-33.76585272330353],[150.7958445102777,-33.76427972170149],[150.79387788651403,-33.75930640012508],[150.79167713174402,-33.75538087003006],[150.7921639520622,-33.75288935704748],[150.78903233640062,-33.75130148261126],[150.78954158229024,-33.74942747093965],[150.7886360685622,-33.74632211281139],[150.78672758615284,-33.74634330631735],[150.7849165425809,-33.74424316091385],[150.78395930863192,-33.74094209693248]]]},"properties":{"suburbname":"NORTH ST MARYS","postcode":2760,"state":2,"startdate":"20200914110729","enddate":"30000101000000","lastupdate":"20200914111012","msoid":160,"centroidid":null,"shapeuuid":"5dcdddc0-8ef9-31e6-b515-18c679e19731","changetype":"M","processstate":null,"urbanity":"U","Shape__Length":0.086362125814635,"Shape__Area":0.00031077929045776614,"OBJECTID":16003,"cadid":108029694,"createdate":"19950728000000","modifieddate":"20200914110244"}},
{"type":"Feature","geometry":{"type":"Polygon","coordinates":[[[150.80815612232286,-33.88060624108452],[150.8151128171364,-33.879214779104906],[150.8201956820488,-33.85270311277172],[150.82217216088702,-33.842663542025996],[150.8059555551541,-33.84052616243316],[150.80127418542472,-33.864907819965936],[150.79388639815443,-33.86401913560596],[150.79675487115594,-33.86899826340397],[150.80264873227455,-33.875916480120964],[150.80815612232286,-33.88060624108452]]]},"properties":{"suburbname":"MOUNT VERNON","postcode":2178,"state":2,"startdate":"20201026141133","enddate":"30000101000000","lastupdate":"20201026141409","msoid":2461,"centroidid":null,"shapeuuid":"44b0c33f-0d2c-3ee7-af6e-a53708d15e77","changetype":"M","processstate":null,"urbanity":"R","Shape__Length":0.11570549485312806,"Shape__Area":0.0006386751322920008,"OBJECTID":16329,"cadid":108031995,"createdate":"19950728000000","modifieddate":"20201026140708"}},
{"type":"Feature","geometry":{"type":"Polygon","coordinates":[[[151.0796824741285,-33.705296369063426],[151.0807614990068,-33.69975704348454],[151.08095254744077,-33.69601419976555],[151.0819955028953,-33.69373236056103],[151.07759671853984,-33.69597937623951],[151.07259930336423,-33.70077630356364],[151.06710190799515,-33.70403856734778],[151.06710612135515,-33.70940786907152],[151.06264178568793,-33.712225988078295],[151.0609372669709,-33.715427611777194],[151.058219524601,-33.717070331223354],[151.05806299316944,-33.71922339731257],[151.05907776344185,-33.72093157591323],[151.06364990661817,-33.72308418648422],[151.06866809256005,-33.72350612398975],[151.06951936663333,-33.724953727825515],[151.07102517718928,-33.72449429889202],[151.07184540764396,-33.72131379336821],[151.0759537824163,-33.72274749215345],[151.07790636760043,-33.720399343100226],[151.07997749900366,-33.71115110791078],[151.07842487057346,-33.711445933754185],[151.0796824741285,-33.705296369063426]]]},"properties":{"suburbname":"WESTLEIGH","postcode":2120,"state":2,"startdate":"20201105161511","enddate":"30000101000000","lastupdate":"20201105161532","msoid":3511,"centroidid":null,"shapeuuid":"94bcd3fd-e5fd-33d0-89bd-9670f0ed1d0a","changetype":"M","processstate":null,"urbanity":"U","Shape__Length":0.1043006297042142,"Shape__Area":0.00037203859218745244,"OBJECTID":16394,"cadid":108033045,"createdate":"19950728000000","modifieddate":"20201105161408"}},
{"type":"Feature","geometry":{"type":"Polygon","coordinates":[[[150.87545185496506,-33.71026565641537],[150.86996141529661,-33.71092733825857],[150.86821453585122,-33.708124799047546],[150.86659697610978,-33.70898100398281],[150.86789235918366,-33.71132907100798],[150.86504166531589,-33.71642923834806],[150.86417957403233,-33.71923619537943],[150.86535321892822,-33.7210365585469],[150.86806426004497,-33.722047560563034],[150.86668138584693,-33.72600893497364],[150.87243720618696,-33.72885770984837],[150.87252175123277,-33.730907821503756],[150.87763336340146,-33.73087325262167],[150.88005462021798,-33.729483377418745],[150.88217366026947,-33.726213089927974],[150.88401795664817,-33.72505660391199],[150.88154649224157,-33.72175875397818],[150.8761294675917,-33.712142063855595],[150.87545185496506,-33.71026565641537]]]},"properties":{"suburbname":"NIRIMBA FIELDS","postcode":2763,"state":2,"startdate":"20201106153812","enddate":"30000101000000","lastupdate":"20201106153820","msoid":18741,"centroidid":null,"shapeuuid":"502bc5f2-df91-38e3-b1b7-babb90ce8e1a","changetype":"M","processstate":null,"urbanity":"R","Shape__Length":0.07726299157563979,"Shape__Area":0.0002586490558654812,"OBJECTID":16413,"cadid":181030891,"createdate":"20201106144507","modifieddate":"20201106153748"}},
{"type":"Feature","geometry":{"type":"Polygon","coordinates":[[[150.87352596100558,-33.689061514143106],[150.86523972813296,-33.692402665292335],[150.86172218592154,-33.686833873292905],[150.85743077971983,-33.68788601890763],[150.85435527644358,-33.68477155011019],[150.85189054416645,-33.68482198711654],[150.8530759935379,-33.68640047158772],[150.85133325551047,-33.68963737394474],[150.85094846089083,-33.69253084498073],[150.8478371187521,-33.695033621492584],[150.84693319945742,-33.69981436652008],[150.84746303361317,-33.70131815577668],[150.84493277450636,-33.704245206300605],[150.8466710717457,-33.710826326685485],[150.84629247788965,-33.71732421707084],[150.85452393599311,-33.71601163959825],[150.86504166531589,-33.71642923834806],[150.86789235918366,-33.71132907100798],[150.86659697610978,-33.70898100398281],[150.86821453585122,-33.708124799047546],[150.86996141529661,-33.71092733825857],[150.87545185496506,-33.71026565641537],[150.88022972469355,-33.71115229042738],[150.89320580822945,-33.71292094599523],[150.8942260337384,-33.703657067675245],[150.89515913229104,-33.6989685598275],[150.89480865322142,-33.69633510132142],[150.8802849571646,-33.69815378672633],[150.8793442465353,-33.69862790162971],[150.87352596100558,-33.689061514143106]]]},"properties":{"suburbname":"SCHOFIELDS","postcode":2762,"state":2,"startdate":"20201113111420","enddate":"30000101000000","lastupdate":"20201113111435","msoid":3635,"centroidid":null,"shapeuuid":"6ded08a0-e4ef-3143-b1a6-a1c4c7d2ce62","changetype":"M","processstate":null,"urbanity":"R","Shape__Length":0.1745607988590483,"Shape__Area":0.0009937746892118803,"OBJECTID":16461,"cadid":108033169,"createdate":"19950728000000","modifieddate":"20201113111353"}},
{"type":"Feature","geometry":{"type":"Polygon","coordinates":[[[151.2311314643813,-33.81680369195904],[151.2287838643908,-33.81759447860384],[151.22620640712265,-33.82065973133987],[151.22401840115748,-33.82139958488871],[151.2217047760174,-33.82294303870335],[151.21832714048765,-33.82381251901749],[151.21734942390472,-33.828002565033906],[151.22465174395242,-33.83017307788187],[151.2229003328729,-33.83569191437063],[151.2228948052926,-33.837482616521484],[151.2240928119188,-33.83769440755913],[151.2270961827762,-33.83631249916018],[151.22854335149069,-33.83672255748386],[151.2302633520006,-33.82863530141646],[151.2309162161985,-33.82776575741773],[151.23291242479226,-33.81831844203956],[151.2311314643813,-33.81680369195904]]]},"properties":{"suburbname":"CREMORNE","postcode":2090,"state":2,"startdate":"20201127073601","enddate":"30000101000000","lastupdate":"20201127073922","msoid":2377,"centroidid":null,"shapeuuid":"93787617-6789-3f54-9156-9ba4e92a3789","changetype":"M","processstate":null,"urbanity":"U","Shape__Length":0.0729117883229861,"Shape__Area":0.00015908291241220694,"OBJECTID":16543,"cadid":108031911,"createdate":"19950728000000","modifieddate":"20201127073517"}},
{"type":"Feature","geometry":{"type":"Polygon","coordinates":[[[151.17154984485543,-33.89428923251728],[151.17302253973378,-33.88837817817314],[151.17251480057422,-33.887513792935586],[151.16210491682827,-33.88807705273248],[151.1613605100191,-33.88792804945556],[151.1604394593584,-33.889106940728325],[151.16132129860492,-33.89151588499527],[151.15914812763253,-33.892314295608564],[151.15900090397187,-33.89425024341196],[151.16096008634884,-33.89633200782072],[151.16100576338513,-33.898525803273024],[151.16408469056014,-33.89978890937015],[151.16513086271067,-33.897876438077645],[151.16858915319492,-33.8990812823768],[151.17128018502947,-33.89549210631282],[151.17154984485543,-33.89428923251728]]]},"properties":{"suburbname":"STANMORE","postcode":2048,"state":2,"startdate":"20201209145931","enddate":"30000101000000","lastupdate":"20201209150443","msoid":2413,"centroidid":null,"shapeuuid":"441a6f05-0146-3465-ba57-60860aaf148c","changetype":"M","processstate":null,"urbanity":"U","Shape__Length":0.060289746797645906,"Shape__Area":0.00011952090148172862,"OBJECTID":16626,"cadid":108031947,"createdate":"19950728000000","modifieddate":"20201209145853"}},
{"type":"Feature","geometry":{"type":"Polygon","coordinates":[[[151.24588398816476,-33.71932832847541],[151.2453497898215,-33.718417626496134],[151.23968639934645,-33.71734160161525],[151.24012901938826,-33.715111936926604],[151.2379329630279,-33.71471484522152],[151.23387958825418,-33.71665371143641],[151.23182308631155,-33.72174123558512],[151.2305040101935,-33.72832261484965],[151.22817651133798,-33.728457115316154],[151.22768973692615,-33.730864602855206],[151.2294501782417,-33.73164194864736],[151.22808608544798,-33.733980764184494],[151.23102096137313,-33.73439291699409],[151.22999062520213,-33.73675052684591],[151.2279412678051,-33.73680825699321],[151.22711027718628,-33.7389220912715],[151.23168318022462,-33.739531519903615],[151.232900172331,-33.73766429501734],[151.2366344751472,-33.7367501548712],[151.23706097390877,-33.74040374897669],[151.24509547008242,-33.74155775951127],[151.24775196523262,-33.740995159932076],[151.24996073018303,-33.745055786832374],[151.25093255942394,-33.74643422765558],[151.2537564174813,-33.74681615175155],[151.2537048335525,-33.74282352451965],[151.2596924668784,-33.74365888376989],[151.26069192020236,-33.745864377933884],[151.26373367580268,-33.74629539820637],[151.26789251355393,-33.74248735338705],[151.26556527503007,-33.7375883796115],[151.26401420181497,-33.736507084073786],[151.25746225825247,-33.7363176786115],[151.25814700639143,-33.73287996687802],[151.2559379251467,-33.732668890124806],[151.25513431605228,-33.72983728801239],[151.25563709016686,-33.72641346041271],[151.24982412330036,-33.723310533165495],[151.24588398816476,-33.71932832847541]]]},"properties":{"suburbname":"OXFORD FALLS","postcode":2100,"state":2,"startdate":"20201210133400","enddate":"30000101000000","lastupdate":"20201210133722","msoid":1203,"centroidid":null,"shapeuuid":"e82da27c-f15b-3044-8747-c6ed73fd99d5","changetype":"M","processstate":null,"urbanity":"R","Shape__Length":0.151224314692971,"Shape__Area":0.0006490934515682699,"OBJECTID":16634,"cadid":108030737,"createdate":"19950728000000","modifieddate":"20201210133124"}},
{"type":"Feature","geometry":{"type":"Polygon","coordinates":[[[151.300293193884,-33.72492359889392],[151.29841238520297,-33.72531712174574],[151.29421420586664,-33.72415783891419],[151.29551228647347,-33.72697172226699],[151.29670499216377,-33.73421226432361],[151.292002462125,-33.73573470242157],[151.29076207408562,-33.7387212672662],[151.28931494365497,-33.74075946956568],[151.2943836582862,-33.74394804595646],[151.29436594442254,-33.74674102684161],[151.29752346262669,-33.7453541002924],[151.2997910771201,-33.74538561533753],[151.30441378353925,-33.74672798552],[151.30898162121525,-33.74377088177615],[151.314925238853,-33.7419247939038],[151.31381156567122,-33.73876671254362],[151.30863648810444,-33.73888779330289],[151.30679285892214,-33.737554127991125],[151.30619815417197,-33.73514387478692],[151.30147227250015,-33.73030163482473],[151.300293193884,-33.72492359889392]]]},"properties":{"suburbname":"COLLAROY","postcode":2097,"state":2,"startdate":"20210120123110","enddate":"30000101000000","lastupdate":"20210120123139","msoid":3719,"centroidid":null,"shapeuuid":"9fa8a7c8-7139-3edd-92be-60d8e39063e2","changetype":"M","processstate":null,"urbanity":"U","Shape__Length":0.10252652424618242,"Shape__Area":0.0002660823971958471,"OBJECTID":16837,"cadid":108033253,"createdate":"19950728000000","modifieddate":"20210120122948"}},
{"type":"Feature","geometry":{"type":"Polygon","coordinates":[[[151.29421420586664,-33.72415783891419],[151.28745228116264,-33.723302745595994],[151.28718680770436,-33.72467155947271],[151.28593809913122,-33.73102788523792],[151.2822917866282,-33.73237411902611],[151.28610063891344,-33.733289159535104],[151.28862350217298,-33.73541645676713],[151.29076207408562,-33.7387212672662],[151.292002462125,-33.73573470242157],[151.29670499216377,-33.73421226432361],[151.29551228647347,-33.72697172226699],[151.29421420586664,-33.72415783891419]]]},"properties":{"suburbname":"COLLAROY PLATEAU","postcode":2097,"state":2,"startdate":"20210120123110","enddate":"30000101000000","lastupdate":"20210120123139","msoid":5968,"centroidid":null,"shapeuuid":"89fac1c4-987e-3858-9e56-117d2d08ec30","changetype":"M","processstate":null,"urbanity":"U","Shape__Length":0.06207136735929999,"Shape__Area":0.00011836792260519888,"OBJECTID":16840,"cadid":165414849,"createdate":"20110219171214","modifieddate":"20210120122948"}},
{"type":"Feature","geometry":{"type":"Polygon","coordinates":[[[151.14856186326605,-33.99257236561017],[151.14635231958067,-33.992894854176875],[151.14091530050848,-33.99215902255268],[151.14021888041668,-33.993948588380384],[151.14060156151575,-33.994619083808566],[151.1462517030876,-33.99527413423954],[151.148887563516,-33.994206211719515],[151.14856186326605,-33.99257236561017]]]},"properties":{"suburbname":"DOLLS POINT","postcode":2219,"state":2,"startdate":"20210121080559","enddate":"30000101000000","lastupdate":"20210121080616","msoid":2419,"centroidid":null,"shapeuuid":"61d69b84-0bef-307a-a87e-5dd7239cf13e","changetype":"M","processstate":null,"urbanity":"U","Shape__Length":0.02682756548329122,"Shape__Area":0.000020272466191509247,"OBJECTID":16843,"cadid":108031953,"createdate":"19950728000000","modifieddate":"20210121080519"}},
{"type":"Feature","geometry":{"type":"Polygon","coordinates":[[[151.148887563516,-33.994206211719515],[151.1462517030876,-33.99527413423954],[151.14060156151575,-33.994619083808566],[151.14021888041668,-33.993948588380384],[151.1381250634295,-33.99429034425876],[151.13622459505348,-34.00347217518905],[151.13960522974077,-34.0029009678702],[151.14113845039017,-33.998366174498315],[151.14352779329155,-33.99676317228063],[151.14679699124113,-33.995780850037605],[151.148887563516,-33.994206211719515]]]},"properties":{"suburbname":"SANDRINGHAM","postcode":2219,"state":2,"startdate":"20210121080559","enddate":"30000101000000","lastupdate":"20210121080616","msoid":2420,"centroidid":null,"shapeuuid":"68e31d79-a615-34e5-8e6b-dd781da62eaf","changetype":"M","processstate":null,"urbanity":"U","Shape__Length":0.04264031233039362,"Shape__Area":0.00004193941630378315,"OBJECTID":16844,"cadid":108031954,"createdate":"19950728000000","modifieddate":"20210121080519"}},
{"type":"Feature","geometry":{"type":"Polygon","coordinates":[[[151.24996073018303,-33.745055786832374],[151.24775196523262,-33.740995159932076],[151.24509547008242,-33.74155775951127],[151.23706097390877,-33.74040374897669],[151.2366344751472,-33.7367501548712],[151.232900172331,-33.73766429501734],[151.23168318022462,-33.739531519903615],[151.22711027718628,-33.7389220912715],[151.2247331428041,-33.73996049105596],[151.22088791572148,-33.740430495610745],[151.22062900940165,-33.74156393033115],[151.21612030131968,-33.7415153857351],[151.21620153080747,-33.739985238461394],[151.21149959871843,-33.73936849820402],[151.2090040633684,-33.740479514515364],[151.20474374063699,-33.73702438883722],[151.20182215109398,-33.73697354493036],[151.19835236690454,-33.73999936952702],[151.20349459722524,-33.74586155792779],[151.20285858861527,-33.746991679773096],[151.19804981899165,-33.74914567194564],[151.19777445269034,-33.74696696376795],[151.19529822879085,-33.7469004191647],[151.19207135000082,-33.74809532428995],[151.19389984295697,-33.75058718733686],[151.19373082733355,-33.752631200771205],[151.19576650274604,-33.75379056859112],[151.19610922055878,-33.75410455851807],[151.19880959236633,-33.75438466161759],[151.19989383172305,-33.753221628121345],[151.20450541189572,-33.7529588800571],[151.20753819102939,-33.75422201462123],[151.20962097251007,-33.753890446054974],[151.2111521392187,-33.75187964192087],[151.21625315256944,-33.74943261605296],[151.21884116425375,-33.74998701589486],[151.21854678621247,-33.75241911601197],[151.22293288359984,-33.75334912354688],[151.2208548109568,-33.759019305097354],[151.22405928391302,-33.75992335803396],[151.2244181725401,-33.758129825697644],[151.22975690730857,-33.75910071643517],[151.22908449030442,-33.76133911386118],[151.2292816605814,-33.76325045678482],[151.2312935570987,-33.765569583705684],[151.23396978216107,-33.76582034308152],[151.23284995865072,-33.76199357994403],[151.23360658370706,-33.757803063103424],[151.2387457624915,-33.75896085183027],[151.23943500815724,-33.75530170604094],[151.242901292699,-33.75580162231616],[151.24334705917113,-33.753654205195176],[151.24912131701768,-33.75669179681059],[151.24977953373696,-33.752358108543625],[151.24810565382433,-33.75211717641849],[151.24851093635908,-33.74681492127873],[151.24996073018303,-33.745055786832374]]]},"properties":{"suburbname":"FRENCHS FOREST","postcode":2086,"state":2,"startdate":"20210210194936","enddate":"30000101000000","lastupdate":"20210210195022","msoid":46,"centroidid":null,"shapeuuid":"947c1f12-e96b-3387-b495-0b2db69e2c7d","changetype":"M","processstate":null,"urbanity":"U","Shape__Length":0.22729223329341258,"Shape__Area":0.000816999431564047,"OBJECTID":16985,"cadid":108029580,"createdate":"19950728000000","modifieddate":"20210210194803"}},
{"type":"Feature","geometry":{"type":"Polygon","coordinates":[[[151.1730063702336,-33.904793799955634],[151.1754585769852,-33.90347769867392],[151.17255893673405,-33.895938371193004],[151.17128018502947,-33.89549210631282],[151.16858915319492,-33.8990812823768],[151.16513086271067,-33.897876438077645],[151.16408469056014,-33.89978890937015],[151.16925773207282,-33.90155287708538],[151.17022917295566,-33.90096343307096],[151.1730063702336,-33.904793799955634]]]},"properties":{"suburbname":"ENMORE","postcode":2042,"state":2,"startdate":"20210225110546","enddate":"30000101000000","lastupdate":"20210225110606","msoid":98,"centroidid":null,"shapeuuid":"2e269d95-267a-31ae-9773-a5032bb95709","changetype":"M","processstate":null,"urbanity":"U","Shape__Length":0.05082994810211261,"Shape__Area":0.00004165564688800514,"OBJECTID":17092,"cadid":108029632,"createdate":"19950728000000","modifieddate":"20210225110442"}},
{"type":"Feature","geometry":{"type":"Polygon","coordinates":[[[151.27770179746005,-33.75735019801969],[151.2739228135185,-33.75756657844555],[151.26866088073214,-33.75693954875745],[151.26822042319338,-33.754581536777046],[151.26603451656095,-33.75435791815958],[151.26648966399222,-33.75778306305596],[151.26906204929637,-33.76132801576406],[151.26074051321592,-33.76032284935838],[151.2597745505943,-33.76287125761226],[151.25808880594812,-33.76438555706009],[151.25905999303947,-33.76577539397993],[151.25866483756496,-33.76847755050793],[151.2661858570841,-33.76996268908014],[151.26814559780962,-33.76801275445902],[151.27245779189892,-33.76923959694427],[151.27281173848291,-33.76760887493961],[151.27875778913076,-33.76843355399094],[151.2790734897688,-33.76691748359486],[151.280352512165,-33.76076850856872],[151.27770179746005,-33.75735019801969]]]},"properties":{"suburbname":"BROOKVALE","postcode":2100,"state":2,"startdate":"20210311072918","enddate":"30000101000000","lastupdate":"20210311081233","msoid":1409,"centroidid":null,"shapeuuid":"b7ae0e3d-3ad1-3a5c-a2ea-fb6c76715a9e","changetype":"M","processstate":null,"urbanity":"U","Shape__Length":0.09073851309763391,"Shape__Area":0.000212959308003745,"OBJECTID":17178,"cadid":108030943,"createdate":"19950728000000","modifieddate":"20210311072628"}},
{"type":"Feature","geometry":{"type":"Polygon","coordinates":[[[151.17542929872647,-33.812426517418345],[151.17106245903054,-33.81245259969985],[151.16353173087768,-33.810656273909956],[151.15197768585602,-33.81531815279233],[151.15098738309894,-33.81962538580398],[151.14970449323715,-33.82228321522482],[151.15021380469676,-33.82447798372917],[151.15095376223906,-33.82438168700154],[151.15225437504137,-33.82170169763829],[151.15610413853682,-33.81955954272418],[151.16313760820844,-33.81856959504039],[151.16814271016193,-33.821144769375366],[151.17205799209472,-33.82327036518891],[151.17458933522974,-33.8253584539524],[151.17986943987103,-33.82530884177028],[151.17962822802377,-33.82242790783285],[151.1803712659681,-33.81899693779937],[151.17893815824894,-33.81656384079743],[151.17542929872647,-33.812426517418345]]]},"properties":{"suburbname":"LANE COVE","postcode":2066,"state":2,"startdate":"20210311161645","enddate":"30000101000000","lastupdate":"20210311161657","msoid":2373,"centroidid":null,"shapeuuid":"127ce2ed-b8b9-34d6-aa3a-2fff69050596","changetype":"M","processstate":null,"urbanity":"U","Shape__Length":0.08804040152519878,"Shape__Area":0.0002514137256770494,"OBJECTID":17181,"cadid":108031907,"createdate":"19950728000000","modifieddate":"20210311161556"}},
{"type":"Feature","geometry":{"type":"Polygon","coordinates":[[[151.3017811432337,-33.76137839364032],[151.30117977508584,-33.76100162986079],[151.28841429293965,-33.759007577721775],[151.280352512165,-33.76076850856872],[151.2790734897688,-33.76691748359486],[151.28201875132723,-33.7667118862048],[151.28450316953771,-33.765547090364],[151.28878649294688,-33.76714265744244],[151.29750430503367,-33.764670908633896],[151.29948860769773,-33.76706059202336],[151.3020390391083,-33.76821483792262],[151.30245441761727,-33.76547135859413],[151.3017811432337,-33.76137839364032]]]},"properties":{"suburbname":"NORTH CURL CURL","postcode":2099,"state":2,"startdate":"20210317154836","enddate":"30000101000000","lastupdate":"20210317154902","msoid":253,"centroidid":null,"shapeuuid":"36df9f58-1256-30bf-994c-d53f47a8e54f","changetype":"M","processstate":null,"urbanity":"U","Shape__Length":0.0768464383966406,"Shape__Area":0.0001422446164427395,"OBJECTID":17214,"cadid":108029787,"createdate":"19950728000000","modifieddate":"20210317154726"}},
{"type":"Feature","geometry":{"type":"Polygon","coordinates":[[[151.30441378353925,-33.74672798552],[151.2997910771201,-33.74538561533753],[151.29752346262669,-33.7453541002924],[151.29436594442254,-33.74674102684161],[151.2943836582862,-33.74394804595646],[151.28931494365497,-33.74075946956568],[151.28793013610527,-33.74428336536661],[151.28678197879833,-33.74474574089409],[151.28076053999604,-33.74393463279972],[151.27770179746005,-33.75735019801969],[151.280352512165,-33.76076850856872],[151.28841429293965,-33.759007577721775],[151.30117977508584,-33.76100162986079],[151.3017811432337,-33.76137839364032],[151.3015816800833,-33.75978096163743],[151.29739979428842,-33.754164784782276],[151.29926515435704,-33.75077882697375],[151.30441378353925,-33.74672798552]]]},"properties":{"suburbname":"DEE WHY","postcode":2099,"state":2,"startdate":"20210317154836","enddate":"30000101000000","lastupdate":"20210317154902","msoid":1407,"centroidid":null,"shapeuuid":"4c7b493e-aaa1-3930-995b-66ac91965efb","changetype":"M","processstate":null,"urbanity":"U","Shape__Length":0.11317205008466713,"Shape__Area":0.0003307698288479249,"OBJECTID":17215,"cadid":108030941,"createdate":"19950728000000","modifieddate":"20210317154726"}},
{"type":"Feature","geometry":{"type":"Polygon","coordinates":[[[151.23493811337644,-33.68265475782338],[151.23446510306056,-33.68143519701783],[151.23832546437063,-33.67467444663439],[151.23859280936472,-33.673234057671344],[151.23275965664806,-33.67250560243781],[151.2326871893347,-33.67602654878096],[151.23003525317554,-33.677563389546464],[151.2268121141674,-33.675998669705486],[151.22334576948478,-33.67741554699541],[151.2159571036127,-33.676598640598385],[151.21294804573049,-33.677021799491854],[151.21284301699316,-33.67440643755837],[151.20529361270312,-33.67305568771732],[151.20520710376292,-33.67543198780002],[151.2000502170844,-33.67666952490591],[151.1972134280488,-33.679910915604886],[151.19758147571935,-33.68132275842217],[151.19549696809005,-33.68326474828932],[151.19304829643684,-33.68312527016691],[151.1931155415009,-33.68584832476415],[151.1960312607917,-33.684869684630016],[151.20005782072593,-33.6847784216272],[151.20307795971235,-33.682283962022005],[151.20557480573655,-33.68235977037725],[151.20510928715353,-33.685101976326294],[151.20277100180593,-33.68771184563474],[151.2110371055066,-33.68820517647941],[151.21020924385448,-33.68956492159958],[151.20733112872003,-33.690045106083225],[151.20963129867044,-33.697969953479664],[151.20687529787656,-33.698010698784515],[151.20982830921022,-33.70197304711867],[151.21251074790973,-33.700744603628735],[151.21669763694717,-33.70766512484608],[151.2295195922498,-33.70944807400821],[151.2316204689896,-33.69899974989521],[151.2358678796975,-33.69959292683116],[151.2365965787513,-33.69584682153523],[151.23238464880114,-33.69518568436094],[151.2331126923988,-33.6915617622904],[151.23184969199463,-33.69138262102708],[151.23312692734922,-33.68437535149794],[151.23493811337644,-33.68265475782338]]]},"properties":{"suburbname":"TERREY HILLS","postcode":2084,"state":2,"startdate":"20210331114902","enddate":"30000101000000","lastupdate":"20210331114921","msoid":2360,"centroidid":null,"shapeuuid":"cc953b4d-ca8c-37be-9dce-f448e5804b83","changetype":"M","processstate":null,"urbanity":"R","Shape__Length":0.1981804982624251,"Shape__Area":0.0008708876590989128,"OBJECTID":17308,"cadid":108031894,"createdate":"19950728000000","modifieddate":"20210331114726"}},
{"type":"Feature","geometry":{"type":"Polygon","coordinates":[[[151.29033772508356,-33.78286730968617],[151.28564656413081,-33.780354464657144],[151.28279735996924,-33.77968935683469],[151.27876675147863,-33.78125762163806],[151.28248399488936,-33.784169974708725],[151.28769082655336,-33.78506636961749],[151.2896512762468,-33.78648330358905],[151.2913810685936,-33.7851698220549],[151.29033772508356,-33.78286730968617]]]},"properties":{"suburbname":"QUEENSCLIFF","postcode":2096,"state":2,"startdate":"20210504115406","enddate":"30000101000000","lastupdate":"20210504115426","msoid":4615,"centroidid":null,"shapeuuid":"ba063d0c-6636-344f-8a83-ad2a48fc050c","changetype":"M","processstate":null,"urbanity":"U","Shape__Length":0.03575881810522051,"Shape__Area":0.000042954258778857015,"OBJECTID":17573,"cadid":108034149,"createdate":"20020722133207","modifieddate":"20210504115317"}},
{"type":"Feature","geometry":{"type":"Polygon","coordinates":[[[150.81108211260582,-33.732399938976805],[150.81899245473366,-33.724555340065535],[150.8171365868954,-33.7243205797078],[150.80132132418683,-33.72223974134176],[150.80000765147406,-33.72476288581469],[150.7946226668724,-33.730093851833914],[150.796965236267,-33.732041234102276],[150.8001253152982,-33.72888978440428],[150.80202540716564,-33.73254247371297],[150.80744038226916,-33.73284999672388],[150.81108211260582,-33.732399938976805]]]},"properties":{"suburbname":"SHALVEY","postcode":2770,"state":2,"startdate":"20210514100215","enddate":"30000101000000","lastupdate":"20210514100224","msoid":166,"centroidid":null,"shapeuuid":"94024827-6e00-3073-b77e-781b4c6da15e","changetype":"M","processstate":null,"urbanity":"U","Shape__Length":0.06681113149046643,"Shape__Area":0.00015305902565727097,"OBJECTID":17667,"cadid":108029700,"createdate":"19950728000000","modifieddate":"20210514100130"}},
{"type":"Feature","geometry":{"type":"Polygon","coordinates":[[[150.86504166531589,-33.71642923834806],[150.85452393599311,-33.71601163959825],[150.84629247788965,-33.71732421707084],[150.84402513153103,-33.71768887716841],[150.84451882156864,-33.72632537683228],[150.84550209641546,-33.72850046806005],[150.84602605358387,-33.72942360752307],[150.84916175660894,-33.73345084118947],[150.85270492929297,-33.73040106128349],[150.85698832603276,-33.730134409334916],[150.8704509892179,-33.73280425241942],[150.87252175123277,-33.730907821503756],[150.87243720618696,-33.72885770984837],[150.86668138584693,-33.72600893497364],[150.86806426004497,-33.722047560563034],[150.86535321892822,-33.7210365585469],[150.86417957403233,-33.71923619537943],[150.86504166531589,-33.71642923834806]]]},"properties":{"suburbname":"COLEBEE","postcode":2761,"state":2,"startdate":"20210514101636","enddate":"30000101000000","lastupdate":"20210514101708","msoid":3633,"centroidid":null,"shapeuuid":"a7f4cbd8-b671-3023-b3ce-f2377ad29db9","changetype":"M","processstate":null,"urbanity":"U","Shape__Length":0.08999769552601532,"Shape__Area":0.0003426643641302837,"OBJECTID":17675,"cadid":108033167,"createdate":"19950728000000","modifieddate":"20210514101554"}},
{"type":"Feature","geometry":{"type":"Polygon","coordinates":[[[150.97342845107207,-33.73436948794608],[150.97220556963842,-33.73250102920576],[150.9727252246953,-33.725497789070126],[150.96970114907265,-33.72276712389485],[150.96630976831636,-33.721542193139285],[150.96371868357443,-33.7196673087579],[150.96086795457322,-33.7218110108183],[150.95720975686095,-33.72234617235997],[150.95477581953995,-33.72406513514334],[150.95470141944824,-33.72575084762696],[150.95636891804932,-33.727697419036254],[150.9569918763612,-33.73171277978857],[150.95553063024383,-33.73729180682056],[150.9604734843489,-33.73666587719202],[150.96217146815738,-33.7376288124802],[150.96583260398862,-33.736759846032434],[150.96676254952246,-33.73985237267283],[150.97243191002855,-33.73802204271195],[150.97190321488085,-33.73515028053817],[150.97342845107207,-33.73436948794608]]]},"properties":{"suburbname":"NORWEST","postcode":2153,"state":2,"startdate":"20210520124946","enddate":"30000101000000","lastupdate":"20210520125010","msoid":9509,"centroidid":null,"shapeuuid":"93f285a6-ee78-379c-8188-922bd496a2e7","changetype":"M","processstate":null,"urbanity":"U","Shape__Length":0.07613519514658747,"Shape__Area":0.0002626287731994293,"OBJECTID":17713,"cadid":177154682,"createdate":"20180629164820","modifieddate":"20210520124906"}},
{"type":"Feature","geometry":{"type":"Polygon","coordinates":[[[151.0227376779791,-33.976660659493476],[151.02470227999362,-33.96898907773281],[151.02241493116406,-33.96381630226857],[151.02146038973845,-33.96506613827034],[151.01555647949002,-33.96425184200628],[151.013045392849,-33.966712850752394],[151.01512279151444,-33.96908254344498],[151.01561788248566,-33.97241454015144],[151.01919947522157,-33.97621797059177],[151.01908787476273,-33.97825514830189],[151.02084982599203,-33.976397206470054],[151.0227376779791,-33.976660659493476]]]},"properties":{"suburbname":"REVESBY HEIGHTS","postcode":2212,"state":2,"startdate":"20210526135158","enddate":"30000101000000","lastupdate":"20210526135203","msoid":3554,"centroidid":null,"shapeuuid":"6625e1de-cb42-353d-b0b7-1c994b0a250c","changetype":"M","processstate":null,"urbanity":"U","Shape__Length":0.05105189708689658,"Shape__Area":0.00009907476898470363,"OBJECTID":17749,"cadid":108033088,"createdate":"19950728000000","modifieddate":"20210526135116"}},
{"type":"Feature","geometry":{"type":"Polygon","coordinates":[[[151.03930066462843,-33.88777274466269],[151.0314207173607,-33.8881583856865],[151.0275739808772,-33.88791045687381],[151.02811859019104,-33.888071908171845],[151.02611802049609,-33.89751756816133],[151.0350575905971,-33.89865780161958],[151.03579651892642,-33.89463829617842],[151.0378743979308,-33.89493485084084],[151.03854455460316,-33.8918654739556],[151.03930066462843,-33.88777274466269]]]},"properties":{"suburbname":"POTTS HILL","postcode":2143,"state":2,"startdate":"20210602123935","enddate":"30000101000000","lastupdate":"20210602124014","msoid":84,"centroidid":null,"shapeuuid":"9ed01583-4f61-324f-b093-dded1ee39751","changetype":"M","processstate":null,"urbanity":"U","Shape__Length":0.04713788286351603,"Shape__Area":0.00010787095164723909,"OBJECTID":17784,"cadid":108029618,"createdate":"19950728000000","modifieddate":"20210602123906"}},
{"type":"Feature","geometry":{"type":"Polygon","coordinates":[[[151.1891430174894,-33.89819950738656],[151.186023535754,-33.899402539499825],[151.1851797245231,-33.89681564022547],[151.18254386456357,-33.89895456454198],[151.18090318720695,-33.90388875816608],[151.18146086216487,-33.90671804928324],[151.18145639741516,-33.907285066540304],[151.18711075001585,-33.90762790441155],[151.19213505054148,-33.90206370223922],[151.1891430174894,-33.89819950738656]]]},"properties":{"suburbname":"ERSKINEVILLE","postcode":2043,"state":2,"startdate":"20210604120843","enddate":"30000101000000","lastupdate":"20210604120908","msoid":108,"centroidid":null,"shapeuuid":"ae24ea9e-83fc-35b4-a16a-39a172221da1","changetype":"M","processstate":null,"urbanity":"U","Shape__Length":0.04418446093740227,"Shape__Area":0.00007963996439887188,"OBJECTID":17806,"cadid":108029642,"createdate":"19950728000000","modifieddate":"20210604120807"}},
{"type":"Feature","geometry":{"type":"Polygon","coordinates":[[[151.14774059260634,-33.73075006763764],[151.1460074445517,-33.731068362838826],[151.13940494625126,-33.729575344701466],[151.13850858297602,-33.734283458466166],[151.13656480940796,-33.73394612723116],[151.1357955625875,-33.73787043228576],[151.13303015875704,-33.73760396078087],[151.1264874659508,-33.743219085690534],[151.12174364400587,-33.747961895402334],[151.12277550655662,-33.748837025697654],[151.11997072409216,-33.751271513883935],[151.12510000933253,-33.75561684117707],[151.12788499418897,-33.75330864868104],[151.1316106513358,-33.75642846551708],[151.13265698205788,-33.756486928102774],[151.1355881227523,-33.761042268117365],[151.13988807119446,-33.759239838993246],[151.1423820512127,-33.758908176653],[151.14024984160335,-33.75481928463017],[151.1441392504417,-33.752089780723495],[151.1475149693832,-33.75078654735682],[151.14903868863996,-33.7480370591888],[151.1509254264222,-33.747578460086714],[151.15646097271667,-33.74913150083602],[151.15821862507207,-33.74280746807498],[151.15888641517054,-33.738349263698424],[151.1525410550771,-33.73747601005875],[151.15292980027385,-33.735668225244964],[151.15546332991914,-33.732985745497956],[151.14828786304633,-33.73035788468142],[151.14774059260634,-33.73075006763764]]]},"properties":{"suburbname":"PYMBLE","postcode":2073,"state":2,"startdate":"20210608153421","enddate":"30000101000000","lastupdate":"20210608153453","msoid":43,"centroidid":null,"shapeuuid":"c8437737-8f67-39f4-bbfe-830ecaee8bc1","changetype":"M","processstate":null,"urbanity":"U","Shape__Length":0.15626655500005845,"Shape__Area":0.0006346877662537386,"OBJECTID":17835,"cadid":108029577,"createdate":"19950728000000","modifieddate":"20210608153335"}},
{"type":"Feature","geometry":{"type":"Polygon","coordinates":[[[151.1423820512127,-33.758908176653],[151.13988807119446,-33.759239838993246],[151.1355881227523,-33.761042268117365],[151.13265698205788,-33.756486928102774],[151.1316106513358,-33.75642846551708],[151.12788499418897,-33.75330864868104],[151.12510000933253,-33.75561684117707],[151.11997072409216,-33.751271513883935],[151.11806822635998,-33.752871610293916],[151.11968821209067,-33.756005992582566],[151.1188509012713,-33.758342574462795],[151.11875632130693,-33.762470183263616],[151.12017641442307,-33.76727244176377],[151.1219555269602,-33.77005847189372],[151.12340272181316,-33.770157346206105],[151.1264398760239,-33.7727602550805],[151.12918367458641,-33.77226545577196],[151.13338882475023,-33.773290103024],[151.1320390110954,-33.77454036406132],[151.13689063245664,-33.77600988634349],[151.13795906410647,-33.774416090048824],[151.14231467333082,-33.77084341010078],[151.14073735925078,-33.76897004287858],[151.1415834750184,-33.76594117984691],[151.14127626850623,-33.76361715736891],[151.1423820512127,-33.758908176653]]]},"properties":{"suburbname":"WEST PYMBLE","postcode":2073,"state":2,"startdate":"20210608194038","enddate":"30000101000000","lastupdate":"20210608194050","msoid":2358,"centroidid":null,"shapeuuid":"c83625d4-4673-3435-b990-e9a3617811f9","changetype":"M","processstate":null,"urbanity":"U","Shape__Length":0.0993858378586041,"Shape__Area":0.00035957943475843954,"OBJECTID":17837,"cadid":108031892,"createdate":"19950728000000","modifieddate":"20210608194024"}},
{"type":"Feature","geometry":{"type":"Polygon","coordinates":[[[150.97086735957583,-33.85576995707181],[150.960012642856,-33.853641622466846],[150.95951807370082,-33.85510202680959],[150.9551526318463,-33.854239178236604],[150.9547566145087,-33.8555753883112],[150.95726852496665,-33.858299891122265],[150.95746820247197,-33.860569978153336],[150.95983923138846,-33.86118752876067],[150.9599004057212,-33.86457168703943],[150.96301210388364,-33.869057112867395],[150.96986139825665,-33.86841736126133],[150.98025096013322,-33.869805244843725],[150.98091059276004,-33.866251522862605],[150.9788386506446,-33.86600074735456],[150.97910879330777,-33.860225440810304],[150.9753141759856,-33.86131461844952],[150.976497821709,-33.85687332817313],[150.97086735957583,-33.85576995707181]]]},"properties":{"suburbname":"YENNORA","postcode":2161,"state":2,"startdate":"20210609222031","enddate":"30000101000000","lastupdate":"20210609222042","msoid":3625,"centroidid":null,"shapeuuid":"48c7f693-272e-31e3-a4b8-023bf6746849","changetype":"M","processstate":null,"urbanity":"U","Shape__Length":0.09200733516963376,"Shape__Area":0.0002643728444925068,"OBJECTID":17859,"cadid":108033159,"createdate":"19950728000000","modifieddate":"20210609222005"}},
{"type":"Feature","geometry":{"type":"Polygon","coordinates":[[[150.84707506037194,-33.760539743046635],[150.84772159248638,-33.757248436428824],[150.84598739306477,-33.751273655575936],[150.84666052796055,-33.745012683110645],[150.84248923125867,-33.74435800026182],[150.82840642927266,-33.74374189792863],[150.82552968942736,-33.75732912926],[150.83092600407232,-33.7581387138044],[150.84707506037194,-33.760539743046635]]]},"properties":{"suburbname":"PLUMPTON","postcode":2761,"state":2,"startdate":"20210615203632","enddate":"30000101000000","lastupdate":"20210615203651","msoid":3622,"centroidid":null,"shapeuuid":"6a09fe21-c893-3f2e-a478-23baf2e3e17d","changetype":"M","processstate":null,"urbanity":"U","Shape__Length":0.06999665446541446,"Shape__Area":0.000293428865379467,"OBJECTID":17909,"cadid":108033156,"createdate":"19950728000000","modifieddate":"20210615203610"}},
{"type":"Feature","geometry":{"type":"Polygon","coordinates":[[[151.09245362967073,-33.85354080735531],[151.091308322352,-33.85530199246865],[151.0870956618507,-33.856232389830616],[151.08579639169722,-33.85086089313884],[151.0834828328417,-33.85111372980277],[151.08269997198283,-33.853786118486326],[151.08470503403765,-33.85991543538502],[151.08812468027165,-33.86512876861437],[151.09066211103752,-33.86550014345249],[151.0948560825274,-33.86686596137974],[151.0927984389,-33.86012614070279],[151.09189905850965,-33.855472945472144],[151.09245362967073,-33.85354080735531]]]},"properties":{"suburbname":"NORTH STRATHFIELD","postcode":2137,"state":2,"startdate":"20210617120437","enddate":"30000101000000","lastupdate":"20210617120515","msoid":53,"centroidid":null,"shapeuuid":"5f6edbd2-ee89-342a-8fb7-49e66a458ecf","changetype":"M","processstate":null,"urbanity":"U","Shape__Length":0.05377445929118509,"Shape__Area":0.00009375915351963524,"OBJECTID":17941,"cadid":108029587,"createdate":"19950728000000","modifieddate":"20210617120357"}},
{"type":"Feature","geometry":{"type":"Polygon","coordinates":[[[151.09066211103752,-33.86550014345249],[151.08812468027165,-33.86512876861437],[151.08470503403765,-33.85991543538502],[151.08269997198283,-33.853786118486326],[151.0814288447342,-33.849974761452785],[151.07837701292306,-33.853305940171644],[151.0715214561207,-33.85627480922793],[151.07661671637752,-33.85854014472506],[151.07561449020216,-33.86118299537382],[151.07301839543402,-33.86530452136914],[151.0727914193349,-33.86797868273046],[151.06961271470513,-33.86952688173431],[151.07241323954213,-33.87069213097467],[151.07816195156963,-33.868093352635846],[151.07981031362803,-33.86949826347216],[151.0824987401433,-33.8694768775296],[151.08562525967585,-33.870900617799265],[151.09186521719113,-33.86898819600042],[151.09066211103752,-33.86550014345249]]]},"properties":{"suburbname":"HOMEBUSH","postcode":2140,"state":2,"startdate":"20210617120437","enddate":"30000101000000","lastupdate":"20210617120515","msoid":2387,"centroidid":null,"shapeuuid":"415c12f4-2f6b-3178-b3cf-ba39c88b4870","changetype":"M","processstate":null,"urbanity":"U","Shape__Length":0.09715595168638289,"Shape__Area":0.00020887315305532792,"OBJECTID":17945,"cadid":108031921,"createdate":"19950728000000","modifieddate":"20210617120357"}},
{"type":"Feature","geometry":{"type":"Polygon","coordinates":[[[151.04617906535162,-34.00706453653006],[151.04056308358588,-34.00532850100767],[151.03847294060992,-34.00586737355551],[151.0364904594608,-34.00895458134461],[151.03358572026005,-34.00953193370515],[151.02648919271658,-34.005776657953376],[151.02408376308898,-34.005834244561385],[151.02536165989628,-34.00787912468785],[151.02349569992325,-34.00906190086164],[151.02254826637915,-34.01385303566672],[151.02322905133397,-34.01641968510146],[151.02169584152603,-34.017732087705454],[151.02229433051946,-34.02033344984811],[151.01995640919117,-34.02081698409853],[151.0207241139745,-34.023457539347845],[151.0188632532541,-34.02423872588405],[151.01936898662998,-34.02767388852868],[151.0211189144295,-34.028066937222434],[151.02331731848113,-34.02570927225422],[151.0287621763758,-34.02558236219096],[151.03453891916712,-34.02371314137728],[151.04071328325935,-34.024481330528346],[151.04409219531797,-34.022936397116545],[151.0440480167567,-34.02016544394856],[151.0416623571398,-34.019148107600316],[151.0416025215683,-34.0172230948991],[151.0481894532575,-34.01421587379641],[151.04592860399873,-34.010532922769904],[151.04617906535162,-34.00706453653006]]]},"properties":{"suburbname":"BANGOR","postcode":2234,"state":2,"startdate":"20210617173104","enddate":"30000101000000","lastupdate":"20210617173127","msoid":113,"centroidid":null,"shapeuuid":"3d45879a-87b1-37c3-88d3-47fcb03d69ab","changetype":"M","processstate":null,"urbanity":"U","Shape__Length":0.11604449706575158,"Shape__Area":0.0004005807974564866,"OBJECTID":17957,"cadid":108029647,"createdate":"19950728000000","modifieddate":"20210617173045"}},
{"type":"Feature","geometry":{"type":"Polygon","coordinates":[[[151.05510298664473,-34.015203242346],[151.05130969007368,-34.016710395300436],[151.0505134245906,-34.01451171680668],[151.0481894532575,-34.01421587379641],[151.0416025215683,-34.0172230948991],[151.0416623571398,-34.019148107600316],[151.0440480167567,-34.02016544394856],[151.04409219531797,-34.022936397116545],[151.04071328325935,-34.024481330528346],[151.03453891916712,-34.02371314137728],[151.0287621763758,-34.02558236219096],[151.02828642178847,-34.02778275056122],[151.0342379192752,-34.02859829636971],[151.03498853244886,-34.03183527761928],[151.0362185553951,-34.03278133685396],[151.04156441081042,-34.03397153850109],[151.0434639001866,-34.03096787453439],[151.0480275619159,-34.028384196240445],[151.04823312883101,-34.02648608484871],[151.05166786177688,-34.0237587599841],[151.05383868810466,-34.0228692356111],[151.0517494943784,-34.02022639378318],[151.05285444478653,-34.01754156625845],[151.05510298664473,-34.015203242346]]]},"properties":{"suburbname":"WORONORA","postcode":2232,"state":2,"startdate":"20210617173104","enddate":"30000101000000","lastupdate":"20210617173127","msoid":1276,"centroidid":null,"shapeuuid":"116922f5-db87-312b-bcde-ae9023160442","changetype":"M","processstate":null,"urbanity":"U","Shape__Length":0.10650672337000416,"Shape__Area":0.00022010902967432286,"OBJECTID":17958,"cadid":108030810,"createdate":"19950728000000","modifieddate":"20210617173045"}},
{"type":"Feature","geometry":{"type":"Polygon","coordinates":[[[151.2835355042516,-33.691758974167165],[151.28442853431255,-33.687098411257736],[151.28230232622963,-33.68521142505549],[151.28304300840452,-33.679232362766065],[151.27948714656662,-33.67686063914081],[151.28229396286235,-33.676055903935506],[151.2835167659444,-33.6685826402424],[151.28184687294643,-33.668349053990426],[151.28318291100774,-33.66003012752049],[151.27901975859447,-33.65989375060677],[151.27831807399346,-33.663186706460806],[151.2723795695115,-33.66784001206869],[151.27059963244372,-33.664995990948626],[151.26727143747198,-33.664529758624155],[151.26597294684314,-33.671094851214775],[151.26379753439537,-33.673198095730605],[151.25895253300334,-33.67290310870692],[151.25371561088707,-33.67023183332663],[151.25042091061857,-33.67777474327814],[151.24771799286066,-33.68185362466436],[151.24019385483172,-33.68484579164921],[151.23493811337644,-33.68265475782338],[151.23312692734922,-33.68437535149794],[151.23184969199463,-33.69138262102708],[151.2331126923988,-33.6915617622904],[151.23238464880114,-33.69518568436094],[151.2365965787513,-33.69584682153523],[151.2358678796975,-33.69959292683116],[151.2316204689896,-33.69899974989521],[151.2295195922498,-33.70944807400821],[151.23664654325594,-33.710439556589975],[151.2379329630279,-33.71471484522152],[151.24012901938826,-33.715111936926604],[151.23968639934645,-33.71734160161525],[151.2453497898215,-33.718417626496134],[151.24588398816476,-33.71932832847541],[151.24755630858522,-33.7186712617514],[151.25184760558597,-33.718991833961134],[151.25673633605786,-33.71610254112476],[151.26136319294056,-33.71631629810724],[151.2663811042211,-33.7175531619896],[151.26979552225868,-33.71642899529774],[151.26979663381323,-33.71432093622576],[151.2718358524619,-33.7127274257062],[151.27495266321503,-33.71224977464166],[151.27481395846016,-33.70881891832197],[151.27158900757883,-33.706059172316124],[151.26553589359156,-33.70571440106528],[151.2621530096271,-33.70524076822965],[151.2590183372736,-33.703252263165304],[151.25887712212332,-33.700236601155964],[151.26056073201704,-33.69431186591524],[151.26636041762282,-33.695216828881826],[151.26835060449693,-33.69340767736888],[151.27403051284287,-33.69419354053137],[151.27549755480806,-33.69168849349199],[151.27760327314076,-33.69093200957097],[151.28320907524767,-33.69171312220434],[151.2835355042516,-33.691758974167165]]]},"properties":{"suburbname":"INGLESIDE","postcode":2101,"state":2,"startdate":"20210701082905","enddate":"30000101000000","lastupdate":"20210701082918","msoid":3514,"centroidid":null,"shapeuuid":"7929416e-a8df-3d73-a3e1-2489bd4d2d96","changetype":"M","processstate":null,"urbanity":"R","Shape__Length":0.28283642975265766,"Shape__Area":0.001772835240734688,"OBJECTID":18026,"cadid":108033048,"createdate":"19950728000000","modifieddate":"20210701082838"}},
{"type":"Feature","geometry":{"type":"Polygon","coordinates":[[[151.30861183636046,-33.70367402478902],[151.30694702550298,-33.701422758139934],[151.3075282275103,-33.69982447914805],[151.30085256541778,-33.69778813377938],[151.29189786238578,-33.69652447634109],[151.28968735902546,-33.694005584768185],[151.28585703854108,-33.692083134992906],[151.2835355042516,-33.691758974167165],[151.28320907524767,-33.69171312220434],[151.28677140443662,-33.696622521439814],[151.28484975049233,-33.70164884385426],[151.28670958460916,-33.70358458060198],[151.28517711322908,-33.70906499485102],[151.28115024367733,-33.70850631993052],[151.28162167500963,-33.70614642955874],[151.27477583657358,-33.7053006185199],[151.2732959905605,-33.7059873028001],[151.268916959336,-33.70447864112086],[151.26629476498272,-33.70195278045083],[151.26553589359156,-33.70571440106528],[151.27158900757883,-33.706059172316124],[151.27481395846016,-33.70881891832197],[151.27495266321503,-33.71224977464166],[151.28089190757666,-33.70876894537426],[151.29278315137384,-33.71232536918407],[151.29387208324414,-33.71437761295372],[151.29639496141004,-33.710957664652625],[151.29633769656277,-33.7090671400861],[151.29786382451147,-33.70393682924966],[151.30193431368832,-33.702526753091554],[151.30861183636046,-33.70367402478902]]]},"properties":{"suburbname":"NORTH NARRABEEN","postcode":2101,"state":2,"startdate":"20210701082905","enddate":"30000101000000","lastupdate":"20210701082918","msoid":3718,"centroidid":null,"shapeuuid":"fc79853a-bbc1-3149-aabf-9fd21003f25a","changetype":"M","processstate":null,"urbanity":"U","Shape__Length":0.16540136365008262,"Shape__Area":0.0002902755253223744,"OBJECTID":18027,"cadid":108033252,"createdate":"19950728000000","modifieddate":"20210701082838"}},
{"type":"Feature","geometry":{"type":"Polygon","coordinates":[[[150.84666052796055,-33.745012683110645],[150.84888766524975,-33.73459249739533],[150.8494386820414,-33.73368705369546],[150.84916175660894,-33.73345084118947],[150.84602605358387,-33.72942360752307],[150.844553307341,-33.733225964289986],[150.841850648207,-33.73751345870459],[150.83815349205773,-33.736766268559506],[150.83215560208106,-33.731714185335086],[150.830026345791,-33.73088154187563],[150.82906037549486,-33.73551846260297],[150.8278890041239,-33.741039610138245],[150.82840642927266,-33.74374189792863],[150.84248923125867,-33.74435800026182],[150.84666052796055,-33.745012683110645]]]},"properties":{"suburbname":"OAKHURST","postcode":2761,"state":2,"startdate":"20210705141107","enddate":"30000101000000","lastupdate":"20210705141129","msoid":165,"centroidid":null,"shapeuuid":"87eca8a3-63d9-362a-ae53-8b21ec324b9d","changetype":"M","processstate":null,"urbanity":"U","Shape__Length":0.07209546205281109,"Shape__Area":0.00019842940624658712,"OBJECTID":18057,"cadid":108029699,"createdate":"19950728000000","modifieddate":"20210705141021"}},
{"type":"Feature","geometry":{"type":"Polygon","coordinates":[[[150.85567547142367,-33.7618137420652],[150.85509070122097,-33.76057100366695],[150.85694962476023,-33.75767809865171],[150.85916852334483,-33.75715880835712],[150.85888739348795,-33.755144705521644],[150.86260311243734,-33.750924701731066],[150.8623091309683,-33.74942477689125],[150.86506333284822,-33.74719790881978],[150.86504677133502,-33.74521067677298],[150.8627994793737,-33.74359070563143],[150.86615913736796,-33.74140693159063],[150.85414514670293,-33.737534905248694],[150.8494386820414,-33.73368705369546],[150.84888766524975,-33.73459249739533],[150.84666052796055,-33.745012683110645],[150.84598739306477,-33.751273655575936],[150.84772159248638,-33.757248436428824],[150.84707506037194,-33.760539743046635],[150.85567547142367,-33.7618137420652]]]},"properties":{"suburbname":"GLENDENNING","postcode":2761,"state":2,"startdate":"20210705141107","enddate":"30000101000000","lastupdate":"20210705141129","msoid":1307,"centroidid":null,"shapeuuid":"e61658b2-314c-3599-8794-e6fac796a797","changetype":"M","processstate":null,"urbanity":"U","Shape__Length":0.09049096337823961,"Shape__Area":0.00034283267645475224,"OBJECTID":18058,"cadid":108030841,"createdate":"19950728000000","modifieddate":"20210705141021"}},
{"type":"Feature","geometry":{"type":"Polygon","coordinates":[[[151.10824768895787,-33.92733758315608],[151.10725300803776,-33.922713413285905],[151.10274947370698,-33.92343352047932],[151.10180260074188,-33.92580991500508],[151.0998195797781,-33.92697521165092],[151.09888914627916,-33.92879078608848],[151.10824768895787,-33.92733758315608]]]},"properties":{"suburbname":"CLEMTON PARK","postcode":2206,"state":2,"startdate":"20210707115615","enddate":"30000101000000","lastupdate":"20210707115639","msoid":1139,"centroidid":null,"shapeuuid":"5d58e961-acac-386e-91b8-fcb815d47f69","changetype":"M","processstate":null,"urbanity":"U","Shape__Length":0.03293951428983653,"Shape__Area":0.00003428841315168187,"OBJECTID":18070,"cadid":108030673,"createdate":"20000629111103","modifieddate":"20210707115542"}},
{"type":"Feature","geometry":{"type":"Polygon","coordinates":[[[151.12291172954158,-33.94117571890687],[151.11927357651936,-33.93673647621419],[151.11696370764088,-33.93586668126518],[151.11290803697327,-33.936768747425],[151.1128581825194,-33.93760368749907],[151.10768546412154,-33.9381515314821],[151.10977809869175,-33.948567317804994],[151.1149858759603,-33.94869940683026],[151.1136239876527,-33.94707921318159],[151.1163233713244,-33.94554895168363],[151.12017256492013,-33.94458639944545],[151.12291360246095,-33.94123282888899],[151.12291172954158,-33.94117571890687]]]},"properties":{"suburbname":"BEXLEY NORTH","postcode":2207,"state":2,"startdate":"20210715162320","enddate":"30000101000000","lastupdate":"20210715162339","msoid":105,"centroidid":null,"shapeuuid":"4fb5f84f-b1ce-30da-9d81-42e16c0311cb","changetype":"M","processstate":null,"urbanity":"U","Shape__Length":0.05624333542491096,"Shape__Area":0.00012209542383048884,"OBJECTID":18139,"cadid":108029639,"createdate":"19950728000000","modifieddate":"20210715162253"}},
{"type":"Feature","geometry":{"type":"Polygon","coordinates":[[[151.1549753067205,-33.92626642290733],[151.1548324746553,-33.92366435159754],[151.14997401689476,-33.92291181968066],[151.14812814688702,-33.92119831839649],[151.14549982407314,-33.92237027715719],[151.1410733215468,-33.92280499915325],[151.1367955784916,-33.92107796142462],[151.13726664700846,-33.919170339539995],[151.14009267256253,-33.91698642548224],[151.1396729136971,-33.91564455498373],[151.13661676194235,-33.91408710596336],[151.134996787741,-33.913077931905164],[151.13266724141278,-33.91538851569048],[151.1296640534745,-33.91624470532917],[151.1273783801559,-33.9149497379014],[151.12203681403037,-33.91442871433428],[151.11741146161702,-33.91787859267541],[151.113918738447,-33.92323766052125],[151.10881135993202,-33.922603552892596],[151.10725300803776,-33.922713413285905],[151.10824768895787,-33.92733758315608],[151.10891331039497,-33.92770255110674],[151.11021938945834,-33.93391952772045],[151.11290803697327,-33.936768747425],[151.11696370764088,-33.93586668126518],[151.11998215225066,-33.93311819534634],[151.12373072136617,-33.93184338692351],[151.12455412412766,-33.930459277830096],[151.1297010462839,-33.930515098996196],[151.13328440709398,-33.931714911956504],[151.13484166078675,-33.929792201074164],[151.13782086344716,-33.930286467129875],[151.14029324202994,-33.92735465911302],[151.14373603345655,-33.92813258065628],[151.14598744721425,-33.92689676138008],[151.14803457621693,-33.927214867210616],[151.15166253408293,-33.92779049002978],[151.1549753067205,-33.92626642290733]]]},"properties":{"suburbname":"EARLWOOD","postcode":2206,"state":2,"startdate":"20210715162320","enddate":"30000101000000","lastupdate":"20210715162339","msoid":3559,"centroidid":null,"shapeuuid":"00a7059c-aefa-3f9b-8ebb-b0dc2574cb43","changetype":"M","processstate":null,"urbanity":"U","Shape__Length":0.13794779846205643,"Shape__Area":0.0005440722444373188,"OBJECTID":18140,"cadid":108033093,"createdate":"19950728000000","modifieddate":"20210715162253"}},
{"type":"Feature","geometry":{"type":"Polygon","coordinates":[[[151.23396978216107,-33.76582034308152],[151.2312935570987,-33.765569583705684],[151.2292816605814,-33.76325045678482],[151.22908449030442,-33.76133911386118],[151.22768922068155,-33.76429869180477],[151.22293242026637,-33.76363427138788],[151.2218527342298,-33.768922363599195],[151.21315827115,-33.770108440679806],[151.21276360663123,-33.76796625114596],[151.20840553555016,-33.76677157037075],[151.20678391807104,-33.76361015614667],[151.20418935302106,-33.76516907886054],[151.20530014563286,-33.76896344467204],[151.20429884468757,-33.772187737767176],[151.20808877847952,-33.77547202992786],[151.21200308135633,-33.77634160717146],[151.21583418798275,-33.781759985063],[151.22507928181687,-33.78367654211392],[151.22943879834241,-33.782361944773584],[151.22992317629706,-33.77814779139673],[151.22945909767037,-33.77496774820315],[151.23081340188952,-33.77395787255387],[151.23226901189233,-33.77785831410698],[151.2392953580798,-33.77879223777664],[151.23396978216107,-33.76582034308152]]]},"properties":{"suburbname":"KILLARNEY HEIGHTS","postcode":2087,"state":2,"startdate":"20210722131921","enddate":"30000101000000","lastupdate":"20210722132015","msoid":3545,"centroidid":null,"shapeuuid":"bf5fa8ce-fe87-352e-a7c4-bd6132630eee","changetype":"M","processstate":null,"urbanity":"U","Shape__Length":0.15466560257856465,"Shape__Area":0.0004142207969738136,"OBJECTID":18165,"cadid":108033079,"createdate":"19950728000000","modifieddate":"20210722131753"}},
{"type":"Feature","geometry":{"type":"Polygon","coordinates":[[[150.8591146870473,-33.935369982710036],[150.85558536071295,-33.9337138295309],[150.8543414781132,-33.93513177235429],[150.84617304057727,-33.93137620815882],[150.840634087186,-33.940177193169134],[150.83859834034195,-33.942044367001586],[150.84142840442172,-33.94285849236453],[150.842784790988,-33.940669046244736],[150.84663780510292,-33.941168212962324],[150.8500265141129,-33.94361923706496],[150.85366249446514,-33.94160616375992],[150.85391063668467,-33.93907476811164],[150.8567417190348,-33.93634145160678],[150.8591146870473,-33.935369982710036]]]},"properties":{"suburbname":"CARNES HILL","postcode":2171,"state":2,"startdate":"20210803114920","enddate":"30000101000000","lastupdate":"20210803114948","msoid":5947,"centroidid":null,"shapeuuid":"4e8fdd00-c35e-33ac-9bf8-b21a029fb3f0","changetype":"M","processstate":null,"urbanity":"U","Shape__Length":0.05899786721386426,"Shape__Area":0.00012012965343652639,"OBJECTID":18242,"cadid":163861768,"createdate":"20100402145808","modifieddate":"20210803114840"}},
{"type":"Feature","geometry":{"type":"Polygon","coordinates":[[[151.11161870735742,-33.86966978699406],[151.10096868304274,-33.86841953320002],[151.10001484083438,-33.87094070363029],[151.09844182343858,-33.871427936546965],[151.09550691989864,-33.88591809632015],[151.10166325061653,-33.88766023022653],[151.10355045794157,-33.88830788012383],[151.10716032245642,-33.88666174825107],[151.10818150662143,-33.88298186392203],[151.10993544704948,-33.882184063387726],[151.11236236529652,-33.87041996620316],[151.11185231724562,-33.8696904398745],[151.11161870735742,-33.86966978699406]]]},"properties":{"suburbname":"BURWOOD","postcode":2134,"state":2,"startdate":"20210809110108","enddate":"30000101000000","lastupdate":"20210809110135","msoid":51,"centroidid":null,"shapeuuid":"b119f228-1cb8-3e2a-9552-baadac61014f","changetype":"M","processstate":null,"urbanity":"U","Shape__Length":0.07470869626631713,"Shape__Area":0.00023911697766756566,"OBJECTID":18273,"cadid":108029585,"createdate":"19950728000000","modifieddate":"20210809110054"}},
{"type":"Feature","geometry":{"type":"Polygon","coordinates":[[[151.09550691989864,-33.88591809632015],[151.09844182343858,-33.871427936546965],[151.10001484083438,-33.87094070363029],[151.10096868304274,-33.86841953320002],[151.0948560825274,-33.86686596137974],[151.09066211103752,-33.86550014345249],[151.09186521719113,-33.86898819600042],[151.08562525967585,-33.870900617799265],[151.0824987401433,-33.8694768775296],[151.07981031362803,-33.86949826347216],[151.07816195156963,-33.868093352635846],[151.07241323954213,-33.87069213097467],[151.06961271470513,-33.86952688173431],[151.06830785240484,-33.86944222338652],[151.06118274861993,-33.8664430950334],[151.06556018899482,-33.872243205852214],[151.06409221674193,-33.88016682840179],[151.06208260230267,-33.879941590072654],[151.06146904827276,-33.882980053310604],[151.0666620575005,-33.883006736459095],[151.0691189340366,-33.882092462455496],[151.0688867399414,-33.88598674932397],[151.07378235058434,-33.88746244616474],[151.08125274929034,-33.89121285798335],[151.08672420354304,-33.89271762507629],[151.08814867080423,-33.89257108003063],[151.09146946015028,-33.88764154029237],[151.09344371607776,-33.8858260756436],[151.09550691989864,-33.88591809632015]]]},"properties":{"suburbname":"STRATHFIELD","postcode":2135,"state":2,"startdate":"20210809110108","enddate":"30000101000000","lastupdate":"20210809110135","msoid":1208,"centroidid":null,"shapeuuid":"45568481-da22-32ce-b7d2-cef6e1f039ca","changetype":"M","processstate":null,"urbanity":"U","Shape__Length":0.15270934523808125,"Shape__Area":0.0006400584354504815,"OBJECTID":18275,"cadid":108030742,"createdate":"19950728000000","modifieddate":"20210809110054"}},
{"type":"Feature","geometry":{"type":"Polygon","coordinates":[[[151.2321694324898,-34.016151928761516],[151.2299795952918,-34.00986808738474],[151.23038323283305,-34.00744159215684],[151.22833436296278,-34.0040412779543],[151.22375072682945,-34.00167423791428],[151.222069590244,-34.00152736835993],[151.16498994988382,-34.0007488292243],[151.15353904086118,-34.000665522016014],[151.15022154228046,-34.0030608361779],[151.14589629335893,-34.00717881676478],[151.14141872555808,-34.009328031338306],[151.13611612964604,-34.009986238944606],[151.1343272315789,-34.01518193533621],[151.13865258887282,-34.01995844439791],[151.14210294090614,-34.02597831303201],[151.14524372316308,-34.02989288197575],[151.1464477762525,-34.0323883077547],[151.1479100064092,-34.03899949901089],[151.15345468124974,-34.0396969687655],[151.15685340729476,-34.03951547634774],[151.16343755252356,-34.03378285301103],[151.16821165506465,-34.031155504374965],[151.1700991708253,-34.03382640115091],[151.1672771694238,-34.03525917544318],[151.16126366032213,-34.04050904367527],[151.16526682051813,-34.04120186990568],[151.1674727853427,-34.03975364072562],[151.1755796109267,-34.03635962931364],[151.1797571249335,-34.0355180033295],[151.18589515918157,-34.03504459844009],[151.18993209883854,-34.035227499983016],[151.19484599460387,-34.0368131637657],[151.1966662034745,-34.03837663438743],[151.19823825841195,-34.04146601521773],[151.20104485807698,-34.03936728809877],[151.20578081664598,-34.04040662599656],[151.20704201289178,-34.041462447733686],[151.2140607072379,-34.0416259562288],[151.22224436618345,-34.03825467357551],[151.22515194641954,-34.03459844418841],[151.22837399740422,-34.02817891938258],[151.2303042098583,-34.0267029291274],[151.22888691683463,-34.024831577817835],[151.23003314390414,-34.02260141568262],[151.22961143641643,-34.02059549564575],[151.2321694324898,-34.016151928761516]]]},"properties":{"suburbname":"KURNELL","postcode":2231,"state":2,"startdate":"20210816101151","enddate":"30000101000000","lastupdate":"20210816101224","msoid":1273,"centroidid":null,"shapeuuid":"b9323da6-356e-3ff4-82b7-aae0fe159cbd","changetype":"M","processstate":null,"urbanity":"R","Shape__Length":0.28592973100922725,"Shape__Area":0.0031879719401429274,"OBJECTID":18310,"cadid":108030807,"createdate":"19950728000000","modifieddate":"20210816101044"}},
{"type":"Feature","geometry":{"type":"Polygon","coordinates":[[[151.1366949740809,-33.98024146347034],[151.13647800415612,-33.975077940486656],[151.13499227039347,-33.974494564713524],[151.1336444914162,-33.97133836414076],[151.13107628131002,-33.97257230264207],[151.12445062151158,-33.97720883969973],[151.12717016870766,-33.979220225566536],[151.12888066106535,-33.982652009083914],[151.13034649218113,-33.98300430240346],[151.13521089354293,-33.98400733067139],[151.1366949740809,-33.98024146347034]]]},"properties":{"suburbname":"BEVERLEY PARK","postcode":2217,"state":2,"startdate":"20210915120550","enddate":"30000101000000","lastupdate":"20210915120620","msoid":3563,"centroidid":null,"shapeuuid":"7f3d29b2-6d2d-3357-864f-60bc4830e545","changetype":"M","processstate":null,"urbanity":"U","Shape__Length":0.04893454655753988,"Shape__Area":0.00009533600524052333,"OBJECTID":18523,"cadid":108033097,"createdate":"19950728000000","modifieddate":"20210915120501"}},
{"type":"Feature","geometry":{"type":"Polygon","coordinates":[[[150.76510466850692,-33.78352898218135],[150.75382766745693,-33.78291040290771],[150.7395075546186,-33.78334305607515],[150.74062972369973,-33.777628326774675],[150.7191503252662,-33.77452762174487],[150.714661759796,-33.77365091022009],[150.7119980725206,-33.77565384419725],[150.7113023927051,-33.778921494734966],[150.70974068819095,-33.78099202693452],[150.7024937694603,-33.78663357187179],[150.69946583296363,-33.79210251009823],[150.6970526987831,-33.80243737615921],[150.694931218618,-33.8089739416166],[150.6886733958631,-33.81616942463169],[150.6875023551922,-33.81866000764859],[150.68533139127493,-33.82087858009878],[150.68344332210287,-33.826744866242414],[150.68377264139068,-33.83107068582782],[150.68293947411203,-33.83483736114216],[150.6840661509605,-33.836493012568525],[150.68402463372533,-33.83990889914836],[150.70028626324148,-33.8365872124719],[150.72397121578834,-33.833215529734446],[150.74246591190447,-33.83161590611863],[150.75430563975604,-33.829974623977776],[150.75930217491745,-33.8287883733945],[150.76587513235987,-33.828578172210435],[150.76635891408569,-33.82918606396321],[150.76828393471706,-33.82912542342119],[150.77897206683025,-33.82725024430472],[150.77626668096877,-33.82241770649585],[150.77585493377796,-33.81363557370205],[150.77532091835536,-33.81170754515862],[150.769374889427,-33.803494426247575],[150.76822425060308,-33.80016218653566],[150.77105226402085,-33.784175512276846],[150.76510466850692,-33.78352898218135]]]},"properties":{"suburbname":"ORCHARD HILLS","postcode":2748,"state":2,"startdate":"20211005131403","enddate":"30000101000000","lastupdate":"20211005131421","msoid":1317,"centroidid":null,"shapeuuid":"0a3ed707-0ea4-3a16-aef7-bc511067fa9e","changetype":"M","processstate":null,"urbanity":"R","Shape__Length":0.2852359396384242,"Shape__Area":0.004197240564502326,"OBJECTID":18624,"cadid":108030851,"createdate":"19950728000000","modifieddate":"20211005131244"}},
{"type":"Feature","geometry":{"type":"Polygon","coordinates":[[[150.94982197530993,-33.90541613328789],[150.94979001289528,-33.90297707229969],[150.94311198177212,-33.904991008211596],[150.9415245286118,-33.90296397979087],[150.93982271537624,-33.903019962251626],[150.93615845771473,-33.90487844737047],[150.93426248174234,-33.90477636615161],[150.93002875016225,-33.90718886543224],[150.92575036656322,-33.90687560491653],[150.92336745871947,-33.905264950234745],[150.91831623110377,-33.90508951127956],[150.91795232372414,-33.90391239386855],[150.91897231882672,-33.91146380904486],[150.9202711428812,-33.91457732696219],[150.92159817423308,-33.91505835350314],[150.93402767610542,-33.916714190365084],[150.9316381962615,-33.92214329003154],[150.9358435349591,-33.922565747622684],[150.94277419005618,-33.92318575413825],[150.94526260140907,-33.92207412195292],[150.950485089771,-33.92117336518597],[150.95233828590713,-33.91875597277421],[150.94879051391663,-33.90787684328669],[150.94982197530993,-33.90541613328789]]]},"properties":{"suburbname":"WARWICK FARM","postcode":2170,"state":2,"startdate":"20211101111938","enddate":"30000101000000","lastupdate":"20211101112045","msoid":2460,"centroidid":null,"shapeuuid":"2df79e6c-6417-3fc8-b294-e22212628010","changetype":"M","processstate":null,"urbanity":"U","Shape__Length":0.12686666883159747,"Shape__Area":0.0004514491405290789,"OBJECTID":18792,"cadid":108031994,"createdate":"19950728000000","modifieddate":"20211101111654"}},
{"type":"Feature","geometry":{"type":"Polygon","coordinates":[[[150.9316381962615,-33.92214329003154],[150.93402767610542,-33.916714190365084],[150.92159817423308,-33.91505835350314],[150.9202711428812,-33.91457732696219],[150.91897231882672,-33.91146380904486],[150.91795232372414,-33.90391239386855],[150.91686699959683,-33.906201632853],[150.91243024546574,-33.90819401336859],[150.91120003608594,-33.90832587295587],[150.90775476972541,-33.91419235671959],[150.9039441511919,-33.915381992073016],[150.9056463230672,-33.919396999061796],[150.90514144725768,-33.92133358564547],[150.90226271054658,-33.92028090557575],[150.90087261492238,-33.92306951032711],[150.8980512488103,-33.92639480976209],[150.9064021576587,-33.92738819534625],[150.90439623756896,-33.936858343939626],[150.9054867609027,-33.93842496142846],[150.9106705749131,-33.937617634809044],[150.91897000150277,-33.93901799480576],[150.92125917998032,-33.93545005771817],[150.92494188989494,-33.93210889916438],[150.92773400762783,-33.928380029724394],[150.9287288980887,-33.924517306554876],[150.9316381962615,-33.92214329003154]]]},"properties":{"suburbname":"LIVERPOOL","postcode":2170,"state":2,"startdate":"20211116122744","enddate":"30000101000000","lastupdate":"20211116123008","msoid":2458,"centroidid":null,"shapeuuid":"ffadccfb-ccc6-3a66-9f7c-cc52d5f8739b","changetype":"M","processstate":null,"urbanity":"U","Shape__Length":0.137972345424295,"Shape__Area":0.0006229193255504528,"OBJECTID":18878,"cadid":108031992,"createdate":"19950728000000","modifieddate":"20211116122342"}},
{"type":"Feature","geometry":{"type":"Polygon","coordinates":[[[150.9054867609027,-33.93842496142846],[150.90439623756896,-33.936858343939626],[150.9064021576587,-33.92738819534625],[150.8980512488103,-33.92639480976209],[150.89775201442876,-33.9263813193111],[150.89129125219358,-33.92989026266965],[150.88818917705515,-33.94491860433908],[150.89594061020384,-33.94623336253952],[150.9054867609027,-33.93842496142846]]]},"properties":{"suburbname":"LURNEA","postcode":2170,"state":2,"startdate":"20211116122744","enddate":"30000101000000","lastupdate":"20211116123008","msoid":3614,"centroidid":null,"shapeuuid":"2e345227-0aa4-30f4-a1d2-4107ca162fb0","changetype":"M","processstate":null,"urbanity":"U","Shape__Length":0.06395109362735288,"Shape__Area":0.0002516439075327625,"OBJECTID":18879,"cadid":108033148,"createdate":"19950728000000","modifieddate":"20211116122342"}},
{"type":"Feature","geometry":{"type":"Polygon","coordinates":[[[150.89957930433167,-33.909639439723676],[150.89656554554415,-33.909678059387176],[150.8942586317043,-33.910976554136006],[150.8949965084857,-33.913621509704264],[150.89487991860392,-33.91837143660224],[150.8960475258514,-33.921413817935935],[150.90087261492238,-33.92306951032711],[150.90226271054658,-33.92028090557575],[150.90514144725768,-33.92133358564547],[150.9056463230672,-33.919396999061796],[150.9039441511919,-33.915381992073016],[150.90775476972541,-33.91419235671959],[150.89957930433167,-33.909639439723676]]]},"properties":{"suburbname":"ASHCROFT","postcode":2168,"state":2,"startdate":"20211123140003","enddate":"30000101000000","lastupdate":"20211123140053","msoid":3610,"centroidid":null,"shapeuuid":"42ffc965-53ee-39b9-8d28-4901045ba6e9","changetype":"M","processstate":null,"urbanity":"U","Shape__Length":0.05969914750094149,"Shape__Area":0.00011314142853914771,"OBJECTID":18915,"cadid":108033144,"createdate":"19950728000000","modifieddate":"20211123135818"}},
{"type":"Feature","geometry":{"type":"Polygon","coordinates":[[[150.90087261492238,-33.92306951032711],[150.8960475258514,-33.921413817935935],[150.8954123539443,-33.92256724063415],[150.8893662968917,-33.92252618792034],[150.88695873451354,-33.92158583073079],[150.88349753870733,-33.92306801018717],[150.88376123459753,-33.924560709100305],[150.8808517525403,-33.92616493147321],[150.87903228912322,-33.92508539716746],[150.87690138027898,-33.92671368467949],[150.87366416262887,-33.92770746438363],[150.87517123513595,-33.92788014677293],[150.891757755245,-33.92732009208303],[150.89775201442876,-33.9263813193111],[150.8980512488103,-33.92639480976209],[150.90087261492238,-33.92306951032711]]]},"properties":{"suburbname":"CARTWRIGHT","postcode":2168,"state":2,"startdate":"20211130101256","enddate":"30000101000000","lastupdate":"20211130101416","msoid":3611,"centroidid":null,"shapeuuid":"96421332-a385-3a4c-a7e9-1bd60f2d8d43","changetype":"M","processstate":null,"urbanity":"U","Shape__Length":0.07226683674356721,"Shape__Area":0.00009587808522640257,"OBJECTID":18940,"cadid":108033145,"createdate":"19950728000000","modifieddate":"20211130100824"}},
{"type":"Feature","geometry":{"type":"Polygon","coordinates":[[[151.2457010593618,-33.95800169997073],[151.23846391105621,-33.95122166188879],[151.2355087068755,-33.953144665259764],[151.2303299830154,-33.95407318099514],[151.2302538963411,-33.955579175988454],[151.22579344107038,-33.95639347763774],[151.22369612371332,-33.95785111505589],[151.22117469479105,-33.95908867979143],[151.22035511788133,-33.963184600959515],[151.22503611591878,-33.966237821708795],[151.22426007118696,-33.97368487529134],[151.22603776194228,-33.97609970579822],[151.232841740608,-33.974664876783926],[151.23689916460057,-33.977005299705766],[151.23683243989643,-33.97589594485841],[151.23646887681588,-33.97314510969721],[151.23307343370476,-33.96805357962641],[151.2375006585694,-33.965587902491166],[151.23821623066442,-33.96198908190965],[151.24425900015663,-33.963805072491],[151.2463613519208,-33.96321080869614],[151.24659624303115,-33.95949307078816],[151.2457010593618,-33.95800169997073]]]},"properties":{"suburbname":"MATRAVILLE","postcode":2036,"state":2,"startdate":"20211207115540","enddate":"30000101000000","lastupdate":"20211207115649","msoid":87,"centroidid":null,"shapeuuid":"2a0655fe-8c64-3e58-9d4e-d7f04a11e4e8","changetype":"M","processstate":null,"urbanity":"U","Shape__Length":0.0978991783122377,"Shape__Area":0.00035348746163230246,"OBJECTID":18980,"cadid":108029621,"createdate":"19950728000000","modifieddate":"20211207115220"}},
{"type":"Feature","geometry":{"type":"Polygon","coordinates":[[[151.2463613519208,-33.96321080869614],[151.24425900015663,-33.963805072491],[151.23821623066442,-33.96198908190965],[151.2375006585694,-33.965587902491166],[151.23307343370476,-33.96805357962641],[151.23646887681588,-33.97314510969721],[151.23683243989643,-33.97589594485841],[151.2437126912198,-33.97748882003783],[151.24264298228553,-33.97442268295273],[151.24198628554933,-33.96939696794439],[151.24565436886922,-33.965021908364776],[151.2463613519208,-33.96321080869614]]]},"properties":{"suburbname":"CHIFLEY","postcode":2036,"state":2,"startdate":"20211207115540","enddate":"30000101000000","lastupdate":"20211207115649","msoid":3570,"centroidid":null,"shapeuuid":"0d2258cb-8ffb-33a4-a413-29b66701ac2f","changetype":"M","processstate":null,"urbanity":"U","Shape__Length":0.05282060683959444,"Shape__Area":0.00010299307052532891,"OBJECTID":18981,"cadid":108033104,"createdate":"19950728000000","modifieddate":"20211207115220"}},
{"type":"Feature","geometry":{"type":"Polygon","coordinates":[[[150.90273556179181,-33.890946136179046],[150.89037378629422,-33.88253023029532],[150.8868311695004,-33.886094207249265],[150.88264223632427,-33.88910703097187],[150.8794573386836,-33.893556867039344],[150.87448605162822,-33.89863603973132],[150.88312335188084,-33.90114835755343],[150.88455455540543,-33.90199203499698],[150.88791772549595,-33.904129610285196],[150.89168508214277,-33.899883461350704],[150.89949744522838,-33.89431243421547],[150.90273556179181,-33.890946136179046]]]},"properties":{"suburbname":"BONNYRIGG","postcode":2177,"state":2,"startdate":"20211216123445","enddate":"30000101000000","lastupdate":"20211216123726","msoid":1293,"centroidid":null,"shapeuuid":"8e384d2d-58a8-3b86-91fa-c5aaf01f6c92","changetype":"M","processstate":null,"urbanity":"U","Shape__Length":0.07600525914148488,"Shape__Area":0.00029228635789041923,"OBJECTID":19025,"cadid":108030827,"createdate":"19950728000000","modifieddate":"20211216122941"}},
{"type":"Feature","geometry":{"type":"Polygon","coordinates":[[[150.78395930863192,-33.74094209693248],[150.7799568819828,-33.73966199687575],[150.77857505895147,-33.73998552212946],[150.77603692633087,-33.736497388258165],[150.76961338039416,-33.73309859334727],[150.76696056735125,-33.72970094405356],[150.76552074749188,-33.7249897127071],[150.76834542131635,-33.71874565146209],[150.76434624528994,-33.71846766404941],[150.76251844558934,-33.72090636737475],[150.7640622470903,-33.72633095086541],[150.76047375874592,-33.7284539939163],[150.7596135857746,-33.73011216207431],[150.76162212358238,-33.732108292593196],[150.76135867874072,-33.7372116280274],[150.7629388882024,-33.73947272430247],[150.759116983953,-33.741477714751184],[150.7561476734339,-33.740806580180376],[150.75484798191195,-33.739100058524386],[150.7521868887936,-33.741373934519494],[150.75367847400994,-33.74466758302259],[150.7594888473224,-33.74671956028806],[150.7637521644433,-33.749693575538274],[150.76641507952561,-33.758144058444444],[150.76482996479822,-33.76014847153472],[150.76484541912112,-33.762459154989514],[150.7667817416297,-33.76381112867],[150.76800380251015,-33.767137938040555],[150.767423016192,-33.76840075524557],[150.76384255160986,-33.7681083078603],[150.76067252138947,-33.770481933658616],[150.75898197299475,-33.77630395888123],[150.76259404936744,-33.77956482626659],[150.76473010971918,-33.779484562486445],[150.76656439661568,-33.78106809064772],[150.76510466850692,-33.78352898218135],[150.77105226402085,-33.784175512276846],[150.78230828391293,-33.78603372458597],[150.78500021886458,-33.77986248801443],[150.78532678176197,-33.77679671363293],[150.78841833576178,-33.7735843416506],[150.78797823475577,-33.771679316168836],[150.79006300653046,-33.76529321413974],[150.78949208357474,-33.76447483119985],[150.77484430163832,-33.76209250326002],[150.77685194992202,-33.749443423164045],[150.77814822676453,-33.74372606834393],[150.78395930863192,-33.74094209693248]]]},"properties":{"suburbname":"ST MARYS","postcode":2760,"state":2,"startdate":"20220117152333","enddate":"30000101000000","lastupdate":"20220117152601","msoid":161,"centroidid":null,"shapeuuid":"8f8e4d54-aa20-378d-bf48-08232c599cdd","changetype":"M","processstate":null,"urbanity":"U","Shape__Length":0.2610217966993314,"Shape__Area":0.0010333776006444875,"OBJECTID":19146,"cadid":108029695,"createdate":"19950728000000","modifieddate":"20220117151944"}},
{"type":"Feature","geometry":{"type":"Polygon","coordinates":[[[150.77532091835536,-33.81170754515862],[150.7866817128056,-33.810764686209055],[150.78835945605596,-33.8084481688309],[150.79293886024814,-33.80488209596498],[150.80600379328297,-33.79667381443596],[150.80759895461327,-33.791116928392434],[150.80148591900732,-33.7903015901652],[150.78230828391293,-33.78603372458597],[150.77105226402085,-33.784175512276846],[150.76822425060308,-33.80016218653566],[150.769374889427,-33.803494426247575],[150.77532091835536,-33.81170754515862]]]},"properties":{"suburbname":"ST CLAIR","postcode":2759,"state":2,"startdate":"20220119152858","enddate":"30000101000000","lastupdate":"20220119152936","msoid":3630,"centroidid":null,"shapeuuid":"42c151e3-0d20-37dd-ad82-d124fb428a84","changetype":"M","processstate":null,"urbanity":"U","Shape__Length":0.10928035479093152,"Shape__Area":0.0006987393577960897,"OBJECTID":19162,"cadid":108033164,"createdate":"19950728000000","modifieddate":"20220119152739"}},
{"type":"Feature","geometry":{"type":"Polygon","coordinates":[[[150.8033866629842,-33.77679858606988],[150.78841833576178,-33.7735843416506],[150.78532678176197,-33.77679671363293],[150.78500021886458,-33.77986248801443],[150.78230828391293,-33.78603372458597],[150.80148591900732,-33.7903015901652],[150.80759895461327,-33.791116928392434],[150.81131643155484,-33.79129503447861],[150.81150599732317,-33.788128773596476],[150.80939889720938,-33.78790043177374],[150.80805331630958,-33.78113310539213],[150.8033866629842,-33.77679858606988]]]},"properties":{"suburbname":"COLYTON","postcode":2760,"state":2,"startdate":"20220119161511","enddate":"30000101000000","lastupdate":"20220119161541","msoid":2473,"centroidid":null,"shapeuuid":"18a7f28e-e834-3cb1-b52d-c71bd86e2753","changetype":"M","processstate":null,"urbanity":"U","Shape__Length":0.09384284838633478,"Shape__Area":0.000329478915536568,"OBJECTID":19164,"cadid":108032007,"createdate":"19950728000000","modifieddate":"20220119161444"}},
{"type":"Feature","geometry":{"type":"Polygon","coordinates":[[[150.79770047040208,-33.76585272330353],[150.78949208357474,-33.76447483119985],[150.79006300653046,-33.76529321413974],[150.78797823475577,-33.771679316168836],[150.78841833576178,-33.7735843416506],[150.8033866629842,-33.77679858606988],[150.80249837301707,-33.772466240426745],[150.79770047040208,-33.76585272330353]]]},"properties":{"suburbname":"OXLEY PARK","postcode":2760,"state":2,"startdate":"20220119161511","enddate":"30000101000000","lastupdate":"20220119161541","msoid":2474,"centroidid":null,"shapeuuid":"534b21de-6a12-344d-8cd9-daeb46edcc30","changetype":"M","processstate":null,"urbanity":"U","Shape__Length":0.05277673658223853,"Shape__Area":0.00011950425812202657,"OBJECTID":19165,"cadid":108032008,"createdate":"19950728000000","modifieddate":"20220119161444"}},
{"type":"Feature","geometry":{"type":"Polygon","coordinates":[[[150.87448605162822,-33.89863603973132],[150.8794573386836,-33.893556867039344],[150.88264223632427,-33.88910703097187],[150.8814353456059,-33.888404032206395],[150.87489330648893,-33.887341824941416],[150.86468633361434,-33.8834275882907],[150.85713729093192,-33.89437351372624],[150.8678455905162,-33.895830529357816],[150.87448605162822,-33.89863603973132]]]},"properties":{"suburbname":"BONNYRIGG HEIGHTS","postcode":2177,"state":2,"startdate":"20220120141651","enddate":"30000101000000","lastupdate":"20220120142117","msoid":2450,"centroidid":null,"shapeuuid":"a44079c8-bb99-3184-bac1-e8e196694d7f","changetype":"M","processstate":null,"urbanity":"U","Shape__Length":0.06359292017149096,"Shape__Area":0.00020793395355446961,"OBJECTID":19173,"cadid":108031984,"createdate":"19950728000000","modifieddate":"20220120141318"}},
{"type":"Feature","geometry":{"type":"Polygon","coordinates":[[[150.84245310517164,-33.876235954076485],[150.83906241656587,-33.87467779638152],[150.83376649003088,-33.875717408730374],[150.82858591855089,-33.87558217695019],[150.82399042927153,-33.87890848173166],[150.82477447630473,-33.886349641274855],[150.82417675402817,-33.88768367109224],[150.82521490493016,-33.890492520503095],[150.8274237107065,-33.89217551221579],[150.835699634222,-33.8955656159207],[150.8353877903303,-33.89372988563334],[150.83738619112924,-33.89195816506665],[150.8378320208416,-33.896170341096315],[150.84050135342346,-33.89648725883997],[150.8417797732066,-33.89525101201101],[150.84434725517318,-33.89476167781818],[150.84992051796922,-33.89503153111027],[150.85133425249265,-33.89906749357615],[150.85557256417474,-33.90024150072479],[150.85713729093192,-33.89437351372624],[150.86468633361434,-33.8834275882907],[150.85387306160945,-33.88376686792759],[150.85053852509475,-33.88231008233441],[150.84753978009897,-33.87949281556825],[150.84245310517164,-33.876235954076485]]]},"properties":{"suburbname":"CECIL HILLS","postcode":2171,"state":2,"startdate":"20220125144706","enddate":"30000101000000","lastupdate":"20220125144808","msoid":1299,"centroidid":null,"shapeuuid":"64f65bd4-f226-3dc8-bbdc-70ca28c5bd4d","changetype":"M","processstate":null,"urbanity":"U","Shape__Length":0.12022288036119465,"Shape__Area":0.0005986254361121618,"OBJECTID":19202,"cadid":108030833,"createdate":"19950728000000","modifieddate":"20220125144402"}},
{"type":"Feature","geometry":{"type":"Polygon","coordinates":[[[150.88731518256571,-33.91370551701678],[150.8841438037461,-33.91058074520979],[150.8844028388121,-33.90494429427229],[150.87620067439622,-33.90374316205579],[150.87514774109016,-33.91086897800337],[150.874604986127,-33.913521881887675],[150.87620274583963,-33.914004903343645],[150.88099193378378,-33.91775956981792],[150.8850738194068,-33.91936422276403],[150.8859769994539,-33.91490499887652],[150.88731518256571,-33.91370551701678]]]},"properties":{"suburbname":"BUSBY","postcode":2168,"state":2,"startdate":"20220216151653","enddate":"30000101000000","lastupdate":"20220216151757","msoid":2455,"centroidid":null,"shapeuuid":"e89503d2-a6e7-3e31-a8bc-aa61df6ea1fb","changetype":"M","processstate":null,"urbanity":"U","Shape__Length":0.04740584763075727,"Shape__Area":0.00011996214069119337,"OBJECTID":19304,"cadid":108031989,"createdate":"19950728000000","modifieddate":"20220216151521"}},
{"type":"Feature","geometry":{"type":"Polygon","coordinates":[[[150.8844028388121,-33.90494429427229],[150.88455455540543,-33.90199203499698],[150.88312335188084,-33.90114835755343],[150.87448605162822,-33.89863603973132],[150.8678455905162,-33.895830529357816],[150.85713729093192,-33.89437351372624],[150.85557256417474,-33.90024150072479],[150.8550615909952,-33.9058927342131],[150.85469412348348,-33.90924026657549],[150.86291535640706,-33.908510185316956],[150.86505237180265,-33.91040550548113],[150.86718471278945,-33.91078510686123],[150.87514774109016,-33.91086897800337],[150.87620067439622,-33.90374316205579],[150.8844028388121,-33.90494429427229]]]},"properties":{"suburbname":"GREEN VALLEY","postcode":2168,"state":2,"startdate":"20220308104328","enddate":"30000101000000","lastupdate":"20220308104402","msoid":143,"centroidid":null,"shapeuuid":"4bb7bb0d-1987-308b-9cd3-1f5dad76853c","changetype":"M","processstate":null,"urbanity":"U","Shape__Length":0.08630297298497092,"Shape__Area":0.0003141925940258773,"OBJECTID":19396,"cadid":108029677,"createdate":"19950728000000","modifieddate":"20220308104239"}},
{"type":"Feature","geometry":{"type":"Polygon","coordinates":[[[150.8893662968917,-33.92252618792034],[150.8873984393566,-33.92028833822036],[150.8850738194068,-33.91936422276403],[150.88099193378378,-33.91775956981792],[150.87620274583963,-33.914004903343645],[150.874604986127,-33.913521881887675],[150.87170068332065,-33.92720916683775],[150.87366416262887,-33.92770746438363],[150.87690138027898,-33.92671368467949],[150.87903228912322,-33.92508539716746],[150.8808517525403,-33.92616493147321],[150.88376123459753,-33.924560709100305],[150.88349753870733,-33.92306801018717],[150.88695873451354,-33.92158583073079],[150.8893662968917,-33.92252618792034]]]},"properties":{"suburbname":"MILLER","postcode":2168,"state":2,"startdate":"20220311140844","enddate":"30000101000000","lastupdate":"20220311141016","msoid":145,"centroidid":null,"shapeuuid":"1f978d4c-8f01-31ba-b0d5-cce745aaa468","changetype":"M","processstate":null,"urbanity":"U","Shape__Length":0.05919597711441927,"Shape__Area":0.00012169211287566467,"OBJECTID":19424,"cadid":108029679,"createdate":"19950728000000","modifieddate":"20220311140511"}},
{"type":"Feature","geometry":{"type":"Polygon","coordinates":[[[150.87514774109016,-33.91086897800337],[150.86718471278945,-33.91078510686123],[150.86505237180265,-33.91040550548113],[150.86291535640706,-33.908510185316956],[150.85469412348348,-33.90924026657549],[150.85674086399987,-33.91406878343045],[150.8565624032629,-33.91855227007928],[150.8572193818102,-33.92023882024608],[150.85490601062145,-33.92171447413466],[150.85269945102033,-33.918894856239476],[150.8489860273397,-33.92349941677984],[150.84847791767947,-33.924446419536785],[150.85773368890258,-33.92679809154408],[150.86588464900834,-33.92600761134288],[150.87170068332065,-33.92720916683775],[150.874604986127,-33.913521881887675],[150.87514774109016,-33.91086897800337]]]},"properties":{"suburbname":"HINCHINBROOK","postcode":2168,"state":2,"startdate":"20220322095434","enddate":"30000101000000","lastupdate":"20220322095518","msoid":3613,"centroidid":null,"shapeuuid":"78599912-f360-3241-8df3-dc1f44fb798d","changetype":"M","processstate":null,"urbanity":"U","Shape__Length":0.10934688259897687,"Shape__Area":0.00032052831341658987,"OBJECTID":19469,"cadid":108033147,"createdate":"19950728000000","modifieddate":"20220322095208"}},
{"type":"Feature","geometry":{"type":"Polygon","coordinates":[[[151.10366661742722,-33.84278727572399],[151.10082261882965,-33.844567292614194],[151.09978035899223,-33.84179609052581],[151.09727304521508,-33.844829972452864],[151.0945083710695,-33.84991854400306],[151.09169517670796,-33.85053515522587],[151.09245362967073,-33.85354080735531],[151.09189905850965,-33.855472945472144],[151.0927984389,-33.86012614070279],[151.0948560825274,-33.86686596137974],[151.10096868304274,-33.86841953320002],[151.11161870735742,-33.86966978699406],[151.1121194406751,-33.868233262775554],[151.11449916836725,-33.86218364074903],[151.11590809160512,-33.86091991709843],[151.12103671631635,-33.859092110825785],[151.12041835010157,-33.85719189688149],[151.1170650837383,-33.857139991995766],[151.11429070329785,-33.85514990938967],[151.11530784791572,-33.85307006074495],[151.1156395164324,-33.85176931634723],[151.11230324956747,-33.85031231419569],[151.11127433653826,-33.847090780687175],[151.10823103047315,-33.8466209897272],[151.10713399538466,-33.84402592562949],[151.10366661742722,-33.84278727572399]]]},"properties":{"suburbname":"CONCORD","postcode":2137,"state":2,"startdate":"20220412110406","enddate":"30000101000000","lastupdate":"20220412110432","msoid":1209,"centroidid":null,"shapeuuid":"d90d76c2-3693-3f30-a21e-da2baa1b6ae1","changetype":"M","processstate":null,"urbanity":"U","Shape__Length":0.11276233313531481,"Shape__Area":0.0004898875973871334,"OBJECTID":19610,"cadid":108030743,"createdate":"19950728000000","modifieddate":"20220412110335"}},
{"type":"Feature","geometry":{"type":"Polygon","coordinates":[[[150.91641099570458,-33.85886211844021],[150.89798056111238,-33.85640872626418],[150.89733290697006,-33.8567739467255],[150.89659272685208,-33.86434536207272],[150.89793086442458,-33.868298884723174],[150.90077516542158,-33.87407736574091],[150.90453219189595,-33.86968639131777],[150.91074311609253,-33.86537109683891],[150.91319732501074,-33.86394744189239],[150.9188389183401,-33.86239192519476],[150.9179240788274,-33.859074036828765],[150.91641099570458,-33.85886211844021]]]},"properties":{"suburbname":"PRAIRIEWOOD","postcode":2176,"state":2,"startdate":"20220509105329","enddate":"30000101000000","lastupdate":"20220509105354","msoid":140,"centroidid":null,"shapeuuid":"79fd686e-700a-3b9a-8067-d6b8c43c4737","changetype":"M","processstate":null,"urbanity":"U","Shape__Length":0.06881814379053051,"Shape__Area":0.0002094498225473759,"OBJECTID":19720,"cadid":108029674,"createdate":"19950728000000","modifieddate":"20220509105253"}},
{"type":"Feature","geometry":{"type":"Polygon","coordinates":[[[150.91657419558808,-33.87446839726398],[150.91550549648522,-33.87135936459447],[150.91383135940322,-33.87061804489273],[150.91321687132407,-33.867504097529626],[150.91074311609253,-33.86537109683891],[150.90453219189595,-33.86968639131777],[150.90077516542158,-33.87407736574091],[150.90979043458637,-33.8816130337229],[150.91383157947266,-33.88218048497865],[150.91543430486993,-33.88075820791913],[150.91657419558808,-33.87446839726398]]]},"properties":{"suburbname":"WAKELEY","postcode":2176,"state":2,"startdate":"20220509105329","enddate":"30000101000000","lastupdate":"20220509105354","msoid":2454,"centroidid":null,"shapeuuid":"c21235df-29ff-3370-8ba0-13b208b1537c","changetype":"M","processstate":null,"urbanity":"U","Shape__Length":0.0552084463997966,"Shape__Area":0.0001586083763326227,"OBJECTID":19721,"cadid":108031988,"createdate":"19950728000000","modifieddate":"20220509105253"}},
{"type":"Feature","geometry":{"type":"Polygon","coordinates":[[[150.82886053537396,-33.95182057320681],[150.8298170872451,-33.948481517407664],[150.83859834034195,-33.942044367001586],[150.840634087186,-33.940177193169134],[150.84617304057727,-33.93137620815882],[150.84847791767947,-33.924446419536785],[150.8489860273397,-33.92349941677984],[150.83386491448647,-33.921412896142336],[150.83582919958985,-33.911375988847674],[150.83078072371427,-33.91066461311031],[150.8310092700695,-33.912521254153944],[150.829151311056,-33.913638123355646],[150.8285481255127,-33.918076726201186],[150.82955181296452,-33.92058709693205],[150.8254433540421,-33.92583154202468],[150.82119909222595,-33.9283827960321],[150.8224412197243,-33.93463842404181],[150.81949535562887,-33.93684933417693],[150.82166569958534,-33.939655468471955],[150.82039505064617,-33.94155524784379],[150.81940367413483,-33.9458944562743],[150.82169566457114,-33.947398341538005],[150.8213881348016,-33.94919589702703],[150.82301634872044,-33.95201002837809],[150.82886053537396,-33.95182057320681]]]},"properties":{"suburbname":"WEST HOXTON","postcode":2171,"state":2,"startdate":"20220518111233","enddate":"30000101000000","lastupdate":"20220518111332","msoid":147,"centroidid":null,"shapeuuid":"d4202b4c-6ff3-34df-9294-4efed874bae7","changetype":"M","processstate":null,"urbanity":"U","Shape__Length":0.12576173996380183,"Shape__Area":0.0006188019740807014,"OBJECTID":19784,"cadid":108029681,"createdate":"19950728000000","modifieddate":"20220518111051"}},
{"type":"Feature","geometry":{"type":"Polygon","coordinates":[[[150.84628776839153,-33.904568914884024],[150.8407682827958,-33.9040282413881],[150.83730605419086,-33.90502870836017],[150.83800013697777,-33.909121065690904],[150.83582919958985,-33.911375988847674],[150.83386491448647,-33.921412896142336],[150.8489860273397,-33.92349941677984],[150.85269945102033,-33.918894856239476],[150.84910601032385,-33.91303029829658],[150.84701729778092,-33.906821056072886],[150.84628776839153,-33.904568914884024]]]},"properties":{"suburbname":"MIDDLETON GRANGE","postcode":2171,"state":2,"startdate":"20220518111233","enddate":"30000101000000","lastupdate":"20220518111332","msoid":4628,"centroidid":null,"shapeuuid":"4525c44a-221b-3b40-baee-a1eddc117c04","changetype":"M","processstate":null,"urbanity":"U","Shape__Length":0.06470630249817634,"Shape__Area":0.0002459057197329037,"OBJECTID":19787,"cadid":151980845,"createdate":"20051222203701","modifieddate":"20220518111051"}},
{"type":"Feature","geometry":{"type":"Polygon","coordinates":[[[151.19973338850522,-33.87749605368639],[151.1979304633697,-33.874511942543556],[151.19399834276135,-33.876081047243886],[151.1950651827199,-33.88442289636508],[151.20291417064334,-33.883761351192646],[151.19973338850522,-33.87749605368639]]]},"properties":{"suburbname":"ULTIMO","postcode":2007,"state":2,"startdate":"20220520152244","enddate":"30000101000000","lastupdate":"20220520152338","msoid":1266,"centroidid":null,"shapeuuid":"f63ff49e-b9bd-3001-b48c-a287b611db37","changetype":"M","processstate":null,"urbanity":"U","Shape__Length":0.03303829752703601,"Shape__Area":0.00005462857764253935,"OBJECTID":19809,"cadid":108030800,"createdate":"19950728000000","modifieddate":"20220520152023"}},
{"type":"Feature","geometry":{"type":"Polygon","coordinates":[[[151.04703168574943,-33.84361499116179],[151.04462560056925,-33.84227956887356],[151.042683397052,-33.845135966164165],[151.04415034225974,-33.84605695081247],[151.0404960255472,-33.85309836652434],[151.03841053486883,-33.85195238371145],[151.0374387615533,-33.85835953440359],[151.03635456886053,-33.862195604224006],[151.03333118086377,-33.86158500997804],[151.03177184469314,-33.86369213440427],[151.03617005407241,-33.86433265614697],[151.03592006554334,-33.87146774941573],[151.04198119435463,-33.87220543063097],[151.03966538837963,-33.88470290951493],[151.03963781076453,-33.88775176898468],[151.0494988184772,-33.88708744242337],[151.04927804632487,-33.885808229458235],[151.05169355768993,-33.884041869261296],[151.046396215479,-33.87370170911966],[151.04814078545314,-33.864882223474886],[151.05702522357785,-33.86469015928381],[151.05999573230298,-33.86389949225732],[151.0612686351964,-33.85949103176686],[151.06436737450517,-33.85570396655624],[151.06452411848394,-33.853595493656925],[151.0631649636908,-33.852160156068855],[151.05900463589836,-33.845167883180096],[151.0553985270436,-33.84681236124398],[151.05177877028032,-33.847064948798256],[151.05029508588706,-33.846259521311175],[151.04703168574943,-33.84361499116179]]]},"properties":{"suburbname":"LIDCOMBE","postcode":2141,"state":2,"startdate":"20220524135734","enddate":"30000101000000","lastupdate":"20220524135758","msoid":48,"centroidid":null,"shapeuuid":"41c15ee3-8f8f-3607-86a3-539da38a384a","changetype":"M","processstate":null,"urbanity":"U","Shape__Length":0.18638670598135995,"Shape__Area":0.0006594114018749392,"OBJECTID":19816,"cadid":108029582,"createdate":"19950728000000","modifieddate":"20220524135626"}},
{"type":"Feature","geometry":{"type":"Polygon","coordinates":[[[151.03008291080124,-33.83516461631495],[151.0243761608502,-33.83438244236296],[151.02192863921127,-33.83670999306171],[151.01903581796654,-33.83717584882673],[151.01772761531203,-33.83903469621408],[151.01649119062654,-33.8431095648755],[151.0165720401934,-33.84701928105928],[151.01771781600564,-33.85039985798793],[151.01553340144523,-33.85274670681323],[151.01657745949743,-33.85384758183062],[151.01627223574246,-33.856517987784045],[151.01382372201743,-33.86025345334518],[151.0151378995539,-33.86320360569511],[151.01337429198702,-33.86715186944843],[151.0144830247533,-33.86881461181844],[151.01319544982792,-33.86962183169293],[151.0118616898647,-33.87421140585863],[151.01298893715105,-33.878384054352146],[151.01562308320612,-33.87984178261263],[151.01812109822635,-33.878924655482805],[151.02076533414504,-33.87596670639642],[151.02512343534275,-33.87655633438614],[151.0269358739655,-33.86695390667293],[151.03118588926506,-33.8669107364397],[151.03177184469314,-33.86369213440427],[151.03333118086377,-33.86158500997804],[151.03635456886053,-33.862195604224006],[151.0374387615533,-33.85835953440359],[151.03841053486883,-33.85195238371145],[151.0404960255472,-33.85309836652434],[151.04415034225974,-33.84605695081247],[151.042683397052,-33.845135966164165],[151.04462560056925,-33.84227956887356],[151.04065331204063,-33.84066872929341],[151.03008291080124,-33.83516461631495]]]},"properties":{"suburbname":"AUBURN","postcode":2144,"state":2,"startdate":"20220524135734","enddate":"30000101000000","lastupdate":"20220524135758","msoid":1204,"centroidid":null,"shapeuuid":"f4ff9c3b-9831-36eb-a875-dc41b15e1086","changetype":"M","processstate":null,"urbanity":"U","Shape__Length":0.16139356660222579,"Shape__Area":0.0008399317354118938,"OBJECTID":19817,"cadid":108030738,"createdate":"19950728000000","modifieddate":"20220524135626"}},
{"type":"Feature","geometry":{"type":"Polygon","coordinates":[[[150.93377532869192,-33.889454658816426],[150.92288512632066,-33.88826621279274],[150.92301396387043,-33.890128362523804],[150.921894437009,-33.895884003978836],[150.9191364482569,-33.89962947533118],[150.9144174927627,-33.89783580734781],[150.91345772228485,-33.90131384397475],[150.91243024546574,-33.90819401336859],[150.91686699959683,-33.906201632853],[150.91795232372414,-33.90391239386855],[150.91831623110377,-33.90508951127956],[150.92336745871947,-33.905264950234745],[150.92575036656322,-33.90687560491653],[150.93002875016225,-33.90718886543224],[150.93426248174234,-33.90477636615161],[150.93615845771473,-33.90487844737047],[150.93982271537624,-33.903019962251626],[150.9415245286118,-33.90296397979087],[150.94311198177212,-33.904991008211596],[150.94338499452192,-33.90330986044935],[150.94699895332025,-33.8992552658649],[150.95167458576964,-33.89809104884026],[150.95508528765262,-33.89573985892996],[150.95951783358447,-33.89374865190783],[150.9515353521168,-33.892497429253304],[150.95026519686837,-33.89184779369228],[150.9445882748786,-33.89120429047311],[150.94297164456296,-33.88949311473548],[150.94125906246927,-33.89062732806416],[150.93377532869192,-33.889454658816426]]]},"properties":{"suburbname":"CABRAMATTA","postcode":2166,"state":2,"startdate":"20220617164429","enddate":"30000101000000","lastupdate":"20220617164451","msoid":3606,"centroidid":null,"shapeuuid":"7e5c2a12-ef78-35dc-b566-abc5cbc57f06","changetype":"M","processstate":null,"urbanity":"U","Shape__Length":0.15023892670190117,"Shape__Area":0.0004902208542812672,"OBJECTID":19931,"cadid":108033140,"createdate":"19950728000000","modifieddate":"20220617164357"}},
{"type":"Feature","geometry":{"type":"Polygon","coordinates":[[[151.07342406170108,-34.04680549037545],[151.07145758109922,-34.047136969119435],[151.07491546473594,-34.04942387807269],[151.07224006879693,-34.06314082175112],[151.07892314491352,-34.062698869465684],[151.08228882424984,-34.06353808987255],[151.08699464025142,-34.066590250823005],[151.0917109176629,-34.06198590872651],[151.09254918179192,-34.059618252343085],[151.085592641598,-34.05501642492553],[151.0833407674134,-34.05673064407344],[151.08066679407932,-34.05546149837772],[151.0777657111885,-34.055491628056636],[151.0768922619031,-34.05352910669748],[151.07758801172452,-34.048025865215884],[151.07434455985307,-34.04822049079411],[151.07342406170108,-34.04680549037545]]]},"properties":{"suburbname":"GRAYS POINT","postcode":2232,"state":2,"startdate":"20220624115002","enddate":"30000101000000","lastupdate":"20220624115029","msoid":3584,"centroidid":null,"shapeuuid":"791a4a42-b479-3990-9434-e85ee10b8e6e","changetype":"M","processstate":null,"urbanity":"U","Shape__Length":0.08469046618448359,"Shape__Area":0.00017505261153249614,"OBJECTID":19972,"cadid":108033118,"createdate":"19950728000000","modifieddate":"20220624114913"}},
{"type":"Feature","geometry":{"type":"Polygon","coordinates":[[[151.1423802936347,-33.841714216489926],[151.14698561375332,-33.84096954913701],[151.14888266397907,-33.83879293408747],[151.14445327557166,-33.83780824545117],[151.13918531610386,-33.83943358940495],[151.1423802936347,-33.841714216489926]]]},"properties":{"suburbname":"HUNTLEYS POINT","postcode":2111,"state":2,"startdate":"20220628090933","enddate":"30000101000000","lastupdate":"20220628090956","msoid":1214,"centroidid":null,"shapeuuid":"e4fa96ab-cbcb-36ff-93bf-7b8de6539141","changetype":"M","processstate":null,"urbanity":"U","Shape__Length":0.025355543842608116,"Shape__Area":0.000022236047498343046,"OBJECTID":20003,"cadid":108030748,"createdate":"19950728000000","modifieddate":"20220628090847"}},
{"type":"Feature","geometry":{"type":"Polygon","coordinates":[[[151.23748070785692,-33.883016668885226],[151.23435410673997,-33.87979327997459],[151.23241896901663,-33.87942839572204],[151.2318081758684,-33.87718943097798],[151.22954979058173,-33.87676652048814],[151.2277633806004,-33.8791036875633],[151.2235409377639,-33.87954977685687],[151.22138005638058,-33.881359529943744],[151.21912365387183,-33.88174846147206],[151.21819092550635,-33.88509022782011],[151.21824484381955,-33.88551900086262],[151.21922859878842,-33.88678955395039],[151.22462741192032,-33.88768727944092],[151.228721541542,-33.88957077941292],[151.2331127232937,-33.88947821923085],[151.23756899346586,-33.88475528833994],[151.23748070785692,-33.883016668885226]]]},"properties":{"suburbname":"PADDINGTON","postcode":2021,"state":2,"startdate":"20220630130253","enddate":"30000101000000","lastupdate":"20220630131210","msoid":2422,"centroidid":null,"shapeuuid":"70e31928-172c-3396-a1fb-2ac4c2f1a65a","changetype":"M","processstate":null,"urbanity":"U","Shape__Length":0.05814263002544422,"Shape__Area":0.00015966516364821574,"OBJECTID":20024,"cadid":108031956,"createdate":"19950728000000","modifieddate":"20220630130144"}},
{"type":"Feature","geometry":{"type":"Polygon","coordinates":[[[151.07351969496287,-33.94118702915299],[151.06552130515703,-33.939840221563244],[151.06374145436482,-33.94847978182374],[151.06234788895557,-33.94886399822323],[151.06461116568738,-33.95218384825566],[151.06894185482702,-33.95060597605695],[151.07257020258672,-33.9548262035912],[151.07369311719077,-33.950398299295834],[151.075818445349,-33.94914654260996],[151.07461158114438,-33.94769009978063],[151.07351969496287,-33.94118702915299]]]},"properties":{"suburbname":"NARWEE","postcode":2209,"state":2,"startdate":"20220714160752","enddate":"30000101000000","lastupdate":"20220714160817","msoid":2404,"centroidid":null,"shapeuuid":"9590b29f-1a59-3943-a4e7-76cdcc0cceac","changetype":"M","processstate":null,"urbanity":"U","Shape__Length":0.05650654308311211,"Shape__Area":0.00012083261969130066,"OBJECTID":20164,"cadid":108031938,"createdate":"19950728000000","modifieddate":"20220714160704"}},
{"type":"Feature","geometry":{"type":"Polygon","coordinates":[[[150.9735166148075,-33.90989936885472],[150.9692368111611,-33.910952507217885],[150.9677139542878,-33.91064502456381],[150.96045216310404,-33.90523686125077],[150.96110263712796,-33.90335138740802],[150.96630800935029,-33.90271248032314],[150.96657255646724,-33.900518271168],[150.96503930366217,-33.89934200034061],[150.9608185110371,-33.89874950252301],[150.95814184757577,-33.899461984382526],[150.94982197530993,-33.90541613328789],[150.94879051391663,-33.90787684328669],[150.95233828590713,-33.91875597277421],[150.950485089771,-33.92117336518597],[150.94526260140907,-33.92207412195292],[150.94277419005618,-33.92318575413825],[150.9358435349591,-33.922565747622684],[150.9343428643717,-33.92444628217195],[150.9354478614039,-33.92870442027619],[150.93873123131567,-33.9301601300816],[150.943183954911,-33.92926682893134],[150.96884826853832,-33.928511581022256],[150.9685973059373,-33.93107404577339],[150.9736336642041,-33.92902058267978],[150.9775131773934,-33.930143748710506],[150.97898996641456,-33.929121202836996],[150.9784873383889,-33.92697046053424],[150.9759011792911,-33.923629101576985],[150.97445376286788,-33.92029648979712],[150.97388646372215,-33.9154598884556],[150.97440299163722,-33.91295705101374],[150.9735166148075,-33.90989936885472]]]},"properties":{"suburbname":"CHIPPING NORTON","postcode":2170,"state":2,"startdate":"20220728123359","enddate":"30000101000000","lastupdate":"20220728123702","msoid":2456,"centroidid":null,"shapeuuid":"1919dcaa-8679-36c2-a9fd-5e67c49d9f4d","changetype":"M","processstate":null,"urbanity":"U","Shape__Length":0.1552158741150642,"Shape__Area":0.0006995840782356385,"OBJECTID":20253,"cadid":108031990,"createdate":"19950728000000","modifieddate":"20220728122838"}},
{"type":"Feature","geometry":{"type":"Polygon","coordinates":[[[150.91915201863787,-33.79262243624992],[150.91762360209916,-33.79349573389579],[150.9135421261807,-33.79193150353229],[150.90539322578485,-33.790978149235734],[150.9036802727938,-33.80037040382677],[150.91062944873977,-33.80172222689124],[150.91009921216306,-33.804650415558925],[150.89602623563255,-33.80294352859815],[150.88901247152444,-33.80235072185488],[150.8882728846901,-33.80561623067881],[150.88567696511134,-33.807031928805095],[150.87904149714876,-33.80529298788149],[150.87276894660917,-33.810726151427446],[150.87253086756078,-33.81628208906652],[150.87133595318448,-33.81779958549734],[150.8710261690487,-33.8238777707588],[150.87359792279412,-33.82468118711855],[150.87834098770543,-33.82771391032452],[150.8802788014667,-33.82813430037839],[150.884322590748,-33.82723265246529],[150.8845520688172,-33.82915494115878],[150.8834512879682,-33.83236512370785],[150.88742151690468,-33.8295691337842],[150.8902309919674,-33.83205825581415],[150.89134169100345,-33.83054700287299],[150.89562312313842,-33.828320742627405],[150.9084388719919,-33.82506269106618],[150.91213577085978,-33.830535476141115],[150.91437496532964,-33.83233121918645],[150.91617631820986,-33.82174453797135],[150.91832336129542,-33.81979367102832],[150.91867538481083,-33.81805762916631],[150.9172510162172,-33.8159674912084],[150.9183289217967,-33.80970308527873],[150.92060777616285,-33.81220126274013],[150.92239563519118,-33.80974775226787],[150.9273142588687,-33.81012988951133],[150.92846792029857,-33.80691552303262],[150.9307515951204,-33.80563038118305],[150.9282235000211,-33.80302082640468],[150.92587347053615,-33.796972898519456],[150.92166408692827,-33.79469156543929],[150.91915201863787,-33.79262243624992]]]},"properties":{"suburbname":"PROSPECT","postcode":2148,"state":2,"startdate":"20220909150826","enddate":"30000101000000","lastupdate":"20220909152618","msoid":153,"centroidid":null,"shapeuuid":"efb3d646-82c7-37d1-b54b-b703726b7660","changetype":"M","processstate":null,"urbanity":"R","Shape__Length":0.22692041073469912,"Shape__Area":0.0013593322691557656,"OBJECTID":20551,"cadid":108029687,"createdate":"19950728000000","modifieddate":"20220909150639"}},
{"type":"Feature","geometry":{"type":"Polygon","coordinates":[[[151.08169863899698,-33.81476075769169],[151.07970701623128,-33.814543108828666],[151.07666218814506,-33.81633232717776],[151.07584721054428,-33.81391115024021],[151.07164280895654,-33.80684176732955],[151.07050002869403,-33.80714288050737],[151.06656140775632,-33.80868069464059],[151.0685721940897,-33.81381310914388],[151.06702702959095,-33.81501129935738],[151.06809342090932,-33.81804205223626],[151.07055971406024,-33.816361600509396],[151.07299845273417,-33.81872729575361],[151.0766168229668,-33.81975504753204],[151.08255805213201,-33.8185980414855],[151.08169863899698,-33.81476075769169]]]},"properties":{"suburbname":"MELROSE PARK","postcode":2114,"state":2,"startdate":"20220909151906","enddate":"30000101000000","lastupdate":"20220909152710","msoid":68,"centroidid":null,"shapeuuid":"6e960abd-cac9-30aa-b413-cf134f883adc","changetype":"M","processstate":null,"urbanity":"U","Shape__Length":0.059419459620199316,"Shape__Area":0.00009863901905884682,"OBJECTID":20559,"cadid":108029602,"createdate":"19950728000000","modifieddate":"20220909151839"}},
{"type":"Feature","geometry":{"type":"Polygon","coordinates":[[[151.07050002869403,-33.80714288050737],[151.07016689051787,-33.80613592131331],[151.06612198715976,-33.80260959296053],[151.0654058663425,-33.79680864682855],[151.06529298414495,-33.796570823080394],[151.05908966175144,-33.79786076744104],[151.05704433348336,-33.798763408374384],[151.05750828257888,-33.80204330286985],[151.0551099604631,-33.803022221064474],[151.0504906515474,-33.803502132887616],[151.05281032023382,-33.81116982847057],[151.05137024854167,-33.82356857519675],[151.0598347307731,-33.823045437230114],[151.0637265284199,-33.82362525325005],[151.06651852556632,-33.82216807895444],[151.06809342090932,-33.81804205223626],[151.06702702959095,-33.81501129935738],[151.0685721940897,-33.81381310914388],[151.06656140775632,-33.80868069464059],[151.07050002869403,-33.80714288050737]]]},"properties":{"suburbname":"ERMINGTON","postcode":2115,"state":2,"startdate":"20220923092751","enddate":"30000101000000","lastupdate":"20220923092804","msoid":2381,"centroidid":null,"shapeuuid":"a5b81a02-c3ec-3b73-b13a-2129573b1cae","changetype":"M","processstate":null,"urbanity":"U","Shape__Length":0.0933239603124,"Shape__Area":0.0003721170711619055,"OBJECTID":20670,"cadid":108031915,"createdate":"19950728000000","modifieddate":"20220923092718"}},
{"type":"Feature","geometry":{"type":"Polygon","coordinates":[[[151.2408799412907,-33.88990486242679],[151.2367623201401,-33.89067930115557],[151.2331127232937,-33.88947821923085],[151.228721541542,-33.88957077941292],[151.22990058247166,-33.891702736727204],[151.22927336583456,-33.89434842208699],[151.22371246288765,-33.899947983735025],[151.2230058785042,-33.90140284396763],[151.22681818681528,-33.90439868492745],[151.23114848699205,-33.90604958425496],[151.23236772479527,-33.904760613274306],[151.23547665701736,-33.90480413275807],[151.23915733921285,-33.902828827878785],[151.24161244773123,-33.90263076092347],[151.2423605593678,-33.897601616993406],[151.24079989192333,-33.894729791898826],[151.2418956399382,-33.89031380805854],[151.2408799412907,-33.88990486242679]]]},"properties":{"suburbname":"CENTENNIAL PARK","postcode":2021,"state":2,"startdate":"20221005163057","enddate":"30000101000000","lastupdate":"20221005163146","msoid":2414,"centroidid":null,"shapeuuid":"d4dce0b3-9b2a-34a5-b117-16749f60f1fb","changetype":"M","processstate":null,"urbanity":"U","Shape__Length":0.06595110629863746,"Shape__Area":0.00021404245714525883,"OBJECTID":20746,"cadid":108031948,"createdate":"19950728000000","modifieddate":"20221005162918"}},
{"type":"Feature","geometry":{"type":"Polygon","coordinates":[[[151.228721541542,-33.88957077941292],[151.22462741192032,-33.88768727944092],[151.21922859878842,-33.88678955395039],[151.21824484381955,-33.88551900086262],[151.21705199972902,-33.89185668931103],[151.21586530019346,-33.897519923184745],[151.2146464110465,-33.903868645791015],[151.22208676870056,-33.90489297931769],[151.22341314778393,-33.90379065551363],[151.2230058785042,-33.90140284396763],[151.22371246288765,-33.899947983735025],[151.22927336583456,-33.89434842208699],[151.22990058247166,-33.891702736727204],[151.228721541542,-33.88957077941292]]]},"properties":{"suburbname":"MOORE PARK","postcode":2021,"state":2,"startdate":"20221005163057","enddate":"30000101000000","lastupdate":"20221005163146","msoid":3572,"centroidid":null,"shapeuuid":"4a5f8e6e-3117-342d-839b-1bebce4cd957","changetype":"M","processstate":null,"urbanity":"U","Shape__Length":0.06154833489302216,"Shape__Area":0.00017497046477953925,"OBJECTID":20748,"cadid":108033106,"createdate":"19950728000000","modifieddate":"20221005162918"}},
{"type":"Feature","geometry":{"type":"Polygon","coordinates":[[[151.26373367580268,-33.74629539820637],[151.26069192020236,-33.745864377933884],[151.2596924668784,-33.74365888376989],[151.2537048335525,-33.74282352451965],[151.2537564174813,-33.74681615175155],[151.25093255942394,-33.74643422765558],[151.24996073018303,-33.745055786832374],[151.24851093635908,-33.74681492127873],[151.24810565382433,-33.75211717641849],[151.24977953373696,-33.752358108543625],[151.24912131701768,-33.75669179681059],[151.2509770911392,-33.7569516003786],[151.25075178536167,-33.759797045423916],[151.25413039167833,-33.75914290826953],[151.26074051321592,-33.76032284935838],[151.26906204929637,-33.76132801576406],[151.26648966399222,-33.75778306305596],[151.26603451656095,-33.75435791815958],[151.26822042319338,-33.754581536777046],[151.26970577826268,-33.75111211071902],[151.2692334752837,-33.74988830508648],[151.266035413204,-33.74865726219057],[151.26638560125718,-33.74692966133315],[151.26373367580268,-33.74629539820637]]]},"properties":{"suburbname":"BEACON HILL","postcode":2100,"state":2,"startdate":"20221021121038","enddate":"30000101000000","lastupdate":"20221021121110","msoid":45,"centroidid":null,"shapeuuid":"7e4cca48-0421-3dfa-befc-e9b423055682","changetype":"M","processstate":null,"urbanity":"U","Shape__Length":0.09792170545008809,"Shape__Area":0.00027019444125719324,"OBJECTID":20834,"cadid":108029579,"createdate":"19950728000000","modifieddate":"20221021120932"}},
{"type":"Feature","geometry":{"type":"Polygon","coordinates":[[[151.28076053999604,-33.74393463279972],[151.26789251355393,-33.74248735338705],[151.26373367580268,-33.74629539820637],[151.26638560125718,-33.74692966133315],[151.266035413204,-33.74865726219057],[151.2692334752837,-33.74988830508648],[151.26970577826268,-33.75111211071902],[151.26822042319338,-33.754581536777046],[151.26866088073214,-33.75693954875745],[151.2739228135185,-33.75756657844555],[151.27770179746005,-33.75735019801969],[151.28076053999604,-33.74393463279972]]]},"properties":{"suburbname":"NARRAWEENA","postcode":2099,"state":2,"startdate":"20221021121038","enddate":"30000101000000","lastupdate":"20221021121110","msoid":3720,"centroidid":null,"shapeuuid":"8564d88c-4d66-3196-b1ce-659d08179a20","changetype":"M","processstate":null,"urbanity":"U","Shape__Length":0.06820785242022545,"Shape__Area":0.00017062840689355905,"OBJECTID":20835,"cadid":108033254,"createdate":"19950728000000","modifieddate":"20221021120932"}},
{"type":"Feature","geometry":{"type":"Polygon","coordinates":[[[151.20912325930075,-33.8796905398807],[151.20928006686407,-33.87838322393111],[151.20252644186604,-33.87717184535333],[151.19973338850522,-33.87749605368639],[151.20291417064334,-33.883761351192646],[151.20386073095324,-33.88528276486297],[151.2067948470594,-33.885794904203394],[151.20828823989592,-33.88351511444143],[151.20912325930075,-33.8796905398807]]]},"properties":{"suburbname":"HAYMARKET","postcode":2000,"state":2,"startdate":"20221027110753","enddate":"30000101000000","lastupdate":"20221027110820","msoid":112,"centroidid":null,"shapeuuid":"d558db7e-b771-3055-b043-681cd6974146","changetype":"M","processstate":null,"urbanity":"U","Shape__Length":0.03222709948309552,"Shape__Area":0.00005071945573991114,"OBJECTID":20856,"cadid":108029646,"createdate":"19950728000000","modifieddate":"20221027110528"}},
{"type":"Feature","geometry":{"type":"Polygon","coordinates":[[[151.2067948470594,-33.885794904203394],[151.20386073095324,-33.88528276486297],[151.20291417064334,-33.883761351192646],[151.1950651827199,-33.88442289636508],[151.1946988160043,-33.88443355607388],[151.1931759971042,-33.88767036104126],[151.19882982281314,-33.8886107183897],[151.20182771581463,-33.889100077215765],[151.2067948470594,-33.885794904203394]]]},"properties":{"suburbname":"CHIPPENDALE","postcode":2008,"state":2,"startdate":"20221027110753","enddate":"30000101000000","lastupdate":"20221027110820","msoid":1264,"centroidid":null,"shapeuuid":"c55535ec-c325-3a29-a57c-df6b62ba5d04","changetype":"M","processstate":null,"urbanity":"U","Shape__Length":0.03364875047792057,"Shape__Area":0.00004520445936518199,"OBJECTID":20858,"cadid":108030798,"createdate":"19950728000000","modifieddate":"20221027110528"}},
{"type":"Feature","geometry":{"type":"Polygon","coordinates":[[[151.18748350373542,-33.884707373902],[151.1853333815393,-33.88272346621558],[151.18326147995245,-33.88270246337327],[151.18130289973075,-33.88083904688201],[151.1784850094059,-33.875629388776225],[151.17686263407384,-33.87602110095877],[151.17591733299878,-33.87970726853264],[151.17622673093862,-33.88269098186579],[151.17979712044863,-33.8837007329175],[151.18204196075982,-33.88555284175086],[151.18748350373542,-33.884707373902]]]},"properties":{"suburbname":"FOREST LODGE","postcode":2037,"state":2,"startdate":"20221117150727","enddate":"30000101000000","lastupdate":"20221117150737","msoid":97,"centroidid":null,"shapeuuid":"f025bba3-a7dc-3e76-bdf4-d30ea5fc660a","changetype":"M","processstate":null,"urbanity":"U","Shape__Length":0.04288255876821839,"Shape__Area":0.00004442875695692148,"OBJECTID":20983,"cadid":108029631,"createdate":"19950728000000","modifieddate":"20221117150611"}},
{"type":"Feature","geometry":{"type":"Polygon","coordinates":[[[151.0998475013816,-33.71565415540515],[151.0986129050713,-33.71628821522297],[151.09204290494858,-33.71539728599776],[151.0906277309196,-33.71637744688286],[151.08945868857336,-33.721771384264585],[151.09124893007066,-33.723374674854796],[151.08860872378747,-33.72468857821293],[151.0874948086225,-33.72677965529533],[151.08832697825102,-33.73235167618488],[151.09263975880032,-33.73299653358384],[151.0923183164958,-33.730500090292765],[151.09370174689315,-33.72946631247248],[151.10056977430588,-33.73044428925116],[151.1028095357596,-33.729452747859845],[151.1049261224021,-33.72497186036181],[151.10489790903003,-33.720324391774575],[151.09986747895948,-33.717585935409886],[151.0998475013816,-33.71565415540515]]]},"properties":{"suburbname":"NORMANHURST","postcode":2076,"state":2,"startdate":"20221129105123","enddate":"30000101000000","lastupdate":"20221129105202","msoid":2354,"centroidid":null,"shapeuuid":"2a39bf65-35a8-3302-90c5-c42aa5bd032d","changetype":"M","processstate":null,"urbanity":"U","Shape__Length":0.09383604074316865,"Shape__Area":0.00021210509206065923,"OBJECTID":21036,"cadid":108031888,"createdate":"19950728000000","modifieddate":"20221129104904"}},
{"type":"Feature","geometry":{"type":"Polygon","coordinates":[[[151.28707743304773,-33.84721979685614],[151.2849439000485,-33.843308847115665],[151.28528357534955,-33.841142873103735],[151.28213434127485,-33.83644737500219],[151.2797085035996,-33.83523893196644],[151.2783135038165,-33.83734455589418],[151.27945312121747,-33.838911758092934],[151.27800031991106,-33.84041303250974],[151.28087016473768,-33.84172664552321],[151.28177705131608,-33.84345224134926],[151.28118471095917,-33.84622070684865],[151.285164151379,-33.84745841936113],[151.28707743304773,-33.84721979685614]]]},"properties":{"suburbname":"WATSONS BAY","postcode":2030,"state":2,"startdate":"20230413160129","enddate":"30000101000000","lastupdate":"20230413160143","msoid":3723,"centroidid":null,"shapeuuid":"374e9198-93ce-3c1a-ae61-a6e09f5b47fe","changetype":"M","processstate":null,"urbanity":"R","Shape__Length":0.05150215094387971,"Shape__Area":0.00006064975330519505,"OBJECTID":21782,"cadid":108033257,"createdate":"19950728000000","modifieddate":"20230413160017"}},
{"type":"Feature","geometry":{"type":"Polygon","coordinates":[[[151.16811082313527,-33.75504282513417],[151.1658243747012,-33.756527536606775],[151.16261479360216,-33.75681342275917],[151.1586745644787,-33.758024427302736],[151.1566994363086,-33.76079069283752],[151.15124934371053,-33.76213555494624],[151.148513018882,-33.76355877019587],[151.14895120139659,-33.76478598022007],[151.145197569635,-33.766539379457306],[151.14635990250025,-33.769130777874196],[151.14231467333082,-33.77084341010078],[151.13795906410647,-33.774416090048824],[151.14013738023996,-33.77662377084706],[151.13868323990062,-33.77901895704093],[151.13953147683407,-33.78200621288308],[151.1424504383971,-33.781145618116206],[151.14344408340932,-33.783103845658935],[151.14569074511883,-33.78240062707687],[151.14793176908762,-33.77700935810121],[151.14952008810184,-33.7755142917472],[151.15593090079653,-33.77639055939101],[151.15870569691242,-33.7754260055906],[151.16189484259965,-33.77105435275716],[151.1647417027744,-33.76984190840194],[151.16962815098586,-33.76874950971943],[151.1715870046228,-33.76700378315179],[151.17574165206238,-33.76781394943147],[151.17794303043834,-33.76738455359161],[151.17724611779863,-33.76556255963119],[151.17474211860556,-33.76440920956375],[151.17301267805573,-33.76158226317736],[151.17275065657566,-33.759321382015976],[151.1700521943676,-33.75771582127084],[151.16811082313527,-33.75504282513417]]]},"properties":{"suburbname":"KILLARA","postcode":2071,"state":2,"startdate":"20230509123335","enddate":"30000101000000","lastupdate":"20230509123401","msoid":58,"centroidid":null,"shapeuuid":"dc76db22-b2cd-3549-9603-6e465f017425","changetype":"M","processstate":null,"urbanity":"U","Shape__Length":0.15000211023245788,"Shape__Area":0.00045158326107800056,"OBJECTID":21937,"cadid":108029592,"createdate":"19950728000000","modifieddate":"20230509123227"}},
{"type":"Feature","geometry":{"type":"Polygon","coordinates":[[[150.97637215917155,-33.903585429344474],[150.9859132309067,-33.8997728784469],[150.9803231098156,-33.8960438022795],[150.97785956882086,-33.891592450823225],[150.9739153294894,-33.88988036531916],[150.96952756504336,-33.888875938184896],[150.9671535394959,-33.89012799269574],[150.96837218091784,-33.89177226633649],[150.96825515288094,-33.89607783344642],[150.9726480357215,-33.89832505458817],[150.97349303317023,-33.9010828742616],[150.97637215917155,-33.903585429344474]]]},"properties":{"suburbname":"LANSDOWNE","postcode":2163,"state":2,"startdate":"20230517103511","enddate":"30000101000000","lastupdate":"20230517103545","msoid":2448,"centroidid":null,"shapeuuid":"8dc1fc84-f6e1-3026-a7cf-f60a4c9f1b43","changetype":"M","processstate":null,"urbanity":"U","Shape__Length":0.05219762717478879,"Shape__Area":0.0001356286298189492,"OBJECTID":22015,"cadid":108031982,"createdate":"19950728000000","modifieddate":"20230517103403"}},
{"type":"Feature","geometry":{"type":"Polygon","coordinates":[[[151.09146946015028,-33.88764154029237],[151.08814867080423,-33.89257108003063],[151.08672420354304,-33.89271762507629],[151.08125274929034,-33.89121285798335],[151.07378235058434,-33.88746244616474],[151.0688867399414,-33.88598674932397],[151.06745555378998,-33.88894784798787],[151.0673935423698,-33.893711735904255],[151.06953042850995,-33.89976338556065],[151.07166725564525,-33.90347120027664],[151.0770960735892,-33.90744952564195],[151.0827233367795,-33.902706230071765],[151.0859416790363,-33.90070369802809],[151.08895984397145,-33.899744963466354],[151.09040890268938,-33.893154172959456],[151.09146946015028,-33.88764154029237]]]},"properties":{"suburbname":"STRATHFIELD SOUTH","postcode":2136,"state":2,"startdate":"20230602135235","enddate":"30000101000000","lastupdate":"20230602135252","msoid":110,"centroidid":null,"shapeuuid":"6bdc9134-1e09-3cdc-9615-f6dbed52eca4","changetype":"M","processstate":null,"urbanity":"U","Shape__Length":0.0802153931427292,"Shape__Area":0.0003001614684986084,"OBJECTID":22099,"cadid":108029644,"createdate":"19950728000000","modifieddate":"20230602135057"}},
{"type":"Feature","geometry":{"type":"Polygon","coordinates":[[[151.09262058863735,-33.90203372043931],[151.08895984397145,-33.899744963466354],[151.0859416790363,-33.90070369802809],[151.0827233367795,-33.902706230071765],[151.0770960735892,-33.90744952564195],[151.07719180913534,-33.90750725454559],[151.08338307103867,-33.90856627780922],[151.09113767020298,-33.91200948325698],[151.0953027555765,-33.91006797855693],[151.09262058863735,-33.90203372043931]]]},"properties":{"suburbname":"BELFIELD","postcode":2191,"state":2,"startdate":"20230602135235","enddate":"30000101000000","lastupdate":"20230602135252","msoid":2402,"centroidid":null,"shapeuuid":"7248f8c5-e6b4-30a6-92f2-cd13713d530b","changetype":"M","processstate":null,"urbanity":"U","Shape__Length":0.047620634414712606,"Shape__Area":0.00012048772450295241,"OBJECTID":22100,"cadid":108031936,"createdate":"19950728000000","modifieddate":"20230602135057"}},
{"type":"Feature","geometry":{"type":"Polygon","coordinates":[[[150.90191033539907,-33.75137250951867],[150.90029648305668,-33.746802547836275],[150.89996058457442,-33.74061769946978],[150.89712207156347,-33.737550602653066],[150.89087152969364,-33.74337108034747],[150.88673401881124,-33.74027957151037],[150.88375837969545,-33.74301134530045],[150.88276214622465,-33.74243238997708],[150.879885814226,-33.74730521279601],[150.8873739029324,-33.75218625223957],[150.89432945671362,-33.75737676447046],[150.899085115258,-33.76029438247675],[150.90069734438723,-33.75216814935003],[150.90191033539907,-33.75137250951867]]]},"properties":{"suburbname":"MARAYONG","postcode":2148,"state":2,"startdate":"20230613105829","enddate":"30000101000000","lastupdate":"20230613105833","msoid":3621,"centroidid":null,"shapeuuid":"1b289d83-2c4d-30be-84d2-28ae9208bf5e","changetype":"M","processstate":null,"urbanity":"U","Shape__Length":0.07704901662893995,"Shape__Area":0.0002619547230063911,"OBJECTID":22207,"cadid":108033155,"createdate":"19950728000000","modifieddate":"20230613105644"}},
{"type":"Feature","geometry":{"type":"Polygon","coordinates":[[[151.04408191496336,-34.05535618941216],[151.0437988707639,-34.06421397659287],[151.0415066854189,-34.06601392434098],[151.04636382302462,-34.07133091132847],[151.04641442244034,-34.07424442065543],[151.0438123658202,-34.07471866029704],[151.0433014699346,-34.07676934216523],[151.04519709410334,-34.07870626082626],[151.04188305035294,-34.08095243164035],[151.04394137321674,-34.087025506798284],[151.04782982307765,-34.08778780682123],[151.0553913555215,-34.08741733006156],[151.05637498485004,-34.082719399225944],[151.0595237896193,-34.08312561728653],[151.06167863780757,-34.08479695680035],[151.06488147996257,-34.08418232124442],[151.06873941021524,-34.08005772299738],[151.07004608307597,-34.07622350950695],[151.0718317528556,-34.067883269575496],[151.0760921735194,-34.07031249397618],[151.07837258925514,-34.068734338830666],[151.07795433612716,-34.06567668083621],[151.07892314491352,-34.062698869465684],[151.07224006879693,-34.06314082175112],[151.07491546473594,-34.04942387807269],[151.07145758109922,-34.047136969119435],[151.06520570594043,-34.04253729820809],[151.06547526246456,-34.04109234755441],[151.06020921415012,-34.04032871312083],[151.0578233877037,-34.04137412617159],[151.05275497033537,-34.04605330802219],[151.05183217920248,-34.04997412039852],[151.04842664719862,-34.05337326888368],[151.04408191496336,-34.05535618941216]]]},"properties":{"suburbname":"AUDLEY","postcode":2232,"state":2,"startdate":"20230613093938","enddate":"30000101000000","lastupdate":"20230613093950","msoid":19147,"centroidid":null,"shapeuuid":"b54d7ae3-fd59-3930-b216-625377052641","changetype":"M","processstate":null,"urbanity":"R","Shape__Length":0.17216451589564521,"Shape__Area":0.0011220812383769783,"OBJECTID":22208,"cadid":182886502,"createdate":"20220624114913","modifieddate":"20230613093854"}},
{"type":"Feature","geometry":{"type":"Polygon","coordinates":[[[151.0688867399414,-33.88598674932397],[151.0691189340366,-33.882092462455496],[151.0666620575005,-33.883006736459095],[151.06146904827276,-33.882980053310604],[151.05858765520009,-33.88426781521066],[151.05720132902658,-33.89138590274687],[151.04973332715255,-33.89671882200189],[151.04533625128298,-33.900784434317785],[151.04356707077537,-33.89974945022293],[151.03788904935186,-33.899018196056204],[151.03767335354243,-33.90384942810845],[151.04059799355838,-33.90599664841451],[151.04290013181753,-33.91165635428527],[151.04551608080246,-33.914270993027095],[151.04662720017143,-33.913385706089414],[151.05590317750844,-33.91469681517173],[151.05592732394837,-33.916064482040696],[151.06322044215761,-33.91745936269702],[151.06423121297453,-33.91658484346208],[151.06834971984756,-33.91304838006315],[151.07274030849635,-33.911535421323386],[151.07509198610617,-33.91002763122375],[151.07654190650362,-33.9078444702813],[151.07719180913534,-33.90750725454559],[151.0770960735892,-33.90744952564195],[151.07166725564525,-33.90347120027664],[151.06953042850995,-33.89976338556065],[151.0673935423698,-33.893711735904255],[151.06745555378998,-33.88894784798787],[151.0688867399414,-33.88598674932397]]]},"properties":{"suburbname":"GREENACRE","postcode":2190,"state":2,"startdate":"20230710151906","enddate":"30000101000000","lastupdate":"20230710151912","msoid":1239,"centroidid":null,"shapeuuid":"ba2b37b4-9747-3f7e-9357-2dc8ba658d71","changetype":"M","processstate":null,"urbanity":"U","Shape__Length":0.14638762177779274,"Shape__Area":0.000712205221022467,"OBJECTID":22367,"cadid":108030773,"createdate":"19950728000000","modifieddate":"20230710151830"}},
{"type":"Feature","geometry":{"type":"Polygon","coordinates":[[[151.08014445671043,-33.750146862593624],[151.07403976053772,-33.746021861002326],[151.06858855027318,-33.744940792981],[151.069257885812,-33.74178150879306],[151.06554062541855,-33.7429466221114],[151.06406133611432,-33.74190360827493],[151.0606043621271,-33.741970197497494],[151.0585576046033,-33.74320498407775],[151.05662006805946,-33.74236408773489],[151.0500303565448,-33.74879424473871],[151.0497522038937,-33.7509546336132],[151.04779773938927,-33.753196588237756],[151.04950792991085,-33.75845191068286],[151.04831375613864,-33.763716940887285],[151.0539563270761,-33.76293368097214],[151.05439770066687,-33.7647794537325],[151.0594942241152,-33.763609516784136],[151.06319822340103,-33.76358735772405],[151.0664110963053,-33.761732909325495],[151.06836941322135,-33.7613902733945],[151.06984803914705,-33.758749633770655],[151.0742319206024,-33.75426157740535],[151.07533809980146,-33.75184548242592],[151.08014445671043,-33.750146862593624]]]},"properties":{"suburbname":"BEECROFT","postcode":2119,"state":2,"startdate":"20230713152302","enddate":"30000101000000","lastupdate":"20230713152324","msoid":39,"centroidid":null,"shapeuuid":"935351f5-b1b1-3f07-b1db-b44e3e5572b6","changetype":"M","processstate":null,"urbanity":"U","Shape__Length":0.14134948041209983,"Shape__Area":0.00046891617421482274,"OBJECTID":22395,"cadid":108029573,"createdate":"19950728000000","modifieddate":"20230713152200"}},
{"type":"Feature","geometry":{"type":"Polygon","coordinates":[[[150.91620548097316,-33.83694594130007],[150.9124223172855,-33.83472912032223],[150.91437496532964,-33.83233121918645],[150.91213577085978,-33.830535476141115],[150.9084388719919,-33.82506269106618],[150.89562312313842,-33.828320742627405],[150.89134169100345,-33.83054700287299],[150.8902309919674,-33.83205825581415],[150.88742151690468,-33.8295691337842],[150.8834512879682,-33.83236512370785],[150.87822786651617,-33.83498116751568],[150.876092208993,-33.839065937455864],[150.87382147383747,-33.83988668123049],[150.87441247937173,-33.84171026258058],[150.8727387135555,-33.846460777156565],[150.87593041505988,-33.84843796471628],[150.8762316267047,-33.85148200941808],[150.88756145961062,-33.853653901553336],[150.89377921546276,-33.85216816201547],[150.89677047352964,-33.852717665290804],[150.89798056111238,-33.85640872626418],[150.91641099570458,-33.85886211844021],[150.91865925754482,-33.84829119910671],[150.92265148457906,-33.848801496340016],[150.92409873773448,-33.841864897691764],[150.92267249709008,-33.83954531080136],[150.92075296653576,-33.83920341227681],[150.91620548097316,-33.83694594130007]]]},"properties":{"suburbname":"WETHERILL PARK","postcode":2164,"state":2,"startdate":"20230816111932","enddate":"30000101000000","lastupdate":"20230816112007","msoid":2469,"centroidid":null,"shapeuuid":"5f4e501f-8c87-36f6-814d-c73a2f32c240","changetype":"M","processstate":null,"urbanity":"U","Shape__Length":0.15875756233087746,"Shape__Area":0.00109715324308454,"OBJECTID":22571,"cadid":108032003,"createdate":"19950728000000","modifieddate":"20230816111704"}},
{"type":"Feature","geometry":{"type":"Polygon","coordinates":[[[151.12970722578993,-33.94290943616819],[151.1268261103883,-33.94046706014388],[151.12291360246095,-33.94123282888899],[151.12017256492013,-33.94458639944545],[151.1163233713244,-33.94554895168363],[151.1136239876527,-33.94707921318159],[151.1149858759603,-33.94869940683026],[151.10977809869175,-33.948567317804994],[151.1020767560053,-33.9497850022354],[151.11283322558666,-33.962418185960736],[151.11440654468188,-33.96407835855256],[151.11784423386953,-33.96154673935332],[151.11945841422033,-33.962004188259755],[151.122204133799,-33.964653126189475],[151.1262145654824,-33.9629783102882],[151.1327230437951,-33.9579537659275],[151.1344187735338,-33.95599996823231],[151.1322988921812,-33.95139793774104],[151.12837698064072,-33.94689432879386],[151.1303671948135,-33.94314519906482],[151.12970722578993,-33.94290943616819]]]},"properties":{"suburbname":"BEXLEY","postcode":2207,"state":2,"startdate":"20230818144446","enddate":"30000101000000","lastupdate":"20230818144510","msoid":3574,"centroidid":null,"shapeuuid":"aa6c16bf-eb60-3310-bf66-e35075d7cb4e","changetype":"M","processstate":null,"urbanity":"U","Shape__Length":0.12694482482302,"Shape__Area":0.0004215648573186284,"OBJECTID":22591,"cadid":108033108,"createdate":"19950728000000","modifieddate":"20230818144301"}},
{"type":"Feature","geometry":{"type":"Polygon","coordinates":[[[151.1984961217513,-33.768056730736575],[151.19446702481943,-33.76775739973755],[151.19296859814096,-33.77330044316034],[151.1952780341817,-33.77704998854812],[151.19503978644332,-33.77847860571613],[151.19658358138972,-33.782041367712516],[151.20720347169708,-33.778818341284016],[151.2072895875009,-33.77678560094436],[151.2048987266218,-33.7744146007141],[151.20192142359468,-33.77354124240183],[151.20258286629425,-33.7706256942131],[151.1984961217513,-33.768056730736575]]]},"properties":{"suburbname":"ROSEVILLE CHASE","postcode":2069,"state":2,"startdate":"20230822140248","enddate":"30000101000000","lastupdate":"20230822140254","msoid":59,"centroidid":null,"shapeuuid":"93cbb380-d6b4-3900-8121-0b4dfc625b81","changetype":"M","processstate":null,"urbanity":"U","Shape__Length":0.05362342247319723,"Shape__Area":0.00012137308018433457,"OBJECTID":22624,"cadid":108029593,"createdate":"19950728000000","modifieddate":"20230822140238"}},
{"type":"Feature","geometry":{"type":"Polygon","coordinates":[[[150.85189054416645,-33.68482198711654],[150.8603109417765,-33.680020297062335],[150.8560217658165,-33.666844131097044],[150.8526139071105,-33.66160842621139],[150.85218833090818,-33.65903629384888],[150.85178257799762,-33.652072322580715],[150.85075148719974,-33.65026348667611],[150.8351654396253,-33.65798834512319],[150.83478729579113,-33.65980931287055],[150.83696763779434,-33.66394585555463],[150.83890294378222,-33.66365387037792],[150.84418339260654,-33.66262249028123],[150.84703876164104,-33.66667767378887],[150.84957383376323,-33.66689694719879],[150.85327909941452,-33.668494027585375],[150.85199997321152,-33.67108173394018],[150.85377434733033,-33.67166714326214],[150.85369794054978,-33.67733759827279],[150.8544602984067,-33.681105198227804],[150.85189054416645,-33.68482198711654]]]},"properties":{"suburbname":"RICHARDS","postcode":2765,"state":2,"startdate":"20230822144125","enddate":"30000101000000","lastupdate":"20230822144146","msoid":17540,"centroidid":null,"shapeuuid":"06ba5909-da32-3508-a261-e9a1751a5758","changetype":"M","processstate":null,"urbanity":"R","Shape__Length":0.11151399481557374,"Shape__Area":0.00027134588074909506,"OBJECTID":22642,"cadid":181029713,"createdate":"20201106082854","modifieddate":"20230822144014"}},
{"type":"Feature","geometry":{"type":"Polygon","coordinates":[[[151.16321398053003,-33.9520027039713],[151.15401750135973,-33.95098456791527],[151.15278204210256,-33.950548696296316],[151.15037468980438,-33.953719867801716],[151.1476559640832,-33.95470413823108],[151.14694175444015,-33.95736236146129],[151.14930734686976,-33.958726907442106],[151.14792698905399,-33.96221109037024],[151.14514283876701,-33.96531893860624],[151.15430109114718,-33.966873623933495],[151.1580612531832,-33.958419782975646],[151.16321398053003,-33.9520027039713]]]},"properties":{"suburbname":"BRIGHTON-LE-SANDS","postcode":2216,"state":2,"startdate":"20230824120532","enddate":"30000101000000","lastupdate":"20230824192042","msoid":1262,"centroidid":null,"shapeuuid":"b30dc94b-0c46-318a-81bb-8cd29078c5ae","changetype":"M","processstate":null,"urbanity":"U","Shape__Length":0.07436101594759202,"Shape__Area":0.0001496081010076993,"OBJECTID":22661,"cadid":108030796,"createdate":"19950728000000","modifieddate":"20230824120405"}},
{"type":"Feature","geometry":{"type":"Polygon","coordinates":[[[151.11290803697327,-33.936768747425],[151.11021938945834,-33.93391952772045],[151.10891331039497,-33.92770255110674],[151.10824768895787,-33.92733758315608],[151.09888914627916,-33.92879078608848],[151.09042285463133,-33.93144390515066],[151.08733411595668,-33.93281521339958],[151.08790588347347,-33.93461615078235],[151.08498022727346,-33.93580995316775],[151.0859477800841,-33.93741132691015],[151.08944967306053,-33.938227818860035],[151.08767030839843,-33.94119388214078],[151.09087526571906,-33.94572610893063],[151.09176319325425,-33.95131764886105],[151.0955828618246,-33.95117268822969],[151.1020767560053,-33.9497850022354],[151.10977809869175,-33.948567317804994],[151.10768546412154,-33.9381515314821],[151.1128581825194,-33.93760368749907],[151.11290803697327,-33.936768747425]]]},"properties":{"suburbname":"KINGSGROVE","postcode":2208,"state":2,"startdate":"20230829162529","enddate":"30000101000000","lastupdate":"20230829162539","msoid":90,"centroidid":null,"shapeuuid":"0236c1de-0a7e-3510-bdc4-e517c1f32a9a","changetype":"M","processstate":null,"urbanity":"U","Shape__Length":0.10848461715939499,"Shape__Area":0.00044007215167783827,"OBJECTID":22692,"cadid":108029624,"createdate":"19950728000000","modifieddate":"20230829162356"}},
{"type":"Feature","geometry":{"type":"Polygon","coordinates":[[[151.10051700973364,-33.802072944088366],[151.09890942044976,-33.79923614145683],[151.09367396712418,-33.796870441000706],[151.09017510685982,-33.79288684684995],[151.08957574481494,-33.79426172884121],[151.0812947285978,-33.795872389037775],[151.07910808226205,-33.79784142104025],[151.08079139719283,-33.80310201090395],[151.083221199478,-33.80415230991068],[151.0901288675462,-33.80238834456236],[151.09159629634553,-33.80448123208194],[151.09377053603856,-33.80228730757736],[151.0967265114895,-33.804151110381625],[151.0999955751982,-33.802593158069755],[151.10051700973364,-33.802072944088366]]]},"properties":{"suburbname":"DENISTONE","postcode":2114,"state":2,"startdate":"20230904155400","enddate":"30000101000000","lastupdate":"20230904155434","msoid":2383,"centroidid":null,"shapeuuid":"ad90e2b4-5d09-3eea-9138-5be4d269e158","changetype":"M","processstate":null,"urbanity":"U","Shape__Length":0.06554218331898293,"Shape__Area":0.00014732643821647204,"OBJECTID":22713,"cadid":108031917,"createdate":"19950728000000","modifieddate":"20230904155314"}},
{"type":"Feature","geometry":{"type":"Polygon","coordinates":[[[151.14980630123503,-33.862077202662064],[151.14190731229434,-33.853375941994514],[151.14153873341078,-33.85332128951985],[151.1375849506631,-33.85374927021692],[151.13610966848105,-33.854779290152905],[151.13590452153392,-33.85826414311977],[151.1346975308982,-33.858665688814874],[151.1344419492416,-33.862810274462944],[151.138496669581,-33.8619908014482],[151.1394849840906,-33.863727819555244],[151.14447196342707,-33.86315211143097],[151.14980630123503,-33.862077202662064]]]},"properties":{"suburbname":"RUSSELL LEA","postcode":2046,"state":2,"startdate":"20230907092609","enddate":"30000101000000","lastupdate":"20230907092633","msoid":3524,"centroidid":null,"shapeuuid":"56261051-973f-3102-9f2a-8a9aebfe1a25","changetype":"M","processstate":null,"urbanity":"U","Shape__Length":0.05345198762359087,"Shape__Area":0.00009864397137307567,"OBJECTID":22728,"cadid":108033058,"createdate":"19950728000000","modifieddate":"20230907092514"}},
{"type":"Feature","geometry":{"type":"Polygon","coordinates":[[[151.24321985064896,-33.78155924389794],[151.24223940196003,-33.78600531404818],[151.2466998474941,-33.788389314802494],[151.2475843239971,-33.79042904196356],[151.25190243011775,-33.79229677095026],[151.25357546781083,-33.792351681872965],[151.25757828615122,-33.78913177812057],[151.25994297124942,-33.78850928001735],[151.26073375245787,-33.78462800033053],[151.2555659170121,-33.783816370462944],[151.25519528923877,-33.78567782194115],[151.2521064260049,-33.78545065221406],[151.25147958985005,-33.78309595733021],[151.24321985064896,-33.78155924389794]]]},"properties":{"suburbname":"NORTH BALGOWLAH","postcode":2093,"state":2,"startdate":"20230915110539","enddate":"30000101000000","lastupdate":"20230915110557","msoid":76,"centroidid":null,"shapeuuid":"56ce56d9-d60b-38dc-a311-2ce6bd31d84a","changetype":"M","processstate":null,"urbanity":"U","Shape__Length":0.05197343627791546,"Shape__Area":0.00010966541169867987,"OBJECTID":22816,"cadid":108029610,"createdate":"19950728000000","modifieddate":"20230915110532"}},
{"type":"Feature","geometry":{"type":"Polygon","coordinates":[[[151.27008183206127,-33.78712647925186],[151.2666598474813,-33.786640414918566],[151.2642878915937,-33.788858404047005],[151.25994297124942,-33.78850928001735],[151.25757828615122,-33.78913177812057],[151.25357546781083,-33.792351681872965],[151.25235639482182,-33.797932931026985],[151.25328000979056,-33.79959266577079],[151.25676158777483,-33.80046355056095],[151.26978528144832,-33.80239294772897],[151.2687573497794,-33.80045826776302],[151.26554274950308,-33.79877383825722],[151.26830169592193,-33.797677986459576],[151.27004078510893,-33.79083066961462],[151.27008183206127,-33.78712647925186]]]},"properties":{"suburbname":"BALGOWLAH","postcode":2093,"state":2,"startdate":"20230920144843","enddate":"30000101000000","lastupdate":"20230920144908","msoid":251,"centroidid":null,"shapeuuid":"7931f502-dc17-337f-856e-f065db1963a0","changetype":"M","processstate":null,"urbanity":"U","Shape__Length":0.07270838076035332,"Shape__Area":0.00018893415008897272,"OBJECTID":22849,"cadid":108029785,"createdate":"19950728000000","modifieddate":"20230920144805"}},
{"type":"Feature","geometry":{"type":"Polygon","coordinates":[[[150.88698720525647,-33.977432687007614],[150.88454744882816,-33.97635106224768],[150.88106411430886,-33.97785394116763],[150.87889653913837,-33.98125057168262],[150.87515985861137,-33.978776765572206],[150.87540950092801,-33.97758794539978],[150.87205595393445,-33.974616740151035],[150.8694095423012,-33.97796434955305],[150.8651409434714,-33.98106380045583],[150.85806333336723,-33.98490584275074],[150.85997491105888,-33.98573724086629],[150.86362716523874,-33.985250505175856],[150.86738926769348,-33.98626462541503],[150.87114452852097,-33.986018509510146],[150.87277655135685,-33.98776458538682],[150.87537980456665,-33.987224183495044],[150.87705213866255,-33.98622493331943],[150.88698720525647,-33.977432687007614]]]},"properties":{"suburbname":"MACQUARIE LINKS","postcode":2565,"state":2,"startdate":"20230927122203","enddate":"30000101000000","lastupdate":"20230927122303","msoid":2283,"centroidid":null,"shapeuuid":"86bdd565-f684-3ed9-8c00-9f7cd62cdc48","changetype":"M","processstate":null,"urbanity":"U","Shape__Length":0.07489865787638134,"Shape__Area":0.00015858391993827392,"OBJECTID":22878,"cadid":108031817,"createdate":"19970901111004","modifieddate":"20230927121909"}},
{"type":"Feature","geometry":{"type":"Polygon","coordinates":[[[150.91071030115955,-33.978952745738155],[150.903221266696,-33.98295483242945],[150.8958687715539,-33.98370045018473],[150.8946516669863,-33.98222428752063],[150.89080780960236,-33.98192866668956],[150.88905764415478,-33.98066916316684],[150.88698720525647,-33.977432687007614],[150.87705213866255,-33.98622493331943],[150.87537980456665,-33.987224183495044],[150.87079336440758,-33.99177445814196],[150.87524247670498,-33.99471534764646],[150.8796986330741,-33.998740244483194],[150.88579066692324,-34.00246705275568],[150.89333162128875,-34.00243817247278],[150.89825828705114,-34.00304564961463],[150.90020576558595,-34.001928182977075],[150.90396146523165,-34.004460724175516],[150.90827611428756,-34.001998491106754],[150.91123867151964,-34.00123521503507],[150.91201513240074,-33.99988339543807],[150.90865765368628,-33.998504232848326],[150.90808625652284,-33.99276531196538],[150.90726263286794,-33.99070097780726],[150.90830235135348,-33.98813858703346],[150.90889519294385,-33.98335339634388],[150.91071030115955,-33.978952745738155]]]},"properties":{"suburbname":"MACQUARIE FIELDS","postcode":2564,"state":2,"startdate":"20230927122203","enddate":"30000101000000","lastupdate":"20230927122303","msoid":3598,"centroidid":null,"shapeuuid":"cb91f37d-e3e8-39d1-aef6-eb08094a394f","changetype":"M","processstate":null,"urbanity":"U","Shape__Length":0.12807482621643068,"Shape__Area":0.0006738152513308403,"OBJECTID":22880,"cadid":108033132,"createdate":"19950728000000","modifieddate":"20230927121909"}},
{"type":"Feature","geometry":{"type":"Polygon","coordinates":[[[151.25290406598626,-33.99245398735038],[151.25332884381308,-33.98994128732697],[151.25245711473647,-33.98674109138413],[151.25500453143275,-33.982754470376534],[151.25419180176848,-33.98048931442912],[151.2519163484858,-33.97886856212156],[151.25907044187935,-33.976670256485136],[151.24264298228553,-33.97442268295273],[151.2437126912198,-33.97748882003783],[151.23683243989643,-33.97589594485841],[151.23689916460057,-33.977005299705766],[151.2364752994754,-33.98177653086339],[151.23543489135827,-33.984261858388415],[151.2355437159024,-33.98643680629139],[151.2394676012705,-33.988694090583884],[151.24275553613296,-33.9881427813999],[151.24626026518143,-33.99056603039383],[151.24943858176982,-33.991976280184566],[151.25290406598626,-33.99245398735038]]]},"properties":{"suburbname":"LITTLE BAY","postcode":2036,"state":2,"startdate":"20231026135030","enddate":"30000101000000","lastupdate":"20231026135059","msoid":102,"centroidid":null,"shapeuuid":"8b0c776a-68cf-39cd-b60b-1263a54438d8","changetype":"M","processstate":null,"urbanity":"U","Shape__Length":0.09103301749131974,"Shape__Area":0.00024811534693315503,"OBJECTID":23059,"cadid":108029636,"createdate":"19950728000000","modifieddate":"20231026134858"}},
{"type":"Feature","geometry":{"type":"Polygon","coordinates":[[[151.25981377873828,-33.95398636094914],[151.2586688802237,-33.95406858963448],[151.253869932135,-33.95181217826064],[151.25275793077228,-33.95346335846653],[151.2485494252766,-33.954300292499816],[151.24797646341517,-33.95669191052503],[151.2457010593618,-33.95800169997073],[151.24659624303115,-33.95949307078816],[151.2463613519208,-33.96321080869614],[151.24565436886922,-33.965021908364776],[151.24198628554933,-33.96939696794439],[151.24264298228553,-33.97442268295273],[151.25907044187935,-33.976670256485136],[151.25791705771456,-33.97163604423199],[151.25198170962116,-33.96505313188129],[151.2558232261565,-33.964943538274596],[151.26002410104397,-33.96790906722794],[151.26512193411065,-33.96877074788622],[151.26641437757675,-33.96738641015752],[151.2654486905318,-33.96375938259002],[151.2632874477367,-33.96111433790098],[151.26604930365306,-33.959205175822355],[151.2653916604466,-33.957858495542794],[151.25981377873828,-33.95398636094914]]]},"properties":{"suburbname":"MALABAR","postcode":2036,"state":2,"startdate":"20231026135030","enddate":"30000101000000","lastupdate":"20231026135059","msoid":1259,"centroidid":null,"shapeuuid":"1c59fa82-57a3-3967-8a05-1e97bb69ab30","changetype":"M","processstate":null,"urbanity":"R","Shape__Length":0.10534189221595906,"Shape__Area":0.00036201502886524633,"OBJECTID":23060,"cadid":108030793,"createdate":"19950728000000","modifieddate":"20231026134858"}},
{"type":"Feature","geometry":{"type":"Polygon","coordinates":[[[150.95536148062632,-33.75835041875804],[150.9510897969704,-33.762150938783684],[150.94660385271692,-33.757951415267804],[150.94254040374489,-33.75842576980545],[150.94216680995424,-33.766825553185605],[150.9352295447241,-33.76579277431045],[150.93382235244593,-33.76826307538827],[150.92394086907075,-33.766922179091154],[150.91960431801428,-33.76698054418752],[150.91857039482966,-33.770814858146366],[150.9192622858779,-33.772545878558326],[150.92279795262485,-33.772815816526474],[150.92266614596542,-33.775333017346206],[150.92026219625865,-33.778350631227525],[150.92100029027105,-33.785513432564464],[150.91907263715476,-33.78965527236097],[150.91915201863787,-33.79262243624992],[150.92166408692827,-33.79469156543929],[150.92587347053615,-33.796972898519456],[150.9268440332107,-33.795860530059535],[150.9305375949671,-33.795440756823545],[150.94329334184368,-33.78705060784531],[150.9440961943446,-33.78235721624486],[150.9465847028832,-33.781350977466744],[150.95154634391056,-33.77740356608278],[150.95593513158155,-33.78053962859318],[150.96083054345192,-33.779250017079384],[150.9646635647845,-33.77989838355774],[150.96689342149708,-33.78116196276678],[150.96067554138412,-33.773293574819846],[150.95882695128682,-33.76776771623492],[150.95772166416435,-33.76285865291639],[150.95536148062632,-33.75835041875804]]]},"properties":{"suburbname":"SEVEN HILLS","postcode":2147,"state":2,"startdate":"20231108080911","enddate":"30000101000000","lastupdate":"20231108080923","msoid":2467,"centroidid":null,"shapeuuid":"13e847ca-dcaa-3c79-97e8-291c665769a4","changetype":"M","processstate":null,"urbanity":"U","Shape__Length":0.1910560540428335,"Shape__Area":0.0009416552950667491,"OBJECTID":23105,"cadid":108032001,"createdate":"19950728000000","modifieddate":"20231108080831"}},
{"type":"Feature","geometry":{"type":"Polygon","coordinates":[[[150.92777857967633,-33.753033884470476],[150.92631875157855,-33.750708642016704],[150.92056734040534,-33.747813321964216],[150.91633887661953,-33.74764169235327],[150.91546535725186,-33.75217694623862],[150.91287430210716,-33.75088397822103],[150.90559774820184,-33.75177921236225],[150.90191033539907,-33.75137250951867],[150.90069734438723,-33.75216814935003],[150.899085115258,-33.76029438247675],[150.89432945671362,-33.75737676447046],[150.8873739029324,-33.75218625223957],[150.8850573922347,-33.764789911653516],[150.88335913800816,-33.7742170461091],[150.8817039323613,-33.780987724076745],[150.8795169339946,-33.78071013659851],[150.8784418092734,-33.78306000294168],[150.88345919861962,-33.78754002529131],[150.88814268200437,-33.7895625632098],[150.89221697984522,-33.790177444503044],[150.8954822538399,-33.792255949926584],[150.8979865038753,-33.792930489393946],[150.8969479833558,-33.79803260054678],[150.89602623563255,-33.80294352859815],[150.91009921216306,-33.804650415558925],[150.91062944873977,-33.80172222689124],[150.9036802727938,-33.80037040382677],[150.90539322578485,-33.790978149235734],[150.9135421261807,-33.79193150353229],[150.91762360209916,-33.79349573389579],[150.91915201863787,-33.79262243624992],[150.91907263715476,-33.78965527236097],[150.92100029027105,-33.785513432564464],[150.92026219625865,-33.778350631227525],[150.92266614596542,-33.775333017346206],[150.92279795262485,-33.772815816526474],[150.9192622858779,-33.772545878558326],[150.91857039482966,-33.770814858146366],[150.91960431801428,-33.76698054418752],[150.9206061957358,-33.76155638651302],[150.92007517971973,-33.757617524107914],[150.92199743328948,-33.754643001938774],[150.9268728551522,-33.755480108174034],[150.92777857967633,-33.753033884470476]]]},"properties":{"suburbname":"BLACKTOWN","postcode":2148,"state":2,"startdate":"20231108080911","enddate":"30000101000000","lastupdate":"20231108080923","msoid":19161,"centroidid":null,"shapeuuid":"507b67f3-12ba-35ad-a97e-2b778e2e07cc","changetype":"M","processstate":null,"urbanity":"U","Shape__Length":0.25349363303766576,"Shape__Area":0.0015484607596918944,"OBJECTID":23106,"cadid":183141477,"createdate":"20220913085823","modifieddate":"20231108080831"}},
{"type":"Feature","geometry":{"type":"Polygon","coordinates":[[[151.11193016090664,-33.704655017060276],[151.10704090484003,-33.70392453840364],[151.10641778818774,-33.70639777998639],[151.1024222145175,-33.70633151240647],[151.10125297126322,-33.71039409006598],[151.10271564232153,-33.710843454957256],[151.10224054125368,-33.71348399606819],[151.09880631387446,-33.71302812654405],[151.09978323114768,-33.71520682094957],[151.1008327640598,-33.71389795832447],[151.10580832574504,-33.71426185411878],[151.10685915265253,-33.711962939223575],[151.10904801740148,-33.71273538417315],[151.10987565850394,-33.707500280925544],[151.11146606721968,-33.70690858182755],[151.11193016090664,-33.704655017060276]]]},"properties":{"suburbname":"WAITARA","postcode":2077,"state":2,"startdate":"20231109134512","enddate":"30000101000000","lastupdate":"20231109134544","msoid":2355,"centroidid":null,"shapeuuid":"9d081760-c955-3399-b4af-594db19ef3a1","changetype":"M","processstate":null,"urbanity":"U","Shape__Length":0.06289756428732755,"Shape__Area":0.0000692035254319351,"OBJECTID":23121,"cadid":108031889,"createdate":"19950728000000","modifieddate":"20231109134346"}},
{"type":"Feature","geometry":{"type":"Polygon","coordinates":[[[151.11812964434267,-33.70193180122585],[151.11459094114292,-33.70145542130136],[151.11400115005208,-33.70428171037658],[151.11193016090664,-33.704655017060276],[151.11146606721968,-33.70690858182755],[151.10987565850394,-33.707500280925544],[151.10904801740148,-33.71273538417315],[151.10685915265253,-33.711962939223575],[151.10580832574504,-33.71426185411878],[151.1008327640598,-33.71389795832447],[151.09978323114768,-33.71520682094957],[151.0998475013816,-33.71565415540515],[151.09986747895948,-33.717585935409886],[151.10489790903003,-33.720324391774575],[151.1049261224021,-33.72497186036181],[151.1028095357596,-33.729452747859845],[151.10056977430588,-33.73044428925116],[151.09370174689315,-33.72946631247248],[151.0923183164958,-33.730500090292765],[151.09263975880032,-33.73299653358384],[151.0905042114424,-33.734215629680904],[151.08978956777025,-33.736176221923614],[151.0911803896687,-33.73892364383893],[151.09209590612775,-33.740901897167696],[151.0910895846794,-33.74427132327343],[151.0928516374261,-33.74585004341256],[151.10489064460307,-33.742388476255066],[151.10762558376993,-33.74120480799549],[151.1108431958705,-33.737539913777844],[151.1127462515085,-33.73664888537288],[151.1166957579417,-33.732377569027356],[151.1166356882812,-33.728344901574744],[151.11965836650103,-33.7283476067503],[151.11954010324843,-33.72550383227016],[151.12127452173107,-33.72381801324621],[151.11974892111812,-33.72124284161924],[151.12270304816096,-33.7191948407381],[151.12732255735185,-33.72075787107804],[151.12939042981748,-33.72056283497755],[151.1318118203244,-33.71654091747985],[151.14339493420496,-33.716354730708964],[151.14448999854324,-33.71178857405193],[151.14410309771282,-33.708670063272336],[151.14000338379086,-33.70744837077124],[151.13152824726674,-33.70614623323708],[151.12247483275448,-33.70517071976908],[151.11941084131394,-33.7039286412702],[151.11812964434267,-33.70193180122585]]]},"properties":{"suburbname":"WAHROONGA","postcode":2076,"state":2,"startdate":"20240123123318","enddate":"30000101000000","lastupdate":"20240123123349","msoid":1198,"centroidid":null,"shapeuuid":"865b7d83-42b5-3dbe-aac2-5bdf915ab71d","changetype":"M","processstate":null,"urbanity":"U","Shape__Length":0.24624127309635088,"Shape__Area":0.0009473989473300763,"OBJECTID":23485,"cadid":108030732,"createdate":"19950728000000","modifieddate":"20240123123158"}},
{"type":"Feature","geometry":{"type":"Polygon","coordinates":[[[151.0495215382778,-33.823813079945545],[151.04797180423353,-33.82282379507576],[151.04466809674605,-33.81892983446289],[151.0413450833331,-33.81788446583313],[151.0350648239628,-33.81909694677604],[151.02689255110985,-33.81733667097595],[151.02579395555196,-33.81456077414443],[151.02230707619356,-33.81464315081987],[151.02205252614579,-33.81800972537989],[151.02515400496978,-33.8200786365114],[151.0276219550721,-33.82070597601274],[151.04068267433695,-33.820670607050594],[151.04324886928876,-33.82102022247184],[151.04924403177847,-33.82427589806318],[151.0495215382778,-33.823813079945545]]]},"properties":{"suburbname":"CAMELLIA","postcode":2142,"state":2,"startdate":"20240124161908","enddate":"30000101000000","lastupdate":"20240124161918","msoid":2380,"centroidid":null,"shapeuuid":"ae918ba3-d137-3e86-b446-9615199adb47","changetype":"M","processstate":null,"urbanity":"U","Shape__Length":0.06658762224242187,"Shape__Area":0.00007211773553540139,"OBJECTID":23499,"cadid":108031914,"createdate":"19950728000000","modifieddate":"20240124161721"}},
{"type":"Feature","geometry":{"type":"Polygon","coordinates":[[[151.20269086690993,-33.856282546854615],[151.20001972251714,-33.8571374318051],[151.2011455726721,-33.86582925620744],[151.20318661967383,-33.865209035877506],[151.20296024451926,-33.863062505811264],[151.20269086690993,-33.856282546854615]]]},"properties":{"suburbname":"BARANGAROO","postcode":2000,"state":2,"startdate":"20240130145020","enddate":"30000101000000","lastupdate":"20240130145108","msoid":5905,"centroidid":null,"shapeuuid":"3e50b971-61f9-3808-82db-62e36283b22e","changetype":"M","processstate":null,"urbanity":"R","Shape__Length":0.02785597101854727,"Shape__Area":0.00002207371028162507,"OBJECTID":23523,"cadid":159109670,"createdate":"20071005154107","modifieddate":"20240130144714"}},
{"type":"Feature","geometry":{"type":"Polygon","coordinates":[[[150.8960475258514,-33.921413817935935],[150.89487991860392,-33.91837143660224],[150.8949965084857,-33.913621509704264],[150.8942586317043,-33.910976554136006],[150.88990771930352,-33.91164302066455],[150.88731518256571,-33.91370551701678],[150.8859769994539,-33.91490499887652],[150.8850738194068,-33.91936422276403],[150.8873984393566,-33.92028833822036],[150.8893662968917,-33.92252618792034],[150.8954123539443,-33.92256724063415],[150.8960475258514,-33.921413817935935]]]},"properties":{"suburbname":"SADLEIR","postcode":2168,"state":2,"startdate":"20240220135845","enddate":"30000101000000","lastupdate":"20240220135900","msoid":146,"centroidid":null,"shapeuuid":"77c298f1-0578-31ff-877e-05bec72b5cd7","changetype":"M","processstate":null,"urbanity":"U","Shape__Length":0.042283154901081144,"Shape__Area":0.00008787870069497259,"OBJECTID":23638,"cadid":108029680,"createdate":"19950728000000","modifieddate":"20240220135739"}},
{"type":"Feature","geometry":{"type":"Polygon","coordinates":[[[150.89957930433167,-33.909639439723676],[150.89866261594162,-33.90769113424079],[150.88791772549595,-33.904129610285196],[150.88455455540543,-33.90199203499698],[150.8844028388121,-33.90494429427229],[150.8841438037461,-33.91058074520979],[150.88731518256571,-33.91370551701678],[150.88990771930352,-33.91164302066455],[150.8942586317043,-33.910976554136006],[150.89656554554415,-33.909678059387176],[150.89957930433167,-33.909639439723676]]]},"properties":{"suburbname":"HECKENBERG","postcode":2168,"state":2,"startdate":"20240220135845","enddate":"30000101000000","lastupdate":"20240220135900","msoid":2457,"centroidid":null,"shapeuuid":"2c760070-566c-388e-bba0-55528e4d2b62","changetype":"M","processstate":null,"urbanity":"U","Shape__Length":0.04663858786981116,"Shape__Area":0.00009033874937199022,"OBJECTID":23640,"cadid":108031991,"createdate":"19950728000000","modifieddate":"20240220135739"}},
{"type":"Feature","geometry":{"type":"Polygon","coordinates":[[[151.13328440709398,-33.931714911956504],[151.1297010462839,-33.930515098996196],[151.12455412412766,-33.930459277830096],[151.12373072136617,-33.93184338692351],[151.11998215225066,-33.93311819534634],[151.11696370764088,-33.93586668126518],[151.11927357651936,-33.93673647621419],[151.12291172954158,-33.94117571890687],[151.1229079483358,-33.939541667498766],[151.12616074680125,-33.937700990317396],[151.13277809579213,-33.93536056413331],[151.13359170071894,-33.931775965116046],[151.13328440709398,-33.931714911956504]]]},"properties":{"suburbname":"BARDWELL PARK","postcode":2207,"state":2,"startdate":"20240220160157","enddate":"30000101000000","lastupdate":"20240220160208","msoid":2418,"centroidid":null,"shapeuuid":"60e558ed-1301-390a-ae81-88042980bda5","changetype":"M","processstate":null,"urbanity":"U","Shape__Length":0.047623874912656516,"Shape__Area":0.00009081077749158224,"OBJECTID":23644,"cadid":108031952,"createdate":"19950728000000","modifieddate":"20240220160117"}},
{"type":"Feature","geometry":{"type":"Polygon","coordinates":[[[151.28248399488936,-33.784169974708725],[151.2790017403907,-33.782812023953376],[151.2765183166469,-33.78468119580181],[151.2747083004018,-33.78774526500792],[151.27688049674478,-33.78839329425395],[151.27726347093386,-33.79057807158768],[151.28039629925152,-33.79221650861375],[151.27986241379895,-33.7955361022247],[151.27833825569795,-33.796426227403835],[151.27721177689307,-33.80008937249574],[151.28270565988154,-33.79891366352842],[151.28559660148107,-33.800301607206706],[151.28669334962183,-33.801957892852016],[151.28329471373556,-33.80525537273128],[151.2870457877002,-33.80657786894809],[151.28939074238286,-33.80987052398232],[151.28917078435674,-33.81240562143362],[151.28689572861688,-33.812816600525025],[151.28556530086487,-33.81675798928124],[151.28555615724648,-33.81894994653345],[151.28785063954115,-33.82089346549444],[151.29135292850086,-33.82057370087087],[151.29861551487718,-33.82356954292471],[151.30108420615045,-33.82373889744653],[151.30197661051793,-33.821404006484464],[151.3012125525403,-33.8183530541595],[151.30370221922257,-33.815787737028295],[151.30336411296489,-33.81277278656652],[151.3047388712283,-33.81153789434017],[151.3036829432374,-33.80964333842762],[151.30681434754177,-33.80859502437459],[151.3023346583768,-33.804420142492496],[151.3023110251333,-33.80289284840641],[151.2997167570897,-33.79993783817823],[151.29357454300415,-33.80049355289618],[151.29046247006357,-33.799204403228764],[151.28877889711674,-33.79699729648689],[151.2879585106448,-33.793264160469484],[151.28899261101614,-33.7870775883223],[151.2896512762468,-33.78648330358905],[151.28769082655336,-33.78506636961749],[151.28248399488936,-33.784169974708725]]]},"properties":{"suburbname":"MANLY","postcode":2095,"state":2,"startdate":"20240222120531","enddate":"30000101000000","lastupdate":"20240222120544","msoid":3721,"centroidid":null,"shapeuuid":"7633a374-0644-35d2-9c17-142b282c2ab3","changetype":"M","processstate":null,"urbanity":"U","Shape__Length":0.191397589796699,"Shape__Area":0.0005347145219130121,"OBJECTID":23672,"cadid":108033255,"createdate":"19950728000000","modifieddate":"20240222120349"}},
{"type":"Feature","geometry":{"type":"Polygon","coordinates":[[[151.21671646426225,-33.845049873515094],[151.21355217205897,-33.84292239853138],[151.2116966012116,-33.84372535288303],[151.21378003740645,-33.84962998473726],[151.2187672918596,-33.85265740579523],[151.22036501424702,-33.84916659546322],[151.21671646426225,-33.845049873515094]]]},"properties":{"suburbname":"KIRRIBILLI","postcode":2061,"state":2,"startdate":"20240321114824","enddate":"30000101000000","lastupdate":"20240321114857","msoid":2378,"centroidid":null,"shapeuuid":"93717d7f-4c36-31d9-8981-ed5eafadbb11","changetype":"M","processstate":null,"urbanity":"U","Shape__Length":0.03721722647260293,"Shape__Area":0.000042618574901999213,"OBJECTID":23841,"cadid":108031912,"createdate":"19950728000000","modifieddate":"20240321114639"}},
{"type":"Feature","geometry":{"type":"Polygon","coordinates":[[[151.18673740881746,-33.8224687188581],[151.18249376270998,-33.8180124024582],[151.17893815824894,-33.81656384079743],[151.1803712659681,-33.81899693779937],[151.17962822802377,-33.82242790783285],[151.17986943987103,-33.82530884177028],[151.18065901422966,-33.82647435393978],[151.18303947385994,-33.82913381864852],[151.18148794466867,-33.830939798803755],[151.18181852443007,-33.83303325624699],[151.18452390565537,-33.835971001361145],[151.1794767298764,-33.84018505042445],[151.18684247044771,-33.84330355900442],[151.18512631973238,-33.83862568420958],[151.1866145543724,-33.83573685126921],[151.1891204851263,-33.83370506484315],[151.1891563522443,-33.83121259476374],[151.19245324737716,-33.829279610109936],[151.1927305501239,-33.82795517659933],[151.19024407885186,-33.82738796637366],[151.19074610510688,-33.82463243816495],[151.18772453781403,-33.82412002643946],[151.18673740881746,-33.8224687188581]]]},"properties":{"suburbname":"GREENWICH","postcode":2065,"state":2,"startdate":"20240429152126","enddate":"30000101000000","lastupdate":"20240429152409","msoid":1216,"centroidid":null,"shapeuuid":"135cdf0e-6434-3bb6-b9ec-805dbbae4b76","changetype":"M","processstate":null,"urbanity":"U","Shape__Length":0.0868266279811631,"Shape__Area":0.00016013085201562117,"OBJECTID":24042,"cadid":108030750,"createdate":"19950728000000","modifieddate":"20240429152015"}},
{"type":"Feature","geometry":{"type":"Polygon","coordinates":[[[151.07329447492623,-33.99604473067868],[151.0690204200821,-33.99351868473333],[151.06731755130704,-33.99523358999807],[151.06159564849634,-33.996282392073304],[151.05713205371424,-33.997899799187586],[151.05443656004456,-34.00032500478762],[151.05427809959963,-34.00317081709769],[151.0562615763517,-34.00616936738781],[151.06089729652956,-34.00856480187764],[151.07046820691053,-34.00945595731578],[151.07176482980074,-34.0082009059238],[151.0723632765,-34.00631123279903],[151.0701315079851,-34.00153091747077],[151.07134213031463,-34.00046613382377],[151.07329447492623,-33.99604473067868]]]},"properties":{"suburbname":"COMO","postcode":2226,"state":2,"startdate":"20240522111200","enddate":"30000101000000","lastupdate":"20240522121700","msoid":2424,"centroidid":null,"shapeuuid":"34d360e5-353e-35f7-ba4a-c78a2d0e1c0a","changetype":"M","processstate":null,"urbanity":"U","Shape__Length":0.07020237259730328,"Shape__Area":0.00020070865770015504,"OBJECTID":24182,"cadid":108031958,"createdate":"19950728000000","modifieddate":"20240522110751"}},
{"type":"Feature","geometry":{"type":"Polygon","coordinates":[[[151.16687803968526,-33.82631935920376],[151.1652396501703,-33.829023311502255],[151.16142191041428,-33.83027953172811],[151.16476439699008,-33.83416966505917],[151.16759738757818,-33.83421371719615],[151.1685451441437,-33.83575630322872],[151.17324685594724,-33.83411937636661],[151.1704013384512,-33.8310916968535],[151.172712782445,-33.828344394338174],[151.17497858431673,-33.8282848396025],[151.17458933522974,-33.8253584539524],[151.17205799209472,-33.82327036518891],[151.16814271016193,-33.821144769375366],[151.16851069740363,-33.823436080686044],[151.16687803968526,-33.82631935920376]]]},"properties":{"suburbname":"LONGUEVILLE","postcode":2066,"state":2,"startdate":"20240527193100","enddate":"30000101000000","lastupdate":"20240527193142","msoid":1217,"centroidid":null,"shapeuuid":"e74b4d52-c0f2-3270-846e-76163487fc58","changetype":"M","processstate":null,"urbanity":"U","Shape__Length":0.059213739876850274,"Shape__Area":0.00009493925625820538,"OBJECTID":24212,"cadid":108030751,"createdate":"19950728000000","modifieddate":"20240527192858"}},
{"type":"Feature","geometry":{"type":"Polygon","coordinates":[[[151.07661312894572,-33.83402064268586],[151.0725312400082,-33.83224863042865],[151.07210834281446,-33.829884430018815],[151.07697549960636,-33.82425692942593],[151.07396801454212,-33.823240064898265],[151.0742700466635,-33.82041402959564],[151.07210610808409,-33.820822434599954],[151.06650464204944,-33.82427938916142],[151.06457322153503,-33.824911769898094],[151.05856436919674,-33.82448950391693],[151.05123812864912,-33.8246841024908],[151.05075285061926,-33.82722214702522],[151.054419776312,-33.828463827296346],[151.05542109413418,-33.82565205779866],[151.05720240605112,-33.82609364196663],[151.06035748518175,-33.8295772396761],[151.05928495163798,-33.83257722303048],[151.062565022339,-33.833515378790764],[151.0618323818775,-33.83557326587489],[151.05957450266,-33.83637836969879],[151.05468966371984,-33.843823961025166],[151.05029508588706,-33.846259521311175],[151.05177877028032,-33.847064948798256],[151.0553985270436,-33.84681236124398],[151.05900463589836,-33.845167883180096],[151.0631649636908,-33.852160156068855],[151.06452411848394,-33.853595493656925],[151.06436737450517,-33.85570396655624],[151.07052158612385,-33.856970202119236],[151.0715214561207,-33.85627480922793],[151.07837701292306,-33.853305940171644],[151.0814288447342,-33.849974761452785],[151.08238445600261,-33.845469127686876],[151.08352389184472,-33.83643773967325],[151.08322419901657,-33.836161980052886],[151.08238193080552,-33.83929999651348],[151.08003354451313,-33.839351245698694],[151.08037024136107,-33.83503395629496],[151.07661312894572,-33.83402064268586]]]},"properties":{"suburbname":"SYDNEY OLYMPIC PARK","postcode":2127,"state":2,"startdate":"20240528141800","enddate":"30000101000000","lastupdate":"20240528141817","msoid":3517,"centroidid":null,"shapeuuid":"dea7564a-d811-3879-8d6b-f0b81460e238","changetype":"M","processstate":null,"urbanity":"U","Shape__Length":0.16645277673664716,"Shape__Area":0.0006404245305680951,"OBJECTID":24217,"cadid":108033051,"createdate":"19950728000000","modifieddate":"20240528141538"}},
{"type":"Feature","geometry":{"type":"Polygon","coordinates":[[[151.21659118592257,-33.80544381662533],[151.2204059545834,-33.8055713826715],[151.2222939010589,-33.8033463919497],[151.2252837315764,-33.802354754683655],[151.23051012071645,-33.80221128956894],[151.2294771274118,-33.797613344659084],[151.23082298724563,-33.79573455651057],[151.22921119804045,-33.79465819496926],[151.22744291161214,-33.79653697803141],[151.22096680713008,-33.79770961127758],[151.21890022706947,-33.79706118601286],[151.2162215480775,-33.79777897784596],[151.21101119585697,-33.795271484094165],[151.20956456258003,-33.79768747603874],[151.21157735603197,-33.80240624849599],[151.20912644075761,-33.80534285164882],[151.21258217535816,-33.80448873144912],[151.21474745527456,-33.80609704653639],[151.21659118592257,-33.80544381662533]]]},"properties":{"suburbname":"CASTLECRAG","postcode":2068,"state":2,"startdate":"20240530112747","enddate":"30000101000000","lastupdate":"20240530112809","msoid":3546,"centroidid":null,"shapeuuid":"854cf03b-4550-32b9-9461-85403b323398","changetype":"M","processstate":null,"urbanity":"U","Shape__Length":0.07880092135964237,"Shape__Area":0.00014314449267819332,"OBJECTID":24238,"cadid":108033080,"createdate":"19950728000000","modifieddate":"20240530112626"}},
{"type":"Feature","geometry":{"type":"Polygon","coordinates":[[[151.08886775775065,-33.752849546665395],[151.08253738365374,-33.74908908457982],[151.08014445671043,-33.750146862593624],[151.07533809980146,-33.75184548242592],[151.0742319206024,-33.75426157740535],[151.06984803914705,-33.758749633770655],[151.06836941322135,-33.7613902733945],[151.0787355737054,-33.76317928404879],[151.0818274106874,-33.76459242896747],[151.08409223921632,-33.76260131242807],[151.0828904441983,-33.76111532551402],[151.08415031601905,-33.75675661165139],[151.08568706183505,-33.755624351662384],[151.08556475490235,-33.7535520578624],[151.08886775775065,-33.752849546665395]]]},"properties":{"suburbname":"CHELTENHAM","postcode":2119,"state":2,"startdate":"20240613085933","enddate":"30000101000000","lastupdate":"20240613090033","msoid":2369,"centroidid":null,"shapeuuid":"2e3bebf8-b2b2-3e62-aaa4-526b5781c210","changetype":"M","processstate":null,"urbanity":"U","Shape__Length":0.08096276588139652,"Shape__Area":0.0001684945079756018,"OBJECTID":24347,"cadid":108031903,"createdate":"19950728000000","modifieddate":"20240613085749"}},
{"type":"Feature","geometry":{"type":"Polygon","coordinates":[[[151.08001427053327,-33.6648962376657],[151.0769878271175,-33.66869104861159],[151.07810125723793,-33.67056648132765],[151.07359344306732,-33.67352741084775],[151.0693696189532,-33.672273099372575],[151.06618202955107,-33.67269508865666],[151.05737351350007,-33.670346541483354],[151.05715879424727,-33.667775746271744],[151.05357201214008,-33.667261323888994],[151.05118678295307,-33.66586059521991],[151.04971065313998,-33.663282101980535],[151.05241732654707,-33.66220148606101],[151.05207814504791,-33.66066998725728],[151.0451471669556,-33.66178490251059],[151.04189210350123,-33.66440920256426],[151.03808334864402,-33.662390352845414],[151.03276671791616,-33.661726297120765],[151.03358023197484,-33.65454467150702],[151.0256778697737,-33.6533903795047],[151.02732389006886,-33.65160065189295],[151.0202251014123,-33.65070810454138],[151.01757500978292,-33.65220431555017],[151.00686907318266,-33.650712750381096],[151.0055234812274,-33.649881995479355],[151.00661389922217,-33.65343931348177],[151.00920483751216,-33.65376609461987],[151.00842489687636,-33.657766128404795],[151.00999831597275,-33.65797969637835],[151.00850828977724,-33.665160661711866],[151.01049790194006,-33.66559945858552],[151.00961985012702,-33.67054520494385],[151.01473845796414,-33.671803659637526],[151.013153790193,-33.68008070573574],[151.01442892969698,-33.685020456343494],[151.01239706875464,-33.68756707431921],[151.00911717273047,-33.686574586016825],[151.00764487699044,-33.6848552907721],[151.00118098540776,-33.68438479351124],[151.0001503406576,-33.68627680247628],[150.99521704038352,-33.68520041206262],[150.9945197075597,-33.68865309509995],[150.99773541670328,-33.68895470869246],[150.99828568428936,-33.69219538295648],[151.00418901634234,-33.6930072024051],[151.00359457213293,-33.69747592714892],[151.0057586729646,-33.69777127346279],[151.0062835350598,-33.69512149021953],[151.00950839687403,-33.696414535967385],[151.00998837717182,-33.69873917909524],[151.01208364177833,-33.699918436090215],[151.01175037489966,-33.70274650353903],[151.01594530617115,-33.70419723001968],[151.0225533801965,-33.7071955874081],[151.02470094970042,-33.710373493182885],[151.02745773184535,-33.71530795783018],[151.0315486432159,-33.719965161359085],[151.0338246853491,-33.719071312499864],[151.03423276689685,-33.71533166422226],[151.0358345269282,-33.71339910652526],[151.03857794552292,-33.71232910578751],[151.04458624672554,-33.71127639134633],[151.04433589793632,-33.70906569642722],[151.0478130115295,-33.706396173874474],[151.05138034996827,-33.70583996999491],[151.05274446630466,-33.70431216962398],[151.05590439586427,-33.70570117619777],[151.05890303806675,-33.70404404188156],[151.06710190799515,-33.70403856734778],[151.07259930336423,-33.70077630356364],[151.07759671853984,-33.69597937623951],[151.0819955028953,-33.69373236056103],[151.08322915842544,-33.692428950400455],[151.0826184830077,-33.68867979069056],[151.0807230375171,-33.68627185616077],[151.08101904099672,-33.682146369820586],[151.08723630443308,-33.67834727134535],[151.0874763601566,-33.67339343315311],[151.08476923576464,-33.6716984672039],[151.08639453254676,-33.66921180866351],[151.08385402189893,-33.665478258607216],[151.08001427053327,-33.6648962376657]]]},"properties":{"suburbname":"DURAL","postcode":2158,"state":2,"startdate":"20240613141324","enddate":"30000101000000","lastupdate":"20240613141341","msoid":2351,"centroidid":null,"shapeuuid":"22d594c4-6625-3826-8d63-190231cfd71c","changetype":"M","processstate":null,"urbanity":"R","Shape__Length":0.38772939920259797,"Shape__Area":0.0033065369588198687,"OBJECTID":24352,"cadid":108031885,"createdate":"19950728000000","modifieddate":"20240613141236"}},
{"type":"Feature","geometry":{"type":"Polygon","coordinates":[[[151.18748350373542,-33.884707373902],[151.18204196075982,-33.88555284175086],[151.17979712044863,-33.8837007329175],[151.17622673093862,-33.88269098186579],[151.17656236297194,-33.88679119856475],[151.17251480057422,-33.887513792935586],[151.17302253973378,-33.88837817817314],[151.17154984485543,-33.89428923251728],[151.1736066739065,-33.89460550268895],[151.1769344195083,-33.89331232726168],[151.18002644933136,-33.89302422795289],[151.18118787217998,-33.89147286841047],[151.18835438932584,-33.891376053529626],[151.1931759971042,-33.88767036104126],[151.1946988160043,-33.88443355607388],[151.18748350373542,-33.884707373902]]]},"properties":{"suburbname":"CAMPERDOWN","postcode":2050,"state":2,"startdate":"20240618143803","enddate":"30000101000000","lastupdate":"20240618143826","msoid":3566,"centroidid":null,"shapeuuid":"bf3072b9-9ad4-34a5-8cb8-762e327be46f","changetype":"M","processstate":null,"urbanity":"U","Shape__Length":0.07114287276692587,"Shape__Area":0.00014474569123560258,"OBJECTID":24381,"cadid":108033100,"createdate":"19950728000000","modifieddate":"20240618143655"}},
{"type":"Feature","geometry":{"type":"Polygon","coordinates":[[[151.0404404514273,-34.03606610808703],[151.0379861858129,-34.036061090071996],[151.03421365454133,-34.038784383461355],[151.03033523212105,-34.03926305365191],[151.02787838346097,-34.04054944981369],[151.02740331093355,-34.04282631196129],[151.01393220363943,-34.04089985251125],[151.01356824159367,-34.043287325570944],[151.01180140819395,-34.04442575026987],[151.0058974771355,-34.04644413837292],[151.00263538785643,-34.04240076590268],[151.00034756544636,-34.04363434625177],[151.00027623687654,-34.046023407028855],[150.99697723692012,-34.04701550852617],[150.99543830191314,-34.04809670913563],[150.99570759601198,-34.0524669938679],[150.99530918902818,-34.05611965030685],[150.99632064554902,-34.060170826521556],[150.99632412229278,-34.06234405108295],[150.9964604482959,-34.066926573145544],[150.99844075192127,-34.07122235693745],[151.00037491889532,-34.07256907575746],[151.0047621036333,-34.07311535713256],[151.00646059185883,-34.07411716662674],[151.00795989875306,-34.07821393060777],[151.01184594564037,-34.07941030379681],[151.0119209039193,-34.074335696182544],[151.01297515214162,-34.07092913571868],[151.01643255959442,-34.06635919686013],[151.01943967850366,-34.06427829137348],[151.03295738928867,-34.05879023261357],[151.03372351216768,-34.058086586972145],[151.02587729511572,-34.059414586768355],[151.02238809576133,-34.06092994193997],[151.01980993997608,-34.060370814355096],[151.02193380537335,-34.05800775363366],[151.02457652705678,-34.0569828348922],[151.0243856252519,-34.05468040853151],[151.0274723795452,-34.051754573595574],[151.0304884724122,-34.05235619595528],[151.03197102338362,-34.05133751337914],[151.03297928589686,-34.04792768412323],[151.03624928531147,-34.046712806022555],[151.0379622240364,-34.045246234825704],[151.03959653234006,-34.04198331962218],[151.0404404514273,-34.03606610808703]]]},"properties":{"suburbname":"ENGADINE","postcode":2233,"state":2,"startdate":"20240704162204","enddate":"30000101000000","lastupdate":"20240704162237","msoid":2428,"centroidid":null,"shapeuuid":"39ea74d5-54b2-3926-88f2-66ee9b3e7570","changetype":"M","processstate":null,"urbanity":"U","Shape__Length":0.20488947512582514,"Shape__Area":0.0009235315850498684,"OBJECTID":24513,"cadid":108031962,"createdate":"19950728000000","modifieddate":"20240704162111"}},
{"type":"Feature","geometry":{"type":"Polygon","coordinates":[[[151.04156441081042,-34.03397153850109],[151.0362185553951,-34.03278133685396],[151.03498853244886,-34.03183527761928],[151.0342379192752,-34.02859829636971],[151.02828642178847,-34.02778275056122],[151.0287621763758,-34.02558236219096],[151.02331731848113,-34.02570927225422],[151.0211189144295,-34.028066937222434],[151.01852119795876,-34.03119100295646],[151.01814246584675,-34.032747014043196],[151.02001437412406,-34.03531929763848],[151.01486600385613,-34.039261470203975],[151.01393220363943,-34.04089985251125],[151.02740331093355,-34.04282631196129],[151.02787838346097,-34.04054944981369],[151.03033523212105,-34.03926305365191],[151.03421365454133,-34.038784383461355],[151.0379861858129,-34.036061090071996],[151.0404404514273,-34.03606610808703],[151.04255184170327,-34.035290787013565],[151.04156441081042,-34.03397153850109]]]},"properties":{"suburbname":"WORONORA HEIGHTS","postcode":2233,"state":2,"startdate":"20240704162204","enddate":"30000101000000","lastupdate":"20240704162237","msoid":2433,"centroidid":null,"shapeuuid":"510bcf7d-5c57-326c-b6d7-0846924826a8","changetype":"M","processstate":null,"urbanity":"U","Shape__Length":0.08585549767522106,"Shape__Area":0.0002570784395135189,"OBJECTID":24514,"cadid":108031967,"createdate":"19950728000000","modifieddate":"20240704162111"}},
{"type":"Feature","geometry":{"type":"Polygon","coordinates":[[[151.25895890946944,-33.897080257711316],[151.25121446949893,-33.89614676051031],[151.25364394118012,-33.9002032168361],[151.25286949581897,-33.90389441682995],[151.2542359558996,-33.90661868203397],[151.2596880851524,-33.907820874530856],[151.25936680861616,-33.905737630685614],[151.2566273369435,-33.90360652048733],[151.2582825559726,-33.899708251888526],[151.26097961230874,-33.897381131718774],[151.25895890946944,-33.897080257711316]]]},"properties":{"suburbname":"WAVERLEY","postcode":2024,"state":2,"startdate":"20240724113904","enddate":"30000101000000","lastupdate":"20240724115430","msoid":1269,"centroidid":null,"shapeuuid":"afe16b19-b0b1-3bbb-b10a-a20be084c79a","changetype":"M","processstate":null,"urbanity":"U","Shape__Length":0.04737677200571962,"Shape__Area":0.00005814046305186067,"OBJECTID":24644,"cadid":108030803,"createdate":"19950728000000","modifieddate":"20240724113835"}},
{"type":"Feature","geometry":{"type":"Polygon","coordinates":[[[151.2623356551216,-33.91495635321544],[151.26575249931025,-33.91642655120255],[151.27139392766048,-33.914998650924616],[151.27082585672701,-33.911060495692155],[151.263614485169,-33.909972092208214],[151.2596880851524,-33.907820874530856],[151.2542359558996,-33.90661868203397],[151.25498091733454,-33.90807611455886],[151.25422898149267,-33.911487844980556],[151.25992849424037,-33.91236930776312],[151.2623356551216,-33.91495635321544]]]},"properties":{"suburbname":"CLOVELLY","postcode":2031,"state":2,"startdate":"20240724113904","enddate":"30000101000000","lastupdate":"20240724115430","msoid":1278,"centroidid":null,"shapeuuid":"9234a116-2463-3567-ad07-59e142366493","changetype":"M","processstate":null,"urbanity":"U","Shape__Length":0.05170354157610083,"Shape__Area":0.000083394147050786,"OBJECTID":24645,"cadid":108030812,"createdate":"19950728000000","modifieddate":"20240724113835"}},
{"type":"Feature","geometry":{"type":"Polygon","coordinates":[[[151.0165720401934,-33.84701928105928],[151.00905792039657,-33.846059791372845],[151.00643368922064,-33.846532728669395],[151.00700140845842,-33.84920993282433],[151.00653168449705,-33.85194452589912],[151.00775613665854,-33.852089546062956],[151.0060713258972,-33.861143523765776],[151.00720048174793,-33.86358217717299],[151.00485177574853,-33.86545210001534],[151.00382534656498,-33.8707160821422],[151.00753115958005,-33.87129165955489],[151.00784751900392,-33.86987153669884],[151.01121770007444,-33.86838401796592],[151.0144830247533,-33.86881461181844],[151.01337429198702,-33.86715186944843],[151.0151378995539,-33.86320360569511],[151.01382372201743,-33.86025345334518],[151.01627223574246,-33.856517987784045],[151.01657745949743,-33.85384758183062],[151.01553340144523,-33.85274670681323],[151.01771781600564,-33.85039985798793],[151.0165720401934,-33.84701928105928]]]},"properties":{"suburbname":"SOUTH GRANVILLE","postcode":2142,"state":2,"startdate":"20240730093621","enddate":"30000101000000","lastupdate":"20240730093646","msoid":69,"centroidid":null,"shapeuuid":"1d105d42-396e-3927-aeb2-f086819b01ca","changetype":"M","processstate":null,"urbanity":"U","Shape__Length":0.09666932784541747,"Shape__Area":0.00020950046920796775,"OBJECTID":24683,"cadid":108029603,"createdate":"19950728000000","modifieddate":"20240730093554"}},
{"type":"Feature","geometry":{"type":"Polygon","coordinates":[[[151.14464343448958,-33.80304385139799],[151.144830900325,-33.80589086952379],[151.14211045917253,-33.80847605397025],[151.14340306000568,-33.81068734894169],[151.14309037398758,-33.81275969273356],[151.14521129797896,-33.815069737021865],[151.14600253818963,-33.81796112642735],[151.14849779663308,-33.81839586626376],[151.14959228820027,-33.82499406288626],[151.15021380469676,-33.82447798372917],[151.14970449323715,-33.82228321522482],[151.15098738309894,-33.81962538580398],[151.15197768585602,-33.81531815279233],[151.16353173087768,-33.810656273909956],[151.15694566991368,-33.809576433326995],[151.15398907286212,-33.806778240897465],[151.1507148229418,-33.80511806430066],[151.1480339700653,-33.80487377263239],[151.14464343448958,-33.80304385139799]]]},"properties":{"suburbname":"LANE COVE WEST","postcode":2066,"state":2,"startdate":"20240731114739","enddate":"30000101000000","lastupdate":"20240731114800","msoid":3529,"centroidid":null,"shapeuuid":"ecf74a50-dbf2-3883-b07e-2caba720f12c","changetype":"M","processstate":null,"urbanity":"U","Shape__Length":0.07537602627146228,"Shape__Area":0.00016309039313548983,"OBJECTID":24696,"cadid":108033063,"createdate":"19950728000000","modifieddate":"20240731114559"}},
{"type":"Feature","geometry":{"type":"Polygon","coordinates":[[[151.0906277309196,-33.71637744688286],[151.08869004668105,-33.71204386418375],[151.0868762091252,-33.711914560687816],[151.0834875186823,-33.70931771361766],[151.08161153254198,-33.70561538924862],[151.0796824741285,-33.705296369063426],[151.07842487057346,-33.711445933754185],[151.07997749900366,-33.71115110791078],[151.07790636760043,-33.720399343100226],[151.0759537824163,-33.72274749215345],[151.07184540764396,-33.72131379336821],[151.07102517718928,-33.72449429889202],[151.06951936663333,-33.724953727825515],[151.06982359624533,-33.72900074524142],[151.07138621593091,-33.7306667107741],[151.0756707955836,-33.73328195622363],[151.07780027184782,-33.732693707869174],[151.07918567695648,-33.73502954408952],[151.08187566792057,-33.73572421327925],[151.08303691181425,-33.73465015015344],[151.0894307644135,-33.73917620000227],[151.0911803896687,-33.73892364383893],[151.08978956777025,-33.736176221923614],[151.0905042114424,-33.734215629680904],[151.09263975880032,-33.73299653358384],[151.08832697825102,-33.73235167618488],[151.0874948086225,-33.72677965529533],[151.08860872378747,-33.72468857821293],[151.09124893007066,-33.723374674854796],[151.08945868857336,-33.721771384264585],[151.0906277309196,-33.71637744688286]]]},"properties":{"suburbname":"THORNLEIGH","postcode":2120,"state":2,"startdate":"20240731132223","enddate":"30000101000000","lastupdate":"20240731132251","msoid":41,"centroidid":null,"shapeuuid":"1d6724a6-e52d-3f36-adab-06d08acca885","changetype":"M","processstate":null,"urbanity":"U","Shape__Length":0.13693321715161083,"Shape__Area":0.0003763333643391575,"OBJECTID":24697,"cadid":108029575,"createdate":"19950728000000","modifieddate":"20240731132132"}},
{"type":"Feature","geometry":{"type":"Polygon","coordinates":[[[151.05806299316944,-33.71922339731257],[151.05618339972963,-33.72011967001531],[151.05738142515037,-33.722274910790055],[151.05680277781386,-33.72515131356456],[151.05946592338213,-33.72827687315446],[151.05949006874246,-33.73192197455693],[151.05611831336944,-33.7328900431957],[151.05431741290155,-33.7323754355098],[151.05665219882243,-33.73421130838703],[151.05744051094092,-33.74070213728334],[151.05662006805946,-33.74236408773489],[151.0585576046033,-33.74320498407775],[151.0606043621271,-33.741970197497494],[151.06406133611432,-33.74190360827493],[151.06554062541855,-33.7429466221114],[151.069257885812,-33.74178150879306],[151.06858855027318,-33.744940792981],[151.07403976053772,-33.746021861002326],[151.08014445671043,-33.750146862593624],[151.08253738365374,-33.74908908457982],[151.08886775775065,-33.752849546665395],[151.0971560351525,-33.75175397439225],[151.1000952742829,-33.75350970638817],[151.10021166440805,-33.751949368063535],[151.09821435874719,-33.74831281971481],[151.09345109099542,-33.74773510039365],[151.0928516374261,-33.74585004341256],[151.0910895846794,-33.74427132327343],[151.09209590612775,-33.740901897167696],[151.0911803896687,-33.73892364383893],[151.0894307644135,-33.73917620000227],[151.08303691181425,-33.73465015015344],[151.08187566792057,-33.73572421327925],[151.07918567695648,-33.73502954408952],[151.07780027184782,-33.732693707869174],[151.0756707955836,-33.73328195622363],[151.07138621593091,-33.7306667107741],[151.06982359624533,-33.72900074524142],[151.06951936663333,-33.724953727825515],[151.06866809256005,-33.72350612398975],[151.06364990661817,-33.72308418648422],[151.05907776344185,-33.72093157591323],[151.05806299316944,-33.71922339731257]]]},"properties":{"suburbname":"PENNANT HILLS","postcode":2120,"state":2,"startdate":"20240731132223","enddate":"30000101000000","lastupdate":"20240731132251","msoid":3510,"centroidid":null,"shapeuuid":"024c5b86-0862-3db4-8888-7f7df1dc8f2c","changetype":"M","processstate":null,"urbanity":"U","Shape__Length":0.18108469976142,"Shape__Area":0.0006015934334903072,"OBJECTID":24702,"cadid":108033044,"createdate":"19950728000000","modifieddate":"20240731132132"}},
{"type":"Feature","geometry":{"type":"Polygon","coordinates":[[[151.13882048323353,-33.8860442234604],[151.13469524891022,-33.88423455474642],[151.12758158216494,-33.87417734345472],[151.1227875907273,-33.87771614014654],[151.1162942814242,-33.88831267547629],[151.1170052040273,-33.89150254125103],[151.1166153750227,-33.895715830685674],[151.12510648829988,-33.895665355566514],[151.1248837445937,-33.89966934165353],[151.1237547513587,-33.90250654192025],[151.12508970627107,-33.90380425328656],[151.1285135008026,-33.9047647568818],[151.1320324568123,-33.90087466640922],[151.12953816445147,-33.90071546508893],[151.1297162895111,-33.89843513271711],[151.13167331424813,-33.898028643640956],[151.13166521579734,-33.88969609061066],[151.13882048323353,-33.8860442234604]]]},"properties":{"suburbname":"ASHFIELD","postcode":2131,"state":2,"startdate":"20240809095747","enddate":"30000101000000","lastupdate":"20240809095759","msoid":3549,"centroidid":null,"shapeuuid":"60369137-5283-3f85-917f-08fb8e67a61d","changetype":"M","processstate":null,"urbanity":"U","Shape__Length":0.1025961407406205,"Shape__Area":0.0003306069047544314,"OBJECTID":24762,"cadid":108033083,"createdate":"19950728000000","modifieddate":"20240809095702"}},
{"type":"Feature","geometry":{"type":"Polygon","coordinates":[[[151.0250499666906,-33.80403875961257],[151.02180811174551,-33.80539175808199],[151.02021018955554,-33.8079480250728],[151.00970442751202,-33.80915531118923],[151.00696341309654,-33.80883966093895],[151.0079349839796,-33.8038411235169],[151.00522398765435,-33.80452332237278],[150.9989887552502,-33.804006380905584],[150.99567279176122,-33.803420213612355],[150.9938191468041,-33.80522709472933],[150.99003610653762,-33.81094047198623],[150.9939699576641,-33.815082276332774],[150.99290635543576,-33.816082839379106],[150.993614750404,-33.81854849496861],[150.99412687441497,-33.821510421308666],[150.99027821100242,-33.82129138608536],[150.98825936850986,-33.82387772705481],[150.9942592531749,-33.826706419792956],[150.9964857642916,-33.82567478888773],[151.00712857253575,-33.82452889941821],[151.0077455791238,-33.82237703692071],[151.00702023806454,-33.81957671827673],[151.00971001290753,-33.81821937689549],[151.01563978812797,-33.81923738604698],[151.0166664430576,-33.82037420794657],[151.01909374673752,-33.820249804061916],[151.02205252614579,-33.81800972537989],[151.02230707619356,-33.81464315081987],[151.02579395555196,-33.81456077414443],[151.02842257597786,-33.81064151507047],[151.02799771126277,-33.809020638720796],[151.02919651876712,-33.80410622132608],[151.0250499666906,-33.80403875961257]]]},"properties":{"suburbname":"PARRAMATTA","postcode":2150,"state":2,"startdate":"20240814080150","enddate":"30000101000000","lastupdate":"20240814083706","msoid":3520,"centroidid":null,"shapeuuid":"4b41a45b-0f38-37f1-981c-fe401e28a057","changetype":"M","processstate":null,"urbanity":"U","Shape__Length":0.1520619546130907,"Shape__Area":0.0005339689862723828,"OBJECTID":24823,"cadid":108033054,"createdate":"19950728000000","modifieddate":"20240814080121"}},
{"type":"Feature","geometry":{"type":"Polygon","coordinates":[[[151.0166664430576,-33.82037420794657],[151.01563978812797,-33.81923738604698],[151.00971001290753,-33.81821937689549],[151.00702023806454,-33.81957671827673],[151.0077455791238,-33.82237703692071],[151.00712857253575,-33.82452889941821],[151.00737338970643,-33.82713285797739],[151.00966118339036,-33.82766595912802],[151.01299483327935,-33.827004590357575],[151.01369719202174,-33.82263633822754],[151.01633150588924,-33.822455047347795],[151.0166664430576,-33.82037420794657]]]},"properties":{"suburbname":"HARRIS PARK","postcode":2150,"state":2,"startdate":"20240814080150","enddate":"30000101000000","lastupdate":"20240814083706","msoid":3537,"centroidid":null,"shapeuuid":"dbe0d8bf-ec1c-31f7-b919-c0d464d930b3","changetype":"M","processstate":null,"urbanity":"U","Shape__Length":0.04011909419559983,"Shape__Area":0.0000632382388231173,"OBJECTID":24824,"cadid":108033071,"createdate":"19950728000000","modifieddate":"20240814080121"}},
{"type":"Feature","geometry":{"type":"Polygon","coordinates":[[[150.9288077961363,-33.70032799317651],[150.92760863216304,-33.69698705864931],[150.9223563559663,-33.6905386417371],[150.91701860402992,-33.69192306850935],[150.91935404400567,-33.69776625773924],[150.9132355350153,-33.69894458415377],[150.91385528698692,-33.70183420024497],[150.91085843679974,-33.71522364706837],[150.91759796582042,-33.71613039255539],[150.91995439757667,-33.71644491117599],[150.92134579331176,-33.70948101207414],[150.92292078028794,-33.70797801453996],[150.9236139905147,-33.705165667044774],[150.9263885092824,-33.70366120978209],[150.93032803035507,-33.704193714173186],[150.9288077961363,-33.70032799317651]]]},"properties":{"suburbname":"KELLYVILLE RIDGE","postcode":2155,"state":2,"startdate":"20240820160127","enddate":"30000101000000","lastupdate":"20240820160146","msoid":3433,"centroidid":null,"shapeuuid":"59f47bb4-2c47-37ef-8ea7-0c27270c26ff","changetype":"M","processstate":null,"urbanity":"U","Shape__Length":0.08300588314287512,"Shape__Area":0.0002554994416317873,"OBJECTID":24846,"cadid":108032967,"createdate":"20020115154136","modifieddate":"20240820160054"}},
{"type":"Feature","geometry":{"type":"Polygon","coordinates":[[[151.29387419224363,-33.77584120370519],[151.29022620051913,-33.77516852854339],[151.2906206488998,-33.77374914270502],[151.2875828039307,-33.77039914000631],[151.27863602820307,-33.769248362717676],[151.27862336350032,-33.7725517799293],[151.27436367974158,-33.77176949198581],[151.2736646874023,-33.77492325869062],[151.27612474225174,-33.77632367906609],[151.27550708269789,-33.77882701846699],[151.27876675147863,-33.78125762163806],[151.28279735996924,-33.77968935683469],[151.28564656413081,-33.780354464657144],[151.29033772508356,-33.78286730968617],[151.2915388208203,-33.78126241699537],[151.29433417008565,-33.781956677225686],[151.29609056583263,-33.78101099556229],[151.29408573335056,-33.77826428082121],[151.29387419224363,-33.77584120370519]]]},"properties":{"suburbname":"FRESHWATER","postcode":2096,"state":2,"startdate":"20240821165849","enddate":"30000101000000","lastupdate":"20240821165859","msoid":3722,"centroidid":null,"shapeuuid":"cb3941dc-3dac-3f1a-adef-5195e4d37764","changetype":"M","processstate":null,"urbanity":"U","Shape__Length":0.08211492315687163,"Shape__Area":0.00017904941881081144,"OBJECTID":24860,"cadid":108033256,"createdate":"19950728000000","modifieddate":"20240821165830"}},
{"type":"Feature","geometry":{"type":"Polygon","coordinates":[[[151.23588262352456,-33.91898890342896],[151.2364193161252,-33.91659470990004],[151.2257852470731,-33.91496425759147],[151.2253283923144,-33.91291879343795],[151.22681818681528,-33.90439868492745],[151.2230058785042,-33.90140284396763],[151.22341314778393,-33.90379065551363],[151.22208676870056,-33.90489297931769],[151.2146464110465,-33.903868645791015],[151.21429273452333,-33.90382399717264],[151.21284499096103,-33.91221604944732],[151.2111152667746,-33.920491786112294],[151.21425533992755,-33.92437792973919],[151.21524187999992,-33.92456596743835],[151.21706852250185,-33.917952584619336],[151.22091856328078,-33.91759016284594],[151.220157991096,-33.920818637706766],[151.22374221802497,-33.921054082817164],[151.22628749471716,-33.91929956567286],[151.23163714393374,-33.92002809461073],[151.23198080912456,-33.918326352230665],[151.23588262352456,-33.91898890342896]]]},"properties":{"suburbname":"KENSINGTON","postcode":2033,"state":2,"startdate":"20240828104643","enddate":"30000101000000","lastupdate":"20240828104740","msoid":1258,"centroidid":null,"shapeuuid":"27260ade-3e36-35a1-b5ce-d7f5a144585f","changetype":"M","processstate":null,"urbanity":"U","Shape__Length":0.09933411342905253,"Shape__Area":0.0002584571072230651,"OBJECTID":24892,"cadid":108030792,"createdate":"19950728000000","modifieddate":"20240828104520"}},
{"type":"Feature","geometry":{"type":"Polygon","coordinates":[[[151.25286949581897,-33.90389441682995],[151.24275781535343,-33.90242482408085],[151.24161244773123,-33.90263076092347],[151.23915733921285,-33.902828827878785],[151.23547665701736,-33.90480413275807],[151.23236772479527,-33.904760613274306],[151.23114848699205,-33.90604958425496],[151.22681818681528,-33.90439868492745],[151.2253283923144,-33.91291879343795],[151.2257852470731,-33.91496425759147],[151.2364193161252,-33.91659470990004],[151.23588262352456,-33.91898890342896],[151.2344803558883,-33.92495593233076],[151.23932745559418,-33.92562119769804],[151.23787321605727,-33.93281771426856],[151.2482037844478,-33.934228550936986],[151.25112619967143,-33.93111038571498],[151.25017608700634,-33.92906124651143],[151.24598645355258,-33.92797221374475],[151.24669810096816,-33.92662491780467],[151.24967225411356,-33.912908668146216],[151.25090718641553,-33.910787320156935],[151.25422898149267,-33.911487844980556],[151.25498091733454,-33.90807611455886],[151.2542359558996,-33.90661868203397],[151.25286949581897,-33.90389441682995]]]},"properties":{"suburbname":"RANDWICK","postcode":2031,"state":2,"startdate":"20240828104643","enddate":"30000101000000","lastupdate":"20240828104740","msoid":2417,"centroidid":null,"shapeuuid":"547a8176-afbd-3fbf-9e92-d03df6441799","changetype":"M","processstate":null,"urbanity":"U","Shape__Length":0.12986515874379898,"Shape__Area":0.0005225830367853609,"OBJECTID":24893,"cadid":108031951,"createdate":"19950728000000","modifieddate":"20240828104520"}},
{"type":"Feature","geometry":{"type":"Polygon","coordinates":[[[150.97715013444812,-33.789580570651324],[150.9734383278711,-33.786740157730335],[150.97048848583563,-33.78764699713629],[150.96909663091944,-33.79505248727463],[150.96736648238968,-33.7965696652072],[150.96759983337176,-33.798229412585215],[150.9723218895867,-33.798251648112],[150.97415741088085,-33.79724468363216],[150.97916755293022,-33.79948824950418],[150.98182138154115,-33.797466912814684],[150.98366902242378,-33.79474455445154],[150.98182190535977,-33.79284733885142],[150.97715013444812,-33.789580570651324]]]},"properties":{"suburbname":"CONSTITUTION HILL","postcode":2145,"state":2,"startdate":"20240905165803","enddate":"30000101000000","lastupdate":"20240905165831","msoid":4688,"centroidid":null,"shapeuuid":"84525781-d1dc-3408-865b-9076eaf2e3eb","changetype":"M","processstate":null,"urbanity":"U","Shape__Length":0.058196038915674486,"Shape__Area":0.00012010021867520971,"OBJECTID":24945,"cadid":153803198,"createdate":"20060726065517","modifieddate":"20240905165709"}},
{"type":"Feature","geometry":{"type":"Polygon","coordinates":[[[151.0161662067338,-33.88608369853753],[151.01562308320612,-33.87984178261263],[151.01298893715105,-33.878384054352146],[151.00822044586843,-33.8757579844483],[151.0044496362248,-33.895464216238025],[151.00790951256863,-33.896076259384635],[151.00821754864202,-33.898264904084606],[151.01090964747243,-33.89859600605052],[151.01142714222112,-33.896276763661355],[151.01389884156512,-33.89652027436643],[151.0161662067338,-33.88608369853753]]]},"properties":{"suburbname":"SEFTON","postcode":2162,"state":2,"startdate":"20240911090526","enddate":"30000101000000","lastupdate":"20240911090542","msoid":3538,"centroidid":null,"shapeuuid":"eb9090f9-7095-3308-8afb-c304992a062b","changetype":"M","processstate":null,"urbanity":"U","Shape__Length":0.06518021895398117,"Shape__Area":0.00017776073119422613,"OBJECTID":24971,"cadid":108033072,"createdate":"19950728000000","modifieddate":"20240911090427"}},
{"type":"Feature","geometry":{"type":"Polygon","coordinates":[[[151.06710190799515,-33.70403856734778],[151.05890303806675,-33.70404404188156],[151.05590439586427,-33.70570117619777],[151.05274446630466,-33.70431216962398],[151.05138034996827,-33.70583996999491],[151.0478130115295,-33.706396173874474],[151.04433589793632,-33.70906569642722],[151.04458624672554,-33.71127639134633],[151.03857794552292,-33.71232910578751],[151.0358345269282,-33.71339910652526],[151.03423276689685,-33.71533166422226],[151.0338246853491,-33.719071312499864],[151.0315486432159,-33.719965161359085],[151.03189955418105,-33.721671471703],[151.03106520537486,-33.72611309298153],[151.03000949697247,-33.72641836047672],[151.02504321200027,-33.73214917522409],[151.0270529621632,-33.73281243045504],[151.0323578887574,-33.737820594576654],[151.03661639632622,-33.73948853814219],[151.04055169293198,-33.738175069667456],[151.0476267521919,-33.73713191430888],[151.04855798647614,-33.73332201540669],[151.05431741290155,-33.7323754355098],[151.05611831336944,-33.7328900431957],[151.05949006874246,-33.73192197455693],[151.05946592338213,-33.72827687315446],[151.05680277781386,-33.72515131356456],[151.05738142515037,-33.722274910790055],[151.05618339972963,-33.72011967001531],[151.05806299316944,-33.71922339731257],[151.058219524601,-33.717070331223354],[151.0609372669709,-33.715427611777194],[151.06264178568793,-33.712225988078295],[151.06710612135515,-33.70940786907152],[151.06710190799515,-33.70403856734778]]]},"properties":{"suburbname":"CHERRYBROOK","postcode":2126,"state":2,"startdate":"20241014085140","enddate":"30000101000000","lastupdate":"20241014085216","msoid":1196,"centroidid":null,"shapeuuid":"b677c929-370b-334a-b018-6abc58721eb1","changetype":"M","processstate":null,"urbanity":"U","Shape__Length":0.1533195328910808,"Shape__Area":0.0008082975819144964,"OBJECTID":25218,"cadid":108030730,"createdate":"19950728000000","modifieddate":"20241014085032"}},
{"type":"Feature","geometry":{"type":"Polygon","coordinates":[[[151.05662006805946,-33.74236408773489],[151.05744051094092,-33.74070213728334],[151.05665219882243,-33.73421130838703],[151.05431741290155,-33.7323754355098],[151.04855798647614,-33.73332201540669],[151.0476267521919,-33.73713191430888],[151.04055169293198,-33.738175069667456],[151.03661639632622,-33.73948853814219],[151.0323578887574,-33.737820594576654],[151.0270529621632,-33.73281243045504],[151.02504321200027,-33.73214917522409],[151.02353808467308,-33.73236511846873],[151.02139980954843,-33.735038635581084],[151.02120851227826,-33.738443431869236],[151.02218832181748,-33.73917672865257],[151.02149429786724,-33.74212702658921],[151.01200323524466,-33.75020740173243],[151.01209903815865,-33.7519996804195],[151.00871524352564,-33.753934271917345],[151.00945976928577,-33.75506377855439],[151.00860463918232,-33.756952500620926],[151.0104432252806,-33.75908317687249],[151.01172839816857,-33.75808640845779],[151.01458249851012,-33.75957094190093],[151.01918288399636,-33.759353070072116],[151.02927562416366,-33.76341742395969],[151.0349938063859,-33.76224275255677],[151.03490743805708,-33.7608870189133],[151.04950792991085,-33.75845191068286],[151.04779773938927,-33.753196588237756],[151.0497522038937,-33.7509546336132],[151.0500303565448,-33.74879424473871],[151.05662006805946,-33.74236408773489]]]},"properties":{"suburbname":"WEST PENNANT HILLS","postcode":2125,"state":2,"startdate":"20241014085140","enddate":"30000101000000","lastupdate":"20241014085216","msoid":2352,"centroidid":null,"shapeuuid":"b48c0aa9-2c0a-368b-9678-bc7e9e790c06","changetype":"M","processstate":null,"urbanity":"U","Shape__Length":0.16802300728256914,"Shape__Area":0.0009152999273631349,"OBJECTID":25219,"cadid":108031886,"createdate":"19950728000000","modifieddate":"20241014085032"}},
{"type":"Feature","geometry":{"type":"Polygon","coordinates":[[[150.97944322415952,-33.78483238157401],[150.97669004087172,-33.78474760680928],[150.97356069686722,-33.7811555967134],[150.96850143616174,-33.78061227025278],[150.96689342149708,-33.78116196276678],[150.96559388360006,-33.78637082467127],[150.96388446672663,-33.795353932544465],[150.96312068058765,-33.79525355195956],[150.9640228462611,-33.797916164102446],[150.96736648238968,-33.7965696652072],[150.96909663091944,-33.79505248727463],[150.97048848583563,-33.78764699713629],[150.9734383278711,-33.786740157730335],[150.97715013444812,-33.789580570651324],[150.97907085513015,-33.78806929849783],[150.97944322415952,-33.78483238157401]]]},"properties":{"suburbname":"OLD TOONGABBIE","postcode":2146,"state":2,"startdate":"20241016145631","enddate":"30000101000000","lastupdate":"20241016145650","msoid":159,"centroidid":null,"shapeuuid":"6cd8ce14-31dd-3d3d-9c09-7b8dc8d0fe60","changetype":"M","processstate":null,"urbanity":"U","Shape__Length":0.0741133220782402,"Shape__Area":0.00012309797811859306,"OBJECTID":25242,"cadid":108029693,"createdate":"19950728000000","modifieddate":"20241016145608"}},
{"type":"Feature","geometry":{"type":"Polygon","coordinates":[[[151.00099667579954,-33.771183877508186],[150.9976255067167,-33.7723383227442],[150.9950607812762,-33.76901336737794],[150.98211055272623,-33.77232568423764],[150.97502567375244,-33.77303052379362],[150.9702320978196,-33.77233645967634],[150.96668460935317,-33.770375098965395],[150.96333726574932,-33.766422503465385],[150.96108950836802,-33.76610352597205],[150.95882695128682,-33.76776771623492],[150.96067554138412,-33.773293574819846],[150.96689342149708,-33.78116196276678],[150.96850143616174,-33.78061227025278],[150.97356069686722,-33.7811555967134],[150.97669004087172,-33.78474760680928],[150.97944322415952,-33.78483238157401],[150.9813225816016,-33.78397600561316],[150.98546723567082,-33.788445866178485],[150.98726604981616,-33.78738561116078],[150.98907116232377,-33.78434862799843],[150.99176523317388,-33.78348571641674],[150.99273857908005,-33.780492050252576],[150.99699069347463,-33.781500190415386],[151.00105986901508,-33.77579366075019],[151.00099667579954,-33.771183877508186]]]},"properties":{"suburbname":"WINSTON HILLS","postcode":2153,"state":2,"startdate":"20241016145631","enddate":"30000101000000","lastupdate":"20241016145650","msoid":2462,"centroidid":null,"shapeuuid":"d1a1e637-b286-3fd8-9db7-5b92882a9b19","changetype":"M","processstate":null,"urbanity":"U","Shape__Length":0.12111387435444568,"Shape__Area":0.00045195166143937806,"OBJECTID":25249,"cadid":108031996,"createdate":"19950728000000","modifieddate":"20241016145608"}},
{"type":"Feature","geometry":{"type":"Polygon","coordinates":[[[151.10830231639926,-33.972047120793924],[151.10671939246015,-33.97177551298374],[151.10236482842691,-33.97406339485082],[151.09781913766375,-33.97530977007281],[151.09771710354394,-33.97779984988631],[151.10171717384355,-33.97997155559032],[151.10227551351406,-33.98303481771126],[151.10490245290464,-33.983701402128524],[151.10765780985315,-33.98233540177502],[151.108434176418,-33.98076393153582],[151.11338697808728,-33.97789979495408],[151.11420102510255,-33.97659910864062],[151.11323237128966,-33.97717586763538],[151.10830231639926,-33.972047120793924]]]},"properties":{"suburbname":"SOUTH HURSTVILLE","postcode":2221,"state":2,"startdate":"20241029133253","enddate":"30000101000000","lastupdate":"20241029133317","msoid":95,"centroidid":null,"shapeuuid":"d30fc8f1-9cad-3cfc-be8b-ffcaf9dc70ca","changetype":"M","processstate":null,"urbanity":"U","Shape__Length":0.06266863392709128,"Shape__Area":0.00010590292122635653,"OBJECTID":25327,"cadid":108029629,"createdate":"19950728000000","modifieddate":"20241029133215"}},
{"type":"Feature","geometry":{"type":"Polygon","coordinates":[[[150.99845806326246,-33.91576077804477],[150.9871882808122,-33.913935361336634],[150.98520260426122,-33.91236328395659],[150.9817670509108,-33.913619647887444],[150.9816257976438,-33.91640205939968],[150.97388646372215,-33.9154598884556],[150.97445376286788,-33.92029648979712],[150.9759011792911,-33.923629101576985],[150.9784873383889,-33.92697046053424],[150.97898996641456,-33.929121202836996],[150.98752130863724,-33.928461365659004],[150.9887758820583,-33.929397032388984],[150.99836950433271,-33.9313442158279],[151.00104213877592,-33.931034488872726],[151.00601585292048,-33.93426703857179],[151.00685256564557,-33.930212558217754],[151.00117817501138,-33.9270153927743],[151.0010311961887,-33.924570929397056],[150.99657280246817,-33.92398210541471],[150.99845806326246,-33.91576077804477]]]},"properties":{"suburbname":"BANKSTOWN AERODROME","postcode":2200,"state":2,"startdate":"20241202120415","enddate":"30000101000000","lastupdate":"20241202120502","msoid":81,"centroidid":null,"shapeuuid":"0d8c7238-2d4b-3702-8568-d6620d9c1127","changetype":"M","processstate":null,"urbanity":"R","Shape__Length":0.10259583509541641,"Shape__Area":0.0003631918041123855,"OBJECTID":25562,"cadid":108029615,"createdate":"19950728000000","modifieddate":"20241202120233"}},
{"type":"Feature","geometry":{"type":"Polygon","coordinates":[[[151.1793610072417,-33.805380717463805],[151.17278563891242,-33.80695573105068],[151.16760036309967,-33.804031202496255],[151.16474207716465,-33.80397043733926],[151.16074400238054,-33.80243577648126],[151.1593185864361,-33.79891680868245],[151.1571997863231,-33.801086632224674],[151.15290212364746,-33.80049785028995],[151.15221599727747,-33.799240796608615],[151.14897474694965,-33.79940560582354],[151.14485954318826,-33.800524690926714],[151.14464343448958,-33.80304385139799],[151.1480339700653,-33.80487377263239],[151.1507148229418,-33.80511806430066],[151.15398907286212,-33.806778240897465],[151.15694566991368,-33.809576433326995],[151.16353173087768,-33.810656273909956],[151.17106245903054,-33.81245259969985],[151.17542929872647,-33.812426517418345],[151.17960650387192,-33.80736437335296],[151.1793610072417,-33.805380717463805]]]},"properties":{"suburbname":"LANE COVE NORTH","postcode":2066,"state":2,"startdate":"20241209152805","enddate":"30000101000000","lastupdate":"20241209152845","msoid":3423,"centroidid":null,"shapeuuid":"863ffecb-f58a-35f3-8a3b-c1f1acd2847b","changetype":"M","processstate":null,"urbanity":"U","Shape__Length":0.09219352283397753,"Shape__Area":0.00022403106543746686,"OBJECTID":25607,"cadid":108032957,"createdate":"19960816133909","modifieddate":"20241209152711"}},
{"type":"Feature","geometry":{"type":"Polygon","coordinates":[[[151.27740246609466,-33.87857920607375],[151.27046775585669,-33.879052058896264],[151.27034240271738,-33.8810721156177],[151.2678779877462,-33.88505318849117],[151.27599016543584,-33.885481565928494],[151.28297378919683,-33.889776109540975],[151.28187924867538,-33.89131660639708],[151.2838397901138,-33.893912266624106],[151.2859241576537,-33.89187323946748],[151.28610209169838,-33.88804431431744],[151.28485211632687,-33.883352644564816],[151.28242440540836,-33.88299486696911],[151.281320651155,-33.88105153504283],[151.27936971510357,-33.88080148665694],[151.27740246609466,-33.87857920607375]]]},"properties":{"suburbname":"NORTH BONDI","postcode":2026,"state":2,"startdate":"20250107112008","enddate":"30000101000000","lastupdate":"20250107112037","msoid":3394,"centroidid":null,"shapeuuid":"67287fcc-b373-3524-8439-e1bfbac9d327","changetype":"M","processstate":null,"urbanity":"U","Shape__Length":0.06463434180489575,"Shape__Area":0.00012222649677372035,"OBJECTID":25748,"cadid":108032928,"createdate":"19950728000000","modifieddate":"20250107111903"}},
{"type":"Feature","geometry":{"type":"Polygon","coordinates":[[[151.2228948052926,-33.837482616521484],[151.2229003328729,-33.83569191437063],[151.22465174395242,-33.83017307788187],[151.21734942390472,-33.828002565033906],[151.21506032077437,-33.827829167445465],[151.21463956713964,-33.8297783421749],[151.2125191272499,-33.833037076419906],[151.21135753517927,-33.83861910359994],[151.21384446951308,-33.838874945983285],[151.21520087509248,-33.841071935824395],[151.22040421103364,-33.84189920032413],[151.2228948052926,-33.837482616521484]]]},"properties":{"suburbname":"NEUTRAL BAY","postcode":2089,"state":2,"startdate":"20250110141747","enddate":"30000101000000","lastupdate":"20250110141814","msoid":2379,"centroidid":null,"shapeuuid":"00e673f9-de8e-3c53-9351-ada9c336d0e3","changetype":"M","processstate":null,"urbanity":"U","Shape__Length":0.05591256687732661,"Shape__Area":0.00012459798808683298,"OBJECTID":25770,"cadid":108031913,"createdate":"19950728000000","modifieddate":"20250110141632"}},
{"type":"Feature","geometry":{"type":"Polygon","coordinates":[[[151.21463956713964,-33.8297783421749],[151.21307963011773,-33.829011383486616],[151.20870805854204,-33.82886731429502],[151.2063921580451,-33.8305679901561],[151.2033448127093,-33.83115193947525],[151.2043212367431,-33.832665866382],[151.20234439671088,-33.834595022177986],[151.20334282475483,-33.83705080485085],[151.20146856624942,-33.83795780324768],[151.2005535826627,-33.84040968127737],[151.2056669838626,-33.84273204804189],[151.2063453784253,-33.84119071370141],[151.2091672558321,-33.84196884931416],[151.21063924689014,-33.843598710443196],[151.2116966012116,-33.84372535288303],[151.21355217205897,-33.84292239853138],[151.21671646426225,-33.845049873515094],[151.21777556146625,-33.8433329636751],[151.21520087509248,-33.841071935824395],[151.21384446951308,-33.838874945983285],[151.21135753517927,-33.83861910359994],[151.2125191272499,-33.833037076419906],[151.21463956713964,-33.8297783421749]]]},"properties":{"suburbname":"NORTH SYDNEY","postcode":2060,"state":2,"startdate":"20250110141747","enddate":"30000101000000","lastupdate":"20250110141814","msoid":3535,"centroidid":null,"shapeuuid":"05412e99-87b9-3bb2-92da-1960f39081a6","changetype":"M","processstate":null,"urbanity":"U","Shape__Length":0.08536503982532492,"Shape__Area":0.00014304616240113705,"OBJECTID":25771,"cadid":108033069,"createdate":"19950728000000","modifieddate":"20250110141632"}},
{"type":"Feature","geometry":{"type":"Polygon","coordinates":[[[151.04924403177847,-33.82427589806318],[151.04324886928876,-33.82102022247184],[151.04068267433695,-33.820670607050594],[151.0276219550721,-33.82070597601274],[151.02515400496978,-33.8200786365114],[151.02205252614579,-33.81800972537989],[151.01909374673752,-33.820249804061916],[151.0166664430576,-33.82037420794657],[151.01633150588924,-33.822455047347795],[151.01369719202174,-33.82263633822754],[151.01299483327935,-33.827004590357575],[151.01752294701757,-33.827358189770145],[151.0200995366928,-33.82959141659619],[151.02622579802068,-33.82945717229009],[151.02866693659436,-33.834120076436314],[151.03008291080124,-33.83516461631495],[151.0350318638131,-33.8319364036364],[151.0384364007178,-33.832070380082236],[151.04326845187944,-33.8295942841442],[151.04596256365943,-33.82935430378381],[151.04924403177847,-33.82427589806318]]]},"properties":{"suburbname":"ROSEHILL","postcode":2142,"state":2,"startdate":"20250120105708","enddate":"30000101000000","lastupdate":"20250120105742","msoid":1225,"centroidid":null,"shapeuuid":"7055e438-08a7-324a-8a38-f071ccf6e2ed","changetype":"M","processstate":null,"urbanity":"U","Shape__Length":0.09415319658601896,"Shape__Area":0.0003387935804769952,"OBJECTID":25842,"cadid":108030759,"createdate":"19950728000000","modifieddate":"20250120105507"}},
{"type":"Feature","geometry":{"type":"Polygon","coordinates":[[[151.03008291080124,-33.83516461631495],[151.02866693659436,-33.834120076436314],[151.02622579802068,-33.82945717229009],[151.0200995366928,-33.82959141659619],[151.01553638569578,-33.833408226991835],[151.0153920926765,-33.834605473949715],[151.01903581796654,-33.83717584882673],[151.02192863921127,-33.83670999306171],[151.0243761608502,-33.83438244236296],[151.03008291080124,-33.83516461631495]]]},"properties":{"suburbname":"CLYDE","postcode":2142,"state":2,"startdate":"20250120105708","enddate":"30000101000000","lastupdate":"20250120105742","msoid":3536,"centroidid":null,"shapeuuid":"203d18de-072a-30fe-9295-22906989b006","changetype":"M","processstate":null,"urbanity":"U","Shape__Length":0.03864452831202875,"Shape__Area":0.00006632608783675483,"OBJECTID":25843,"cadid":108033070,"createdate":"19950728000000","modifieddate":"20250120105507"}},
{"type":"Feature","geometry":{"type":"Polygon","coordinates":[[[150.8710261690487,-33.8238777707588],[150.85879551474005,-33.82108662172553],[150.85606483141376,-33.820738055260826],[150.8277669786445,-33.8207563828452],[150.81291192129524,-33.82234596729616],[150.8115291747398,-33.82532686868864],[150.8207826007409,-33.82666009844499],[150.8189935903524,-33.83521032627927],[150.82350436452964,-33.835887479845766],[150.82217216088702,-33.842663542025996],[150.8201956820488,-33.85270311277172],[150.82552984202974,-33.856251753450806],[150.82778286128325,-33.85651548092026],[150.82926850203265,-33.85834077892691],[150.832501345938,-33.86030246549804],[150.85367224303036,-33.86314808811775],[150.86335176741403,-33.86452426464139],[150.86410720313168,-33.862049281279724],[150.86780947233117,-33.85997946540052],[150.87075135753315,-33.85689633037242],[150.86881872369753,-33.85198649386414],[150.86835221375603,-33.84928948071687],[150.87160581519814,-33.84800138719418],[150.8727387135555,-33.846460777156565],[150.87441247937173,-33.84171026258058],[150.87382147383747,-33.83988668123049],[150.876092208993,-33.839065937455864],[150.87822786651617,-33.83498116751568],[150.8834512879682,-33.83236512370785],[150.8845520688172,-33.82915494115878],[150.884322590748,-33.82723265246529],[150.8802788014667,-33.82813430037839],[150.87834098770543,-33.82771391032452],[150.87359792279412,-33.82468118711855],[150.8710261690487,-33.8238777707588]]]},"properties":{"suburbname":"HORSLEY PARK","postcode":2175,"state":2,"startdate":"20250205155556","enddate":"30000101000000","lastupdate":"20250205155612","msoid":155,"centroidid":null,"shapeuuid":"d640a8fd-6179-3768-82f4-8567c3024b96","changetype":"M","processstate":null,"urbanity":"R","Shape__Length":0.22323226974636745,"Shape__Area":0.0021409393348248242,"OBJECTID":25929,"cadid":108029689,"createdate":"19950728000000","modifieddate":"20250205155406"}},
{"type":"Feature","geometry":{"type":"Polygon","coordinates":[[[151.09089330401017,-34.00604474733171],[151.09622537631424,-34.00719602673353],[151.1002150196973,-34.002941370239505],[151.1008109989978,-33.996849242696996],[151.09984606017858,-33.99566872403648],[151.09523505151216,-33.99529532067957],[151.09209341489034,-33.9951234732366],[151.09208742528884,-33.99819940095359],[151.09334008700924,-34.00038675912847],[151.09289025720926,-34.00317696161937],[151.09089330401017,-34.00604474733171]]]},"properties":{"suburbname":"KANGAROO POINT","postcode":2224,"state":2,"startdate":"20250217155155","enddate":"30000101000000","lastupdate":"20250217155405","msoid":1268,"centroidid":null,"shapeuuid":"f367157b-f808-3648-b344-ab6dd8f300df","changetype":"M","processstate":null,"urbanity":"U","Shape__Length":0.03992285312380261,"Shape__Area":0.00008233156919633421,"OBJECTID":25984,"cadid":108030802,"createdate":"19950728000000","modifieddate":"20250217154203"}},
{"type":"Feature","geometry":{"type":"Polygon","coordinates":[[[151.10227551351406,-33.98303481771126],[151.10171717384355,-33.97997155559032],[151.09771710354394,-33.97779984988631],[151.09441814780956,-33.98421601058589],[151.08966654829572,-33.984926613562706],[151.08500576384523,-33.988832224443456],[151.08708806310054,-33.994690874074784],[151.09209341489034,-33.9951234732366],[151.09523505151216,-33.99529532067957],[151.0958265906941,-33.992032341338884],[151.09735042558674,-33.99027927555854],[151.09628003208968,-33.98792341295839],[151.1013782661873,-33.98548761546399],[151.10227551351406,-33.98303481771126]]]},"properties":{"suburbname":"CONNELLS POINT","postcode":2221,"state":2,"startdate":"20250217155155","enddate":"30000101000000","lastupdate":"20250217155405","msoid":2408,"centroidid":null,"shapeuuid":"7b8c15f3-9316-3582-a3e2-dd4c4d747df7","changetype":"M","processstate":null,"urbanity":"U","Shape__Length":0.062027794596989885,"Shape__Area":0.00014324226018595093,"OBJECTID":25985,"cadid":108031942,"createdate":"19950728000000","modifieddate":"20250217154203"}},
{"type":"Feature","geometry":{"type":"Polygon","coordinates":[[[151.14968935884795,-33.873850972637776],[151.1448830318844,-33.88220561247476],[151.14495744036958,-33.88972494569827],[151.14906182730513,-33.88990135384831],[151.15964920000619,-33.88781378044364],[151.1613605100191,-33.88792804945556],[151.16210491682827,-33.88807705273248],[151.16415719784396,-33.88642015412876],[151.16743254032673,-33.879944179154116],[151.15987975752518,-33.87758550785437],[151.15982182992855,-33.87509564995359],[151.15233082477818,-33.875386825879616],[151.14968935884795,-33.873850972637776]]]},"properties":{"suburbname":"LEICHHARDT","postcode":2040,"state":2,"startdate":"20250224111123","enddate":"30000101000000","lastupdate":"20250224124007","msoid":1254,"centroidid":null,"shapeuuid":"c9b91d0d-14d6-364c-9685-83f0c5edcf5c","changetype":"M","processstate":null,"urbanity":"U","Shape__Length":0.07568623851260264,"Shape__Area":0.00025197349832337964,"OBJECTID":26022,"cadid":108030788,"createdate":"19950728000000","modifieddate":"20250224110905"}},
{"type":"Feature","geometry":{"type":"Polygon","coordinates":[[[151.11578178627755,-33.82482567171966],[151.11264755698008,-33.82476759484863],[151.10881723017113,-33.82213164414291],[151.10785886316617,-33.82303091939708],[151.10181870087874,-33.818286851638206],[151.09628094796372,-33.82271846829614],[151.0990216812091,-33.824142205558395],[151.103203558319,-33.830072517623194],[151.10794932614766,-33.830885468995575],[151.1088080410853,-33.83539680011334],[151.1118604399601,-33.8340613656154],[151.11069310432603,-33.829937780016664],[151.11356937864812,-33.830039386226375],[151.1152331114136,-33.826272181488754],[151.11578178627755,-33.82482567171966]]]},"properties":{"suburbname":"PUTNEY","postcode":2112,"state":2,"startdate":"20250226091633","enddate":"30000101000000","lastupdate":"20250226091702","msoid":2385,"centroidid":null,"shapeuuid":"45e92c43-0dba-3714-9724-252eda082b3a","changetype":"M","processstate":null,"urbanity":"U","Shape__Length":0.07303053489037184,"Shape__Area":0.00014477019308719227,"OBJECTID":26042,"cadid":108031919,"createdate":"19950728000000","modifieddate":"20250226091453"}},
{"type":"Feature","geometry":{"type":"Polygon","coordinates":[[[151.13527465176853,-33.834993727268824],[151.1341964899367,-33.83068088168107],[151.12996729082607,-33.82821576283661],[151.13592132887115,-33.819642702790716],[151.13765445143824,-33.81863532510426],[151.13616472699496,-33.81469463110271],[151.13521101556236,-33.814128271296646],[151.13411439952665,-33.815438027508506],[151.1283716823376,-33.81725711410331],[151.12444895955994,-33.8158864565705],[151.11970690383657,-33.82100470382777],[151.12177071316478,-33.822589273347454],[151.12032086122997,-33.8244937746699],[151.11750678566938,-33.823431318917216],[151.11578178627755,-33.82482567171966],[151.1152331114136,-33.826272181488754],[151.1201966441347,-33.829585090951106],[151.12006098692063,-33.83294645898156],[151.1212547944772,-33.83506591046428],[151.11967541469764,-33.837496307852895],[151.12203041614794,-33.838269340761165],[151.12594653813423,-33.84129735435744],[151.12838185758378,-33.84163540530685],[151.1307971651856,-33.84042938705964],[151.13314500190265,-33.84098544596829],[151.1357679415457,-33.839730784256254],[151.13342247591936,-33.83812211086778],[151.13527465176853,-33.834993727268824]]]},"properties":{"suburbname":"GLADESVILLE","postcode":2111,"state":2,"startdate":"20250318115256","enddate":"30000101000000","lastupdate":"20250318115322","msoid":2370,"centroidid":null,"shapeuuid":"c74dd0e4-489b-3419-a6c3-52b39767d324","changetype":"M","processstate":null,"urbanity":"U","Shape__Length":0.11657770247607649,"Shape__Area":0.0003405343200189025,"OBJECTID":26156,"cadid":108031904,"createdate":"19950728000000","modifieddate":"20250318115153"}},
{"type":"Feature","geometry":{"type":"Polygon","coordinates":[[[151.2533207634254,-33.86842772750214],[151.255220658558,-33.86637925220572],[151.2546435045833,-33.86453386532747],[151.25251082092768,-33.86377178123806],[151.2489536318966,-33.86522789631287],[151.24877333345543,-33.86773421667797],[151.24989948390817,-33.870057585564616],[151.24798095063014,-33.87171488740982],[151.24877032842562,-33.872645761955795],[151.2525079214564,-33.869918060906045],[151.2533207634254,-33.86842772750214]]]},"properties":{"suburbname":"POINT PIPER","postcode":2027,"state":2,"startdate":"20250326084848","enddate":"30000101000000","lastupdate":"20250326084906","msoid":1236,"centroidid":null,"shapeuuid":"edde6f3c-61d3-3452-a692-e2210778fd4c","changetype":"M","processstate":null,"urbanity":"U","Shape__Length":0.0385072093135827,"Shape__Area":0.00003428778914296001,"OBJECTID":26223,"cadid":108030770,"createdate":"19950728000000","modifieddate":"20250326084735"}},
{"type":"Feature","geometry":{"type":"Polygon","coordinates":[[[151.16100576338513,-33.898525803273024],[151.16096008634884,-33.89633200782072],[151.15900090397187,-33.89425024341196],[151.15914812763253,-33.892314295608564],[151.16132129860492,-33.89151588499527],[151.1604394593584,-33.889106940728325],[151.1613605100191,-33.88792804945556],[151.15964920000619,-33.88781378044364],[151.14906182730513,-33.88990135384831],[151.15037705790908,-33.89313473426787],[151.14971404197803,-33.89396858443337],[151.14904059064924,-33.901027992234],[151.1561370799717,-33.90115745822176],[151.1587023390732,-33.898150697511845],[151.16100576338513,-33.898525803273024]]]},"properties":{"suburbname":"PETERSHAM","postcode":2049,"state":2,"startdate":"20250403144556","enddate":"30000101000000","lastupdate":"20250403144615","msoid":99,"centroidid":null,"shapeuuid":"94475b16-1f95-3fc6-aea2-944b6bc26b00","changetype":"M","processstate":null,"urbanity":"U","Shape__Length":0.06245364494320819,"Shape__Area":0.0001252968348725272,"OBJECTID":26296,"cadid":108029633,"createdate":"19950728000000","modifieddate":"20250403144452"}},
{"type":"Feature","geometry":{"type":"Polygon","coordinates":[[[151.14377580650594,-33.81815582815194],[151.1394256609022,-33.818641950513445],[151.13883077293804,-33.815806423793475],[151.13616472699496,-33.81469463110271],[151.13765445143824,-33.81863532510426],[151.13592132887115,-33.819642702790716],[151.12996729082607,-33.82821576283661],[151.1341964899367,-33.83068088168107],[151.13527465176853,-33.834993727268824],[151.13664399485702,-33.83692009577181],[151.1434455864846,-33.83550572537151],[151.14504609880063,-33.83693041422638],[151.15170332580652,-33.837595958604496],[151.15716142125785,-33.83944563576476],[151.15851106304564,-33.84267911287926],[151.16199917833683,-33.84459096401209],[151.16178192550294,-33.84187262301513],[151.1658057427774,-33.84268694383896],[151.1665546635331,-33.83837049784949],[151.16267072582073,-33.83777035876102],[151.16060384665144,-33.836263070928915],[151.16177402652974,-33.83406394314707],[151.15838898732136,-33.83410445371551],[151.1568966278119,-33.83243187816668],[151.1529117156867,-33.830960614902004],[151.14927128491462,-33.83191989671443],[151.14386198152275,-33.82944692111844],[151.14296551631665,-33.827483289796184],[151.1468934961953,-33.82552544310177],[151.14669397985287,-33.82024315741913],[151.14377580650594,-33.81815582815194]]]},"properties":{"suburbname":"HUNTERS HILL","postcode":2110,"state":2,"startdate":"20250404141432","enddate":"30000101000000","lastupdate":"20250404141455","msoid":57,"centroidid":null,"shapeuuid":"a9e49572-5eb9-3ff8-a3f3-1d6c9634e22b","changetype":"M","processstate":null,"urbanity":"U","Shape__Length":0.14339395220264411,"Shape__Area":0.00034832538552905055,"OBJECTID":26305,"cadid":108029591,"createdate":"19950728000000","modifieddate":"20250404141316"}},
{"type":"Feature","geometry":{"type":"Polygon","coordinates":[[[150.87263122509262,-33.78328698962252],[150.87421061253448,-33.77278425686613],[150.8708791313683,-33.768970156011285],[150.86292579384008,-33.76843192040042],[150.8535912382609,-33.77415906506674],[150.85599704635445,-33.776288814447874],[150.8577652253455,-33.7793044892289],[150.85828813998322,-33.782557452251275],[150.85654962352325,-33.78931785296763],[150.86521509979008,-33.79123541701226],[150.87126929456338,-33.79219936702723],[150.87263122509262,-33.78328698962252]]]},"properties":{"suburbname":"BUNGARRIBEE","postcode":2767,"state":2,"startdate":"20250411092205","enddate":"30000101000000","lastupdate":"20250411092212","msoid":5974,"centroidid":null,"shapeuuid":"1faff408-1d6c-3534-80a8-c824c17b8d56","changetype":"M","processstate":null,"urbanity":"R","Shape__Length":0.07614019324750218,"Shape__Area":0.00034261205011326283,"OBJECTID":26347,"cadid":166314956,"createdate":"20110730023353","modifieddate":"20250411092116"}},
{"type":"Feature","geometry":{"type":"Polygon","coordinates":[[[151.13034649218113,-33.98300430240346],[151.12888066106535,-33.982652009083914],[151.12717016870766,-33.979220225566536],[151.12445062151158,-33.97720883969973],[151.11808831327582,-33.98156496515289],[151.12031877710658,-33.983694048284924],[151.12052676493076,-33.985827836264505],[151.1246149722322,-33.99064235583996],[151.12616749418,-33.98944145612456],[151.13034649218113,-33.98300430240346]]]},"properties":{"suburbname":"KOGARAH BAY","postcode":2217,"state":2,"startdate":"20250416114044","enddate":"30000101000000","lastupdate":"20250416114059","msoid":2409,"centroidid":null,"shapeuuid":"4a8052ba-6d9b-360a-a781-14d9d83a35bf","changetype":"M","processstate":null,"urbanity":"U","Shape__Length":0.04385313165820351,"Shape__Area":0.00008558715349917276,"OBJECTID":26373,"cadid":108031943,"createdate":"19950728000000","modifieddate":"20250416113849"}},
{"type":"Feature","geometry":{"type":"Polygon","coordinates":[[[151.1434270121453,-33.98561154894762],[151.13676464232003,-33.98474020026234],[151.13521089354293,-33.98400733067139],[151.13034649218113,-33.98300430240346],[151.12616749418,-33.98944145612456],[151.1246149722322,-33.99064235583996],[151.12096290079725,-33.99479072788139],[151.11904259229053,-33.9984098642875],[151.11899556766724,-34.0001685132263],[151.1154619185813,-34.000081554536635],[151.11370657163872,-34.00317634967895],[151.12089886499592,-34.005416411583695],[151.13031300979839,-34.00877623629107],[151.1350826865885,-34.009802653727014],[151.13622459505348,-34.00347217518905],[151.1381250634295,-33.99429034425876],[151.14021888041668,-33.993948588380384],[151.14091530050848,-33.99215902255268],[151.14635231958067,-33.992894854176875],[151.14856186326605,-33.99257236561017],[151.14795019182986,-33.98620655160304],[151.1434270121453,-33.98561154894762]]]},"properties":{"suburbname":"SANS SOUCI","postcode":2219,"state":2,"startdate":"20250416114044","enddate":"30000101000000","lastupdate":"20250416114059","msoid":2410,"centroidid":null,"shapeuuid":"64dbf176-ecbf-363a-b2a4-7020ff9c59a8","changetype":"M","processstate":null,"urbanity":"U","Shape__Length":0.1208020836576327,"Shape__Area":0.0004449966246776424,"OBJECTID":26374,"cadid":108031944,"createdate":"19950728000000","modifieddate":"20250416113849"}},
{"type":"Feature","geometry":{"type":"Polygon","coordinates":[[[151.15052889299875,-33.87208245667465],[151.14799599860712,-33.870132985058135],[151.14569231821773,-33.86966332894256],[151.14208102282595,-33.87041491589149],[151.13651480351692,-33.87319633321901],[151.13048498108165,-33.873169311551024],[151.12758158216494,-33.87417734345472],[151.13469524891022,-33.88423455474642],[151.13882048323353,-33.8860442234604],[151.14495744036958,-33.88972494569827],[151.1448830318844,-33.88220561247476],[151.14968935884795,-33.873850972637776],[151.15052889299875,-33.87208245667465]]]},"properties":{"suburbname":"HABERFIELD","postcode":2045,"state":2,"startdate":"20250416154828","enddate":"30000101000000","lastupdate":"20250416154838","msoid":47,"centroidid":null,"shapeuuid":"6d4c4a73-7947-3790-b785-f54476204813","changetype":"M","processstate":null,"urbanity":"U","Shape__Length":0.06830040775327317,"Shape__Area":0.00023380566069581426,"OBJECTID":26377,"cadid":108029581,"createdate":"19950728000000","modifieddate":"20250416154632"}},
{"type":"Feature","geometry":{"type":"Polygon","coordinates":[[[150.87537980456665,-33.987224183495044],[150.87277655135685,-33.98776458538682],[150.87114452852097,-33.986018509510146],[150.86738926769348,-33.98626462541503],[150.86362716523874,-33.985250505175856],[150.85997491105888,-33.98573724086629],[150.85806333336723,-33.98490584275074],[150.85689235340976,-33.985797121168254],[150.85302483494,-33.989329644571875],[150.84911752526727,-33.99463560003412],[150.84427471376395,-33.99918295237094],[150.83331632960324,-34.00616003174658],[150.83249205024438,-34.00696657338327],[150.82868017854634,-34.01068155908014],[150.83108189333484,-34.011564995662404],[150.83697122432588,-34.01181498448589],[150.85949918858208,-34.015619407575144],[150.86168980223735,-34.016302345849375],[150.86562047315002,-34.01506865059287],[150.87059107874057,-34.01718515451082],[150.87324024417376,-34.019237091937676],[150.87457306902803,-34.02152716225142],[150.8779957349805,-34.02022983297404],[150.88147015273879,-34.02291012735618],[150.88322113223944,-34.021713043330514],[150.8863713244652,-34.024922419798266],[150.8859945830213,-34.02139310822123],[150.88715501071735,-34.01221717765891],[150.88844812219264,-34.00542312664762],[150.88579066692324,-34.00246705275568],[150.8796986330741,-33.998740244483194],[150.87524247670498,-33.99471534764646],[150.87079336440758,-33.99177445814196],[150.87537980456665,-33.987224183495044]]]},"properties":{"suburbname":"INGLEBURN","postcode":2565,"state":2,"startdate":"20250417114608","enddate":"30000101000000","lastupdate":"20250417114628","msoid":2441,"centroidid":null,"shapeuuid":"3f63ef24-582a-3b9d-862a-3cf8adfffd14","changetype":"M","processstate":null,"urbanity":"U","Shape__Length":0.18542956855077858,"Shape__Area":0.0012047723000868933,"OBJECTID":26386,"cadid":108031975,"createdate":"19950728000000","modifieddate":"20250417114414"}},
{"type":"Feature","geometry":{"type":"Polygon","coordinates":[[[151.22002224643896,-33.817698506402145],[151.2155717650228,-33.81587033464837],[151.2103887859026,-33.81764598401882],[151.20632313223982,-33.81896703300414],[151.20458261982492,-33.820229252095864],[151.20912119441059,-33.825593676029726],[151.20870805854204,-33.82886731429502],[151.21307963011773,-33.829011383486616],[151.21463956713964,-33.8297783421749],[151.21506032077437,-33.827829167445465],[151.21734942390472,-33.828002565033906],[151.21832714048765,-33.82381251901749],[151.2217047760174,-33.82294303870335],[151.22401840115748,-33.82139958488871],[151.2248456836822,-33.81867382652269],[151.221544050168,-33.81937613045648],[151.22002224643896,-33.817698506402145]]]},"properties":{"suburbname":"CAMMERAY","postcode":2062,"state":2,"startdate":"20250417135225","enddate":"30000101000000","lastupdate":"20250417135239","msoid":64,"centroidid":null,"shapeuuid":"835191ea-5bfe-39d4-bc53-32260256c593","changetype":"M","processstate":null,"urbanity":"U","Shape__Length":0.07070614840194009,"Shape__Area":0.00015139891429344278,"OBJECTID":26399,"cadid":108029598,"createdate":"19950728000000","modifieddate":"20250417135124"}},
{"type":"Feature","geometry":{"type":"Polygon","coordinates":[[[151.15430109114718,-33.966873623933495],[151.14514283876701,-33.96531893860624],[151.1446715232436,-33.96525119737616],[151.14458513754437,-33.96953140686255],[151.14285457567863,-33.97284132824026],[151.1416092713802,-33.97822006079719],[151.1432716858286,-33.978461112713575],[151.1499844777393,-33.97911787127774],[151.15132659712418,-33.97373675353356],[151.15430109114718,-33.966873623933495]]]},"properties":{"suburbname":"MONTEREY","postcode":2217,"state":2,"startdate":"20250422134518","enddate":"30000101000000","lastupdate":"20250422134535","msoid":106,"centroidid":null,"shapeuuid":"40f70700-867b-3ac2-be73-c32eccef2450","changetype":"M","processstate":null,"urbanity":"U","Shape__Length":0.04511974362568327,"Shape__Area":0.00011199866811869431,"OBJECTID":26402,"cadid":108029640,"createdate":"19950728000000","modifieddate":"20250422134432"}},
{"type":"Feature","geometry":{"type":"Polygon","coordinates":[[[151.1499844777393,-33.97911787127774],[151.1432716858286,-33.978461112713575],[151.14256045087694,-33.981937775051264],[151.14412742906208,-33.98216168856313],[151.1434270121453,-33.98561154894762],[151.14795019182986,-33.98620655160304],[151.14846129174902,-33.982686162530484],[151.1499844777393,-33.97911787127774]]]},"properties":{"suburbname":"RAMSGATE BEACH","postcode":2217,"state":2,"startdate":"20250422134518","enddate":"30000101000000","lastupdate":"20250422134535","msoid":1263,"centroidid":null,"shapeuuid":"daae2d92-da02-39b8-a11b-c05b1efc61b6","changetype":"M","processstate":null,"urbanity":"U","Shape__Length":0.030655968872803363,"Shape__Area":0.00003953049823235234,"OBJECTID":26403,"cadid":108030797,"createdate":"19950728000000","modifieddate":"20250422134432"}},
{"type":"Feature","geometry":{"type":"Polygon","coordinates":[[[151.1672082437828,-33.94890752394417],[151.1653324973424,-33.947358338081806],[151.16069377546629,-33.94542658336453],[151.1573521134965,-33.94687583665241],[151.15295634680558,-33.95040218154321],[151.15278204210256,-33.950548696296316],[151.15401750135973,-33.95098456791527],[151.16321398053003,-33.9520027039713],[151.1672082437828,-33.94890752394417]]]},"properties":{"suburbname":"KYEEMAGH","postcode":2216,"state":2,"startdate":"20250422134518","enddate":"30000101000000","lastupdate":"20250422134535","msoid":3575,"centroidid":null,"shapeuuid":"b7cf4bd8-702b-3e94-bb54-8c389f74bd5e","changetype":"M","processstate":null,"urbanity":"U","Shape__Length":0.03694323230480697,"Shape__Area":0.00005647037188420062,"OBJECTID":26404,"cadid":108033109,"createdate":"19950728000000","modifieddate":"20250422134432"}},
{"type":"Feature","geometry":{"type":"Polygon","coordinates":[[[151.200666809827,-33.78485375524645],[151.1970174243459,-33.7848147361666],[151.19606193762309,-33.7861425463015],[151.18062716655768,-33.79092957400652],[151.18018350437686,-33.789145417550834],[151.1724177252586,-33.791613849902944],[151.16863717386926,-33.790542941756655],[151.1664142093352,-33.791959336978536],[151.1657003124392,-33.79350013934604],[151.1677601388654,-33.79478215278629],[151.16658150135908,-33.79735067079295],[151.16507969485102,-33.797085439568775],[151.16251632221338,-33.799334625297824],[151.15910233036874,-33.79812440396323],[151.1593185864361,-33.79891680868245],[151.16074400238054,-33.80243577648126],[151.16474207716465,-33.80397043733926],[151.16760036309967,-33.804031202496255],[151.17278563891242,-33.80695573105068],[151.1793610072417,-33.805380717463805],[151.1835789788566,-33.80287030838573],[151.18731085961724,-33.801449871804834],[151.19247917325796,-33.802402888058225],[151.19384842564548,-33.79934728369364],[151.19511263266637,-33.79314200332524],[151.2025696148925,-33.791080958598656],[151.20300502477997,-33.79022595388209],[151.2008798471647,-33.785315570996296],[151.200666809827,-33.78485375524645]]]},"properties":{"suburbname":"CHATSWOOD","postcode":2067,"state":2,"startdate":"20250422162602","enddate":"30000101000000","lastupdate":"20250422162611","msoid":77,"centroidid":null,"shapeuuid":"902955c1-863a-343b-9165-f6224decc3a8","changetype":"M","processstate":null,"urbanity":"U","Shape__Length":0.13463946718949799,"Shape__Area":0.00047929599146355185,"OBJECTID":26409,"cadid":108029611,"createdate":"19950728000000","modifieddate":"20250422162518"}},
{"type":"Feature","geometry":{"type":"MultiPolygon","coordinates":[[[[151.1664142093352,-33.791959336978536],[151.16228982809744,-33.79130623258851],[151.16133044161606,-33.792094167785564],[151.15705493317662,-33.7919873831123],[151.15770369253977,-33.79615827420578],[151.15910233036874,-33.79812440396323],[151.16251632221338,-33.799334625297824],[151.16507969485102,-33.797085439568775],[151.16658150135908,-33.79735067079295],[151.1677601388654,-33.79478215278629],[151.1657003124392,-33.79350013934604],[151.1664142093352,-33.791959336978536]]],[[[151.15414578371133,-33.800091320264826],[151.15738108161003,-33.80044467100363],[151.15870392701277,-33.798705409458556],[151.15728181323198,-33.796685683807894],[151.15678137269435,-33.792608657551185],[151.15451449185645,-33.79329625799567],[151.1548899443091,-33.79614445884943],[151.15340378310734,-33.799031654031296],[151.15414578371133,-33.800091320264826]]]]},"properties":{"suburbname":"CHATSWOOD WEST","postcode":2067,"state":2,"startdate":"20250422162602","enddate":"30000101000000","lastupdate":"20250422162611","msoid":1226,"centroidid":null,"shapeuuid":"884b1a3a-e24d-39ac-907f-89a4d8ed5aca","changetype":"M","processstate":null,"urbanity":"U","Shape__Length":0.05995210401044883,"Shape__Area":0.00008136138976289796,"OBJECTID":26410,"cadid":108030760,"createdate":"19950728000000","modifieddate":"20250422162518"}},
{"type":"Feature","geometry":{"type":"Polygon","coordinates":[[[150.93391238227613,-33.687391024151246],[150.93221456174513,-33.68897232550819],[150.93520652126156,-33.69676001547163],[150.93160627610524,-33.69678666732496],[150.9288077961363,-33.70032799317651],[150.93032803035507,-33.704193714173186],[150.93668698867515,-33.706233032107626],[150.9414802271148,-33.70842623302018],[150.9428907259503,-33.70565495356068],[150.9462625578138,-33.703605128359946],[150.95561746840178,-33.70076280946367],[150.94939194808865,-33.69635282834271],[150.94726859157285,-33.693720198831635],[150.9458414742795,-33.689888976007644],[150.9438381073942,-33.68787372914625],[150.94140766327487,-33.68855453308406],[150.93391238227613,-33.687391024151246]]]},"properties":{"suburbname":"BEAUMONT HILLS","postcode":2155,"state":2,"startdate":"20250423182721","enddate":"30000101000000","lastupdate":"20250423182742","msoid":2306,"centroidid":null,"shapeuuid":"30b19142-3b87-3a5e-bdcf-da995afadaff","changetype":"M","processstate":null,"urbanity":"U","Shape__Length":0.08814101402091906,"Shape__Area":0.0003038320926031066,"OBJECTID":26428,"cadid":108031840,"createdate":"20031111135024","modifieddate":"20250423182602"}},
{"type":"Feature","geometry":{"type":"Polygon","coordinates":[[[150.91338287415851,-33.96477516362273],[150.91223086599322,-33.95758590825724],[150.91226732544476,-33.95378231991976],[150.91363797355334,-33.949819045925395],[150.91622038773883,-33.94623397433555],[150.91829158247137,-33.94494537795963],[150.91897000150277,-33.93901799480576],[150.9106705749131,-33.937617634809044],[150.9054867609027,-33.93842496142846],[150.89594061020384,-33.94623336253952],[150.89271807244748,-33.94778291608011],[150.8819161758738,-33.95066659074254],[150.87782062653653,-33.95369926913608],[150.87667398548132,-33.95673282209455],[150.87469126800352,-33.966775133832556],[150.8824862380856,-33.961652736496674],[150.8869165269061,-33.95819524691438],[150.89027375328203,-33.961051684066426],[150.8992512350337,-33.96190295003862],[150.9011608811178,-33.963642227922335],[150.90309603961785,-33.96337467918997],[150.9129015059176,-33.96471866542582],[150.91338287415851,-33.96477516362273]]]},"properties":{"suburbname":"CASULA","postcode":2170,"state":2,"startdate":"20250428145840","enddate":"30000101000000","lastupdate":"20250428145910","msoid":142,"centroidid":null,"shapeuuid":"2d2a9dcf-588a-36b3-8130-a735c7b1c78c","changetype":"M","processstate":null,"urbanity":"U","Shape__Length":0.1340460957858832,"Shape__Area":0.0006721873355046507,"OBJECTID":26450,"cadid":108029676,"createdate":"19950728000000","modifieddate":"20250428145651"}},
{"type":"Feature","geometry":{"type":"Polygon","coordinates":[[[150.9129015059176,-33.96471866542582],[150.90309603961785,-33.96337467918997],[150.9011608811178,-33.963642227922335],[150.8992512350337,-33.96190295003862],[150.89027375328203,-33.961051684066426],[150.8869165269061,-33.95819524691438],[150.8824862380856,-33.961652736496674],[150.87469126800352,-33.966775133832556],[150.87320211068402,-33.972501196858246],[150.87205595393445,-33.974616740151035],[150.87540950092801,-33.97758794539978],[150.87515985861137,-33.978776765572206],[150.87889653913837,-33.98125057168262],[150.88106411430886,-33.97785394116763],[150.88454744882816,-33.97635106224768],[150.88698720525647,-33.977432687007614],[150.88905764415478,-33.98066916316684],[150.89080780960236,-33.98192866668956],[150.8946516669863,-33.98222428752063],[150.8958687715539,-33.98370045018473],[150.903221266696,-33.98295483242945],[150.91071030115955,-33.978952745738155],[150.9129015059176,-33.96471866542582]]]},"properties":{"suburbname":"GLENFIELD","postcode":2167,"state":2,"startdate":"20250428145840","enddate":"30000101000000","lastupdate":"20250428145910","msoid":3605,"centroidid":null,"shapeuuid":"8d166742-bb56-38f7-a87e-5814fc5a0076","changetype":"M","processstate":null,"urbanity":"R","Shape__Length":0.11933674518292241,"Shape__Area":0.0006785928207194426,"OBJECTID":26451,"cadid":108033139,"createdate":"19950728000000","modifieddate":"20250428145651"}},
{"type":"Feature","geometry":{"type":"Polygon","coordinates":[[[150.85689235340976,-33.985797121168254],[150.85806333336723,-33.98490584275074],[150.8651409434714,-33.98106380045583],[150.8694095423012,-33.97796434955305],[150.87205595393445,-33.974616740151035],[150.87320211068402,-33.972501196858246],[150.87469126800352,-33.966775133832556],[150.86533865374255,-33.97168542741217],[150.86211413695543,-33.972355548555385],[150.85861284858387,-33.97400461136174],[150.85175828362708,-33.9764218258972],[150.8501583430278,-33.978143733471654],[150.8534806314676,-33.98617206823241],[150.85689235340976,-33.985797121168254]]]},"properties":{"suburbname":"BARDIA","postcode":2565,"state":2,"startdate":"20250428145840","enddate":"30000101000000","lastupdate":"20250428145910","msoid":5535,"centroidid":null,"shapeuuid":"07ce31e8-c8bd-37d4-aedd-8b7702123894","changetype":"M","processstate":null,"urbanity":"R","Shape__Length":0.06748035706972833,"Shape__Area":0.0002084801299132672,"OBJECTID":26452,"cadid":163494748,"createdate":"20091221190947","modifieddate":"20250428145651"}},
{"type":"Feature","geometry":{"type":"Polygon","coordinates":[[[150.96586100741476,-33.841125912881644],[150.96374835060806,-33.84081124942361],[150.96272874825414,-33.844692960344425],[150.96052274186695,-33.84419085515804],[150.9585185430107,-33.850066785625145],[150.95645758033743,-33.849703485516],[150.9551526318463,-33.854239178236604],[150.95951807370082,-33.85510202680959],[150.960012642856,-33.853641622466846],[150.97086735957583,-33.85576995707181],[150.97285362226063,-33.848776121060595],[150.96972884810086,-33.844613395986364],[150.96586100741476,-33.841125912881644]]]},"properties":{"suburbname":"GUILDFORD WEST","postcode":2161,"state":2,"startdate":"20250428182742","enddate":"30000101000000","lastupdate":"20250428182811","msoid":3626,"centroidid":null,"shapeuuid":"005aaabf-0254-3dac-80fd-a264e91c2c0b","changetype":"M","processstate":null,"urbanity":"U","Shape__Length":0.05967709603855055,"Shape__Area":0.00015790221893988854,"OBJECTID":26454,"cadid":108033160,"createdate":"19950728000000","modifieddate":"20250428182609"}},
{"type":"Feature","geometry":{"type":"Polygon","coordinates":[[[151.19913004733954,-33.89515329261239],[151.1975314020644,-33.894948357140855],[151.1973033685625,-33.89715515802967],[151.1891430174894,-33.89819950738656],[151.19213505054148,-33.90206370223922],[151.18711075001585,-33.90762790441155],[151.18145639741516,-33.907285066540304],[151.18124868746983,-33.91333170424714],[151.18559434473903,-33.91588760758713],[151.18599060709533,-33.917286177058365],[151.18069501004646,-33.919252960612376],[151.19649552159595,-33.92146393497382],[151.19942975023204,-33.91856230779469],[151.2008671659749,-33.914616545266426],[151.19799357727211,-33.913433736053754],[151.2002523342854,-33.90835190458299],[151.20283273015653,-33.90871184521431],[151.2028433072706,-33.90549823084412],[151.2004361889122,-33.90011118545758],[151.19913004733954,-33.89515329261239]]]},"properties":{"suburbname":"ALEXANDRIA","postcode":2015,"state":2,"startdate":"20250429162328","enddate":"30000101000000","lastupdate":"20250429162356","msoid":2411,"centroidid":null,"shapeuuid":"54b1d639-660f-3f1a-a993-0b1f8b612e04","changetype":"M","processstate":null,"urbanity":"U","Shape__Length":0.10132065702084446,"Shape__Area":0.0003435029265927574,"OBJECTID":26466,"cadid":108031945,"createdate":"19950728000000","modifieddate":"20250429162251"}},
{"type":"Feature","geometry":{"type":"Polygon","coordinates":[[[151.02470094970042,-33.710373493182885],[151.021104267197,-33.709887785977784],[151.0185002035626,-33.713014790552116],[151.02108488296716,-33.71446582498955],[151.01938721095559,-33.716537423056806],[151.01615249892356,-33.71468438106753],[151.0115298566502,-33.71514494634778],[151.0081372668708,-33.71442946670819],[151.00207978886118,-33.7145998946077],[150.99515462578108,-33.71317787280886],[150.99382023798609,-33.70776074159632],[150.9900809928232,-33.7056119575657],[150.98876625888477,-33.70339446138492],[150.98413953519508,-33.703462556629916],[150.98272646282706,-33.70849960863158],[150.9833089303955,-33.711182684969245],[150.9670879015064,-33.71602401591799],[150.96815528538716,-33.71792194749866],[150.96371868357443,-33.7196673087579],[150.96630976831636,-33.721542193139285],[150.96970114907265,-33.72276712389485],[150.9727252246953,-33.725497789070126],[150.97220556963842,-33.73250102920576],[150.97342845107207,-33.73436948794608],[150.9773716530796,-33.73567830161155],[150.9825169847768,-33.7364882991954],[150.98545345191877,-33.741941247848644],[150.99192010394802,-33.74490822548725],[150.99389549511923,-33.74702488120367],[150.99978854137333,-33.75018612054793],[151.00404957126648,-33.75050731594287],[151.00532518251345,-33.75309503805906],[151.00891863316485,-33.75512077186507],[151.00860463918232,-33.756952500620926],[151.00945976928577,-33.75506377855439],[151.00871524352564,-33.753934271917345],[151.01209903815865,-33.7519996804195],[151.01200323524466,-33.75020740173243],[151.02149429786724,-33.74212702658921],[151.02218832181748,-33.73917672865257],[151.02120851227826,-33.738443431869236],[151.02139980954843,-33.735038635581084],[151.02353808467308,-33.73236511846873],[151.02504321200027,-33.73214917522409],[151.03000949697247,-33.72641836047672],[151.03106520537486,-33.72611309298153],[151.03189955418105,-33.721671471703],[151.0315486432159,-33.719965161359085],[151.02745773184535,-33.71530795783018],[151.02470094970042,-33.710373493182885]]]},"properties":{"suburbname":"CASTLE HILL","postcode":2154,"state":2,"startdate":"20250502072728","enddate":"30000101000000","lastupdate":"20250502074102","msoid":1194,"centroidid":null,"shapeuuid":"20208f5a-aec2-35e5-ad55-ebdba192e3b7","changetype":"M","processstate":null,"urbanity":"U","Shape__Length":0.2467880008122429,"Shape__Area":0.0018367960985230993,"OBJECTID":26481,"cadid":108030728,"createdate":"19950728000000","modifieddate":"20250502072550"}},
{"type":"Feature","geometry":{"type":"Polygon","coordinates":[[[150.9945197075597,-33.68865309509995],[150.99063738963244,-33.688634786513596],[150.9888242726562,-33.69161263807741],[150.98672130029937,-33.69194214591376],[150.9821727381697,-33.69047208676785],[150.98188970644605,-33.69186720388659],[150.9752905773767,-33.690935562930015],[150.97182075514127,-33.69196976538447],[150.96874065269998,-33.69042249405895],[150.96734006267974,-33.6909735912296],[150.9687966784951,-33.69279730201005],[150.9720337509277,-33.69412749214053],[150.97393768642897,-33.69653685591527],[150.97929335476428,-33.699536538977995],[150.98054281085916,-33.698588830748044],[150.98413953519508,-33.703462556629916],[150.98876625888477,-33.70339446138492],[150.9900809928232,-33.7056119575657],[150.99382023798609,-33.70776074159632],[150.99515462578108,-33.71317787280886],[151.00207978886118,-33.7145998946077],[151.0081372668708,-33.71442946670819],[151.0115298566502,-33.71514494634778],[151.01615249892356,-33.71468438106753],[151.01938721095559,-33.716537423056806],[151.02108488296716,-33.71446582498955],[151.0185002035626,-33.713014790552116],[151.021104267197,-33.709887785977784],[151.02470094970042,-33.710373493182885],[151.0225533801965,-33.7071955874081],[151.01594530617115,-33.70419723001968],[151.01175037489966,-33.70274650353903],[151.01208364177833,-33.699918436090215],[151.00998837717182,-33.69873917909524],[151.00950839687403,-33.696414535967385],[151.0062835350598,-33.69512149021953],[151.0057586729646,-33.69777127346279],[151.00359457213293,-33.69747592714892],[151.00418901634234,-33.6930072024051],[150.99828568428936,-33.69219538295648],[150.99773541670328,-33.68895470869246],[150.9945197075597,-33.68865309509995]]]},"properties":{"suburbname":"GLENHAVEN","postcode":2156,"state":2,"startdate":"20250502072728","enddate":"30000101000000","lastupdate":"20250502074102","msoid":3507,"centroidid":null,"shapeuuid":"84c1fb2b-c6bb-39e7-876b-e764feba273c","changetype":"M","processstate":null,"urbanity":"U","Shape__Length":0.1774863159237386,"Shape__Area":0.0007016397044144419,"OBJECTID":26482,"cadid":108033041,"createdate":"19950728000000","modifieddate":"20250502072550"}},
{"type":"Feature","geometry":{"type":"Polygon","coordinates":[[[150.8699321653094,-33.87241208375782],[150.87036487803235,-33.865523367889296],[150.87217281501552,-33.8617351154087],[150.8762316267047,-33.85148200941808],[150.87593041505988,-33.84843796471628],[150.8727387135555,-33.846460777156565],[150.87160581519814,-33.84800138719418],[150.86835221375603,-33.84928948071687],[150.86881872369753,-33.85198649386414],[150.87075135753315,-33.85689633037242],[150.86780947233117,-33.85997946540052],[150.86410720313168,-33.862049281279724],[150.86335176741403,-33.86452426464139],[150.85367224303036,-33.86314808811775],[150.85238463298134,-33.86964144723899],[150.84245310517164,-33.876235954076485],[150.84753978009897,-33.87949281556825],[150.85053852509475,-33.88231008233441],[150.85387306160945,-33.88376686792759],[150.86468633361434,-33.8834275882907],[150.8694348751251,-33.87466571763581],[150.8699321653094,-33.87241208375782]]]},"properties":{"suburbname":"ABBOTSBURY","postcode":2176,"state":2,"startdate":"20250502124053","enddate":"30000101000000","lastupdate":"20250502124059","msoid":136,"centroidid":null,"shapeuuid":"dcfc17fc-8455-3e04-a6ca-0309cf956117","changetype":"M","processstate":null,"urbanity":"U","Shape__Length":0.12311298797168221,"Shape__Area":0.00048331920953361264,"OBJECTID":26485,"cadid":108029670,"createdate":"19950728000000","modifieddate":"20250502123959"}},
{"type":"Feature","geometry":{"type":"Polygon","coordinates":[[[150.85367224303036,-33.86314808811775],[150.832501345938,-33.86030246549804],[150.82926850203265,-33.85834077892691],[150.82778286128325,-33.85651548092026],[150.82552984202974,-33.856251753450806],[150.8201956820488,-33.85270311277172],[150.8151128171364,-33.879214779104906],[150.80815612232286,-33.88060624108452],[150.79972305595112,-33.88076673121579],[150.79782854025436,-33.883259885709585],[150.80231426566434,-33.883867338525434],[150.80098174272814,-33.890508700081014],[150.80178960326154,-33.89237326040122],[150.7995897785271,-33.89348795601246],[150.801498867387,-33.899380395978305],[150.80014299356952,-33.90249730654929],[150.79641981942612,-33.90611041147753],[150.8049715172685,-33.90693937254889],[150.8070797162626,-33.90746932317761],[150.80763062805755,-33.90462021184575],[150.80492014167123,-33.89825497935789],[150.81000964372063,-33.89674801268977],[150.81272042006367,-33.90311310627167],[150.8184141776469,-33.900227579636216],[150.82476897389574,-33.909834475232984],[150.83078072371427,-33.91066461311031],[150.83582919958985,-33.911375988847674],[150.83800013697777,-33.909121065690904],[150.83730605419086,-33.90502870836017],[150.8407682827958,-33.9040282413881],[150.84628776839153,-33.904568914884024],[150.8443405683155,-33.901655791822414],[150.8409329273517,-33.89928055316452],[150.8417797732066,-33.89525101201101],[150.84050135342346,-33.89648725883997],[150.8378320208416,-33.896170341096315],[150.83738619112924,-33.89195816506665],[150.8353877903303,-33.89372988563334],[150.835699634222,-33.8955656159207],[150.8274237107065,-33.89217551221579],[150.82521490493016,-33.890492520503095],[150.82417675402817,-33.88768367109224],[150.82477447630473,-33.886349641274855],[150.82399042927153,-33.87890848173166],[150.82858591855089,-33.87558217695019],[150.83376649003088,-33.875717408730374],[150.83906241656587,-33.87467779638152],[150.84245310517164,-33.876235954076485],[150.85238463298134,-33.86964144723899],[150.85367224303036,-33.86314808811775]]]},"properties":{"suburbname":"CECIL PARK","postcode":2178,"state":2,"startdate":"20250502124053","enddate":"30000101000000","lastupdate":"20250502124059","msoid":138,"centroidid":null,"shapeuuid":"c0667341-6726-377c-aa92-681b6926dd16","changetype":"M","processstate":null,"urbanity":"R","Shape__Length":0.2867920523884073,"Shape__Area":0.0014065638684603668,"OBJECTID":26486,"cadid":108029672,"createdate":"19950728000000","modifieddate":"20250502123959"}},
{"type":"Feature","geometry":{"type":"Polygon","coordinates":[[[150.98025096013322,-33.869805244843725],[150.96986139825665,-33.86841736126133],[150.96301210388364,-33.869057112867395],[150.96171558063824,-33.87080503887408],[150.96485173766015,-33.87341072956508],[150.9657860880351,-33.877340410900835],[150.9666987588997,-33.88129732149578],[150.96777787137972,-33.88219921933897],[150.97539901442946,-33.88064711984213],[150.97614114771545,-33.87664511740406],[150.98056944347607,-33.87726003166257],[150.98119450526704,-33.87638999347469],[150.98549956324737,-33.870495757411916],[150.98025096013322,-33.869805244843725]]]},"properties":{"suburbname":"FAIRFIELD EAST","postcode":2165,"state":2,"startdate":"20250502132925","enddate":"30000101000000","lastupdate":"20250502132942","msoid":3608,"centroidid":null,"shapeuuid":"179a08de-cde1-3d17-8b0c-05ec86aa1db0","changetype":"M","processstate":null,"urbanity":"U","Shape__Length":0.06466083703666456,"Shape__Area":0.0001933219403278493,"OBJECTID":26493,"cadid":108033142,"createdate":"19950728000000","modifieddate":"20250502132829"}},
{"type":"Feature","geometry":{"type":"Polygon","coordinates":[[[151.14906182730513,-33.88990135384831],[151.14495744036958,-33.88972494569827],[151.14293288243923,-33.89526986014616],[151.1423781126742,-33.89662267173546],[151.14520966854477,-33.899118727124375],[151.14545369358137,-33.90037065177875],[151.14904059064924,-33.901027992234],[151.14971404197803,-33.89396858443337],[151.15037705790908,-33.89313473426787],[151.14906182730513,-33.88990135384831]]]},"properties":{"suburbname":"LEWISHAM","postcode":2049,"state":2,"startdate":"20250502162236","enddate":"30000101000000","lastupdate":"20250502163446","msoid":1255,"centroidid":null,"shapeuuid":"842c8fa9-85d2-374a-8139-85e9d0a56774","changetype":"M","processstate":null,"urbanity":"U","Shape__Length":0.03851250182707471,"Shape__Area":0.00006129837465440129,"OBJECTID":26500,"cadid":108030789,"createdate":"19950728000000","modifieddate":"20250502161923"}},
{"type":"Feature","geometry":{"type":"Polygon","coordinates":[[[151.14293288243923,-33.89526986014616],[151.14495744036958,-33.88972494569827],[151.13882048323353,-33.8860442234604],[151.13166521579734,-33.88969609061066],[151.13167331424813,-33.898028643640956],[151.1297162895111,-33.89843513271711],[151.12953816445147,-33.90071546508893],[151.1320324568123,-33.90087466640922],[151.13374243333726,-33.89897918505176],[151.13873156127838,-33.89554017849414],[151.14293288243923,-33.89526986014616]]]},"properties":{"suburbname":"SUMMER HILL","postcode":2130,"state":2,"startdate":"20250502162236","enddate":"30000101000000","lastupdate":"20250502163446","msoid":2394,"centroidid":null,"shapeuuid":"360c0394-71d3-36eb-a760-1d4174d4abdf","changetype":"M","processstate":null,"urbanity":"U","Shape__Length":0.05385572086624263,"Shape__Area":0.00011858290928518744,"OBJECTID":26501,"cadid":108031928,"createdate":"19950728000000","modifieddate":"20250502161923"}},
{"type":"Feature","geometry":{"type":"Polygon","coordinates":[[[151.05029508588706,-33.846259521311175],[151.05468966371984,-33.843823961025166],[151.05957450266,-33.83637836969879],[151.0618323818775,-33.83557326587489],[151.062565022339,-33.833515378790764],[151.05928495163798,-33.83257722303048],[151.05438978680743,-33.831354631417085],[151.05305536797135,-33.835091378523465],[151.05451658945435,-33.83545501764429],[151.0526623067925,-33.840653261804384],[151.04906563433738,-33.84071150757261],[151.04703168574943,-33.84361499116179],[151.05029508588706,-33.846259521311175]]]},"properties":{"suburbname":"NEWINGTON","postcode":2127,"state":2,"startdate":"20250514151547","enddate":"30000101000000","lastupdate":"20250514151603","msoid":1132,"centroidid":null,"shapeuuid":"b2de0532-0f70-3948-9a17-46ef80427f9f","changetype":"M","processstate":null,"urbanity":"U","Shape__Length":0.05048080736719718,"Shape__Area":0.00008762965313723747,"OBJECTID":26564,"cadid":108030666,"createdate":"19980622102122","modifieddate":"20250514151509"}},
{"type":"Feature","geometry":{"type":"Polygon","coordinates":[[[151.05928495163798,-33.83257722303048],[151.06035748518175,-33.8295772396761],[151.05720240605112,-33.82609364196663],[151.05542109413418,-33.82565205779866],[151.054419776312,-33.828463827296346],[151.05075285061926,-33.82722214702522],[151.05123812864912,-33.8246841024908],[151.04924403177847,-33.82427589806318],[151.04596256365943,-33.82935430378381],[151.04326845187944,-33.8295942841442],[151.0384364007178,-33.832070380082236],[151.0350318638131,-33.8319364036364],[151.03008291080124,-33.83516461631495],[151.04065331204063,-33.84066872929341],[151.04462560056925,-33.84227956887356],[151.04703168574943,-33.84361499116179],[151.04906563433738,-33.84071150757261],[151.0526623067925,-33.840653261804384],[151.05451658945435,-33.83545501764429],[151.05305536797135,-33.835091378523465],[151.05438978680743,-33.831354631417085],[151.05928495163798,-33.83257722303048]]]},"properties":{"suburbname":"SILVERWATER","postcode":2128,"state":2,"startdate":"20250514151547","enddate":"30000101000000","lastupdate":"20250514151603","msoid":3518,"centroidid":null,"shapeuuid":"9f1e0722-561c-3858-b286-e17d5d8a8798","changetype":"M","processstate":null,"urbanity":"U","Shape__Length":0.08871667353076042,"Shape__Area":0.0002622630279260111,"OBJECTID":26565,"cadid":108033052,"createdate":"19950728000000","modifieddate":"20250514151509"}},
{"type":"Feature","geometry":{"type":"Polygon","coordinates":[[[151.1262145654824,-33.9629783102882],[151.122204133799,-33.964653126189475],[151.11945841422033,-33.962004188259755],[151.11784423386953,-33.96154673935332],[151.11440654468188,-33.96407835855256],[151.11283322558666,-33.962418185960736],[151.11197529397126,-33.964632016015685],[151.11624416672544,-33.969573552501664],[151.11561643216547,-33.96994760204285],[151.11896076573402,-33.969498290148714],[151.12032008783166,-33.97196677517637],[151.11681123519125,-33.97615176187152],[151.11420102510255,-33.97659910864062],[151.11338697808728,-33.97789979495408],[151.11613199561666,-33.98088719131859],[151.11808831327582,-33.98156496515289],[151.12445062151158,-33.97720883969973],[151.13107628131002,-33.97257230264207],[151.1269573579556,-33.96837586403988],[151.12876980540108,-33.966646752585746],[151.1262145654824,-33.9629783102882]]]},"properties":{"suburbname":"CARLTON","postcode":2218,"state":2,"startdate":"20250521113803","enddate":"30000101000000","lastupdate":"20250521113830","msoid":2405,"centroidid":null,"shapeuuid":"8924a059-6bac-3992-b15b-68031f694eea","changetype":"M","processstate":null,"urbanity":"U","Shape__Length":0.10666438937805789,"Shape__Area":0.00020082041954081799,"OBJECTID":26598,"cadid":108031939,"createdate":"19950728000000","modifieddate":"20250521113624"}},
{"type":"Feature","geometry":{"type":"Polygon","coordinates":[[[151.2240928119188,-33.83769440755913],[151.2228948052926,-33.837482616521484],[151.22040421103364,-33.84189920032413],[151.22211782406202,-33.8431543941205],[151.22310548347127,-33.84613082404721],[151.2252587081505,-33.84543483727095],[151.2244333274408,-33.843428044602376],[151.22482263556168,-33.83927140819606],[151.2240928119188,-33.83769440755913]]]},"properties":{"suburbname":"KURRABA POINT","postcode":2089,"state":2,"startdate":"20250529121110","enddate":"30000101000000","lastupdate":"20250529121145","msoid":5950,"centroidid":null,"shapeuuid":"e47a75f5-ea51-3321-b514-3538ef437b76","changetype":"M","processstate":null,"urbanity":"U","Shape__Length":0.02704997422184689,"Shape__Area":0.000023515716191010744,"OBJECTID":26652,"cadid":164196276,"createdate":"20100607201709","modifieddate":"20250529121000"}},
{"type":"Feature","geometry":{"type":"Polygon","coordinates":[[[151.1246149722322,-33.99064235583996],[151.12052676493076,-33.985827836264505],[151.12031877710658,-33.983694048284924],[151.11808831327582,-33.98156496515289],[151.11555511999808,-33.98211998573886],[151.1120624047653,-33.9871407292266],[151.11353270200283,-33.989001733043494],[151.12096290079725,-33.99479072788139],[151.1246149722322,-33.99064235583996]]]},"properties":{"suburbname":"CARSS PARK","postcode":2221,"state":2,"startdate":"20250529153005","enddate":"30000101000000","lastupdate":"20250529153019","msoid":1251,"centroidid":null,"shapeuuid":"26ba2c85-4958-3311-a17e-2b10e28e59d3","changetype":"M","processstate":null,"urbanity":"U","Shape__Length":0.03935842459046015,"Shape__Area":0.00008314631343052193,"OBJECTID":26654,"cadid":108030785,"createdate":"19950728000000","modifieddate":"20250529152920"}},
{"type":"Feature","geometry":{"type":"Polygon","coordinates":[[[151.16430866094788,-33.915770664980435],[151.16733525791676,-33.91372239812059],[151.1750337281989,-33.90881224543886],[151.1730063702336,-33.904793799955634],[151.17022917295566,-33.90096343307096],[151.16925773207282,-33.90155287708538],[151.16408469056014,-33.89978890937015],[151.16100576338513,-33.898525803273024],[151.1587023390732,-33.898150697511845],[151.1561370799717,-33.90115745822176],[151.14904059064924,-33.901027992234],[151.14884216110534,-33.903683573974284],[151.14366444822107,-33.90854181927627],[151.14567346077976,-33.91093072612637],[151.14049481065356,-33.91115030482015],[151.13661676194235,-33.91408710596336],[151.1396729136971,-33.91564455498373],[151.14009267256253,-33.91698642548224],[151.13726664700846,-33.919170339539995],[151.1367955784916,-33.92107796142462],[151.1410733215468,-33.92280499915325],[151.14549982407314,-33.92237027715719],[151.14812814688702,-33.92119831839649],[151.14997401689476,-33.92291181968066],[151.1548324746553,-33.92366435159754],[151.1549753067205,-33.92626642290733],[151.15514455382112,-33.926476483872946],[151.15703608856688,-33.920757756321514],[151.16430866094788,-33.915770664980435]]]},"properties":{"suburbname":"MARRICKVILLE","postcode":2204,"state":2,"startdate":"20250603113230","enddate":"30000101000000","lastupdate":"20250603113406","msoid":2412,"centroidid":null,"shapeuuid":"86146cba-08f6-3955-b418-f8452df7ecc8","changetype":"M","processstate":null,"urbanity":"U","Shape__Length":0.13142899175547704,"Shape__Area":0.0005609282665168028,"OBJECTID":26670,"cadid":108031946,"createdate":"19950728000000","modifieddate":"20250603112942"}},
{"type":"Feature","geometry":{"type":"Polygon","coordinates":[[[151.14904059064924,-33.901027992234],[151.14545369358137,-33.90037065177875],[151.14520966854477,-33.899118727124375],[151.1423781126742,-33.89662267173546],[151.14293288243923,-33.89526986014616],[151.13873156127838,-33.89554017849414],[151.13374243333726,-33.89897918505176],[151.1320324568123,-33.90087466640922],[151.1285135008026,-33.9047647568818],[151.13438351012735,-33.90574809532583],[151.134996787741,-33.913077931905164],[151.13661676194235,-33.91408710596336],[151.14049481065356,-33.91115030482015],[151.14567346077976,-33.91093072612637],[151.14366444822107,-33.90854181927627],[151.14884216110534,-33.903683573974284],[151.14904059064924,-33.901027992234]]]},"properties":{"suburbname":"DULWICH HILL","postcode":2203,"state":2,"startdate":"20250603113230","enddate":"30000101000000","lastupdate":"20250603113406","msoid":3567,"centroidid":null,"shapeuuid":"3e0ffb93-7103-34fc-9067-ad05b92137ec","changetype":"M","processstate":null,"urbanity":"U","Shape__Length":0.07104708500312963,"Shape__Area":0.00020283326278852415,"OBJECTID":26671,"cadid":108033101,"createdate":"19950728000000","modifieddate":"20250603112942"}},
{"type":"Feature","geometry":{"type":"Polygon","coordinates":[[[150.98413953519508,-33.703462556629916],[150.98054281085916,-33.698588830748044],[150.97929335476428,-33.699536538977995],[150.97393768642897,-33.69653685591527],[150.9720337509277,-33.69412749214053],[150.9687966784951,-33.69279730201005],[150.96960651371998,-33.69465040686638],[150.9688195568628,-33.69655564636332],[150.95561746840178,-33.70076280946367],[150.9462625578138,-33.703605128359946],[150.9428907259503,-33.70565495356068],[150.9414802271148,-33.70842623302018],[150.93668698867515,-33.706233032107626],[150.93032803035507,-33.704193714173186],[150.93091932912407,-33.70674712385114],[150.93783550397515,-33.72035453769885],[150.94238744496914,-33.71912955209618],[150.945123505654,-33.72404609750288],[150.94903370935094,-33.722901526686655],[150.95077884193302,-33.72692584260503],[150.95470141944824,-33.72575084762696],[150.95477581953995,-33.72406513514334],[150.95720975686095,-33.72234617235997],[150.96086795457322,-33.7218110108183],[150.96371868357443,-33.7196673087579],[150.96815528538716,-33.71792194749866],[150.9670879015064,-33.71602401591799],[150.9833089303955,-33.711182684969245],[150.98272646282706,-33.70849960863158],[150.98413953519508,-33.703462556629916]]]},"properties":{"suburbname":"KELLYVILLE","postcode":2155,"state":2,"startdate":"20250610111122","enddate":"30000101000000","lastupdate":"20250610111145","msoid":1319,"centroidid":null,"shapeuuid":"7c2268e3-3d48-32c4-abab-1de2a8eafa49","changetype":"M","processstate":null,"urbanity":"U","Shape__Length":0.1565359137088858,"Shape__Area":0.0009134113236104882,"OBJECTID":26712,"cadid":108030853,"createdate":"19950728000000","modifieddate":"20250610111029"}},
{"type":"Feature","geometry":{"type":"Polygon","coordinates":[[[151.2056669838626,-33.84273204804189],[151.2005535826627,-33.84040968127737],[151.19971456780038,-33.84189013946277],[151.19992184576782,-33.84462945337382],[151.20239711585825,-33.84639754746317],[151.20432168006127,-33.848934309711716],[151.20622682971387,-33.848893532620856],[151.20626819202315,-33.84625229378322],[151.20457376983342,-33.84538685812748],[151.2056669838626,-33.84273204804189]]]},"properties":{"suburbname":"MCMAHONS POINT","postcode":2060,"state":2,"startdate":"20250617131708","enddate":"30000101000000","lastupdate":"20250617131728","msoid":65,"centroidid":null,"shapeuuid":"ab038b1c-7e9a-3d60-a753-541da3b5624d","changetype":"M","processstate":null,"urbanity":"U","Shape__Length":0.03637938444642435,"Shape__Area":0.00003439740211362901,"OBJECTID":26740,"cadid":108029599,"createdate":"19950728000000","modifieddate":"20250617131629"}},
{"type":"Feature","geometry":{"type":"Polygon","coordinates":[[[151.08079139719283,-33.80310201090395],[151.07910808226205,-33.79784142104025],[151.07311966542397,-33.7983872775708],[151.07522956612007,-33.80381186515491],[151.08079139719283,-33.80310201090395]]]},"properties":{"suburbname":"DENISTONE WEST","postcode":2114,"state":2,"startdate":"20250623152109","enddate":"30000101000000","lastupdate":"20250623152126","msoid":70,"centroidid":null,"shapeuuid":"b6f10ad8-c262-3390-997c-306f5ddb06ec","changetype":"M","processstate":null,"urbanity":"U","Shape__Length":0.02587113786419134,"Shape__Area":0.00003119881956261002,"OBJECTID":26764,"cadid":108029604,"createdate":"19950728000000","modifieddate":"20250623152042"}},
{"type":"Feature","geometry":{"type":"Polygon","coordinates":[[[151.28485211632687,-33.883352644564816],[151.28348256838487,-33.87997426381009],[151.28317716848377,-33.876688309715824],[151.28435373666593,-33.87469675959124],[151.2840796876711,-33.865437228970784],[151.27886975765438,-33.864666625436364],[151.27885921778213,-33.86850143919018],[151.27740246609466,-33.87857920607375],[151.27936971510357,-33.88080148665694],[151.281320651155,-33.88105153504283],[151.28242440540836,-33.88299486696911],[151.28485211632687,-33.883352644564816]]]},"properties":{"suburbname":"DOVER HEIGHTS","postcode":2030,"state":2,"startdate":"20250623140349","enddate":"30000101000000","lastupdate":"20250623140402","msoid":122,"centroidid":null,"shapeuuid":"dbca8b91-302b-3925-861d-59b36816af34","changetype":"M","processstate":null,"urbanity":"U","Shape__Length":0.05971525021556737,"Shape__Area":0.00009799430933628776,"OBJECTID":26765,"cadid":108029656,"createdate":"19950728000000","modifieddate":"20250623140205"}},
{"type":"Feature","geometry":{"type":"Polygon","coordinates":[[[151.10502681410665,-33.79110956653992],[151.10011447768377,-33.78117415536734],[151.0934787013784,-33.77734483016269],[151.09369145866938,-33.778764146421835],[151.09137179367923,-33.78094453139488],[151.08352480642168,-33.78253508911028],[151.08027319895115,-33.78244064684266],[151.07860720919334,-33.781183894160385],[151.0757984298643,-33.78202037400744],[151.0724837952828,-33.78201345706115],[151.06958310883888,-33.783191780758486],[151.0679372907396,-33.785506725678005],[151.064673928899,-33.78703356106265],[151.0658284578164,-33.79085602552796],[151.0662653663611,-33.793369184805314],[151.06529298414495,-33.796570823080394],[151.0654058663425,-33.79680864682855],[151.06824231984984,-33.79628081715089],[151.0704393605192,-33.79964945891232],[151.07311966542397,-33.7983872775708],[151.07910808226205,-33.79784142104025],[151.0812947285978,-33.795872389037775],[151.08957574481494,-33.79426172884121],[151.09017510685982,-33.79288684684995],[151.09242145079028,-33.79125997757463],[151.1003047880487,-33.793978053073225],[151.10225764287702,-33.795390347920524],[151.10242210065846,-33.79350666735605],[151.10502681410665,-33.79110956653992]]]},"properties":{"suburbname":"EASTWOOD","postcode":2122,"state":2,"startdate":"20250623152109","enddate":"30000101000000","lastupdate":"20250623152126","msoid":3525,"centroidid":null,"shapeuuid":"ff92481f-91e8-38f4-b4d0-0493a14adb03","changetype":"M","processstate":null,"urbanity":"U","Shape__Length":0.13797007842192388,"Shape__Area":0.0005056705656660318,"OBJECTID":26768,"cadid":108033059,"createdate":"19950728000000","modifieddate":"20250623152042"}},
{"type":"Feature","geometry":{"type":"Polygon","coordinates":[[[151.22128669042505,-33.86902967036059],[151.2224293223887,-33.865940716618056],[151.21990811120418,-33.86616053031086],[151.21844345476305,-33.86968765779747],[151.2141619298125,-33.873951440899255],[151.22138883056735,-33.875081078789265],[151.2226515585338,-33.8690493981772],[151.22128669042505,-33.86902967036059]]]},"properties":{"suburbname":"WOOLLOOMOOLOO","postcode":2011,"state":2,"startdate":"20250623171319","enddate":"30000101000000","lastupdate":"20250623171351","msoid":1230,"centroidid":null,"shapeuuid":"ee7d5a9d-00ab-3c94-971a-34284adec815","changetype":"M","processstate":null,"urbanity":"U","Shape__Length":0.03844735662059727,"Shape__Area":0.00003630957756821944,"OBJECTID":26773,"cadid":108030764,"createdate":"19950728000000","modifieddate":"20250623171145"}},
{"type":"Feature","geometry":{"type":"Polygon","coordinates":[[[151.21990811120418,-33.86616053031086],[151.22294334511022,-33.86180917285519],[151.21844858357412,-33.86334190608266],[151.2169145805002,-33.8619382511521],[151.21722324358845,-33.86013633712077],[151.21425591943301,-33.85741431275995],[151.21212308375885,-33.861247007435],[151.2097911558397,-33.86102737691693],[151.2074040924191,-33.863278577194805],[151.20547631111708,-33.86314076839238],[151.20296024451926,-33.863062505811264],[151.20318661967383,-33.865209035877506],[151.2011455726721,-33.86582925620744],[151.2015009847685,-33.86906185132812],[151.1980733368992,-33.86857425027748],[151.19724948777673,-33.87289192139697],[151.1979304633697,-33.874511942543556],[151.19973338850522,-33.87749605368639],[151.20252644186604,-33.87717184535333],[151.20928006686407,-33.87838322393111],[151.20912325930075,-33.8796905398807],[151.2121191188225,-33.87684404917822],[151.2126753099386,-33.873717006840224],[151.2141619298125,-33.873951440899255],[151.21844345476305,-33.86968765779747],[151.21990811120418,-33.86616053031086]]]},"properties":{"suburbname":"SYDNEY","postcode":2000,"state":2,"startdate":"20250623171319","enddate":"30000101000000","lastupdate":"20250623171351","msoid":3544,"centroidid":null,"shapeuuid":"a6af01d1-2d85-3fa1-aa9b-2bbf303ce504","changetype":"M","processstate":null,"urbanity":"U","Shape__Length":0.10461848979618027,"Shape__Area":0.0002959776874716495,"OBJECTID":26774,"cadid":108033078,"createdate":"19950728000000","modifieddate":"20250623171145"}},
{"type":"Feature","geometry":{"type":"Polygon","coordinates":[[[151.14339493420496,-33.716354730708964],[151.1318118203244,-33.71654091747985],[151.12939042981748,-33.72056283497755],[151.12869853122135,-33.72852631580996],[151.12687372122994,-33.7291941354748],[151.1258928335299,-33.731836239777714],[151.12383457379408,-33.730179776176605],[151.11838068967916,-33.7346024239514],[151.11524708690558,-33.73867111609467],[151.1127462515085,-33.73664888537288],[151.1108431958705,-33.737539913777844],[151.10762558376993,-33.74120480799549],[151.10489064460307,-33.742388476255066],[151.1078541579185,-33.74527395785497],[151.1121082720509,-33.74486074642395],[151.11712867828737,-33.750217867541615],[151.11806822635998,-33.752871610293916],[151.11997072409216,-33.751271513883935],[151.12277550655662,-33.748837025697654],[151.12174364400587,-33.747961895402334],[151.1264874659508,-33.743219085690534],[151.13303015875704,-33.73760396078087],[151.1357955625875,-33.73787043228576],[151.13656480940796,-33.73394612723116],[151.13850858297602,-33.734283458466166],[151.13940494625126,-33.729575344701466],[151.1460074445517,-33.731068362838826],[151.14774059260634,-33.73075006763764],[151.14948348774263,-33.72291607749001],[151.1481129038914,-33.72016725572492],[151.1431071951844,-33.71962909909984],[151.14339493420496,-33.716354730708964]]]},"properties":{"suburbname":"TURRAMURRA","postcode":2074,"state":2,"startdate":"20250702171058","enddate":"30000101000000","lastupdate":"20250702171109","msoid":44,"centroidid":null,"shapeuuid":"d4000767-7c99-3eca-8b8b-f4ca91c88763","changetype":"M","processstate":null,"urbanity":"U","Shape__Length":0.17642298629949874,"Shape__Area":0.0005845524828651998,"OBJECTID":26816,"cadid":108029578,"createdate":"19950728000000","modifieddate":"20250702171005"}},
{"type":"Feature","geometry":{"type":"Polygon","coordinates":[[[151.12939042981748,-33.72056283497755],[151.12732255735185,-33.72075787107804],[151.12270304816096,-33.7191948407381],[151.11974892111812,-33.72124284161924],[151.12127452173107,-33.72381801324621],[151.11954010324843,-33.72550383227016],[151.11965836650103,-33.7283476067503],[151.1166356882812,-33.728344901574744],[151.1166957579417,-33.732377569027356],[151.1127462515085,-33.73664888537288],[151.11524708690558,-33.73867111609467],[151.11838068967916,-33.7346024239514],[151.12383457379408,-33.730179776176605],[151.1258928335299,-33.731836239777714],[151.12687372122994,-33.7291941354748],[151.12869853122135,-33.72852631580996],[151.12939042981748,-33.72056283497755]]]},"properties":{"suburbname":"WARRAWEE","postcode":2074,"state":2,"startdate":"20250702171058","enddate":"30000101000000","lastupdate":"20250702171109","msoid":1201,"centroidid":null,"shapeuuid":"93236516-0505-33ac-a132-0217cd246267","changetype":"M","processstate":null,"urbanity":"U","Shape__Length":0.09349013287551323,"Shape__Area":0.0001318063560247096,"OBJECTID":26817,"cadid":108030735,"createdate":"19950728000000","modifieddate":"20250702171005"}},
{"type":"Feature","geometry":{"type":"Polygon","coordinates":[[[150.82886053537396,-33.95182057320681],[150.82301634872044,-33.95201002837809],[150.81304659617393,-33.95121413890657],[150.79165276916788,-33.94831371098525],[150.79157798944223,-33.95122759402504],[150.7890714067957,-33.95428362856218],[150.7900696092142,-33.95689678990698],[150.78414751747542,-33.955705358588865],[150.77819486310256,-33.96193137189735],[150.77669960341245,-33.9608580332865],[150.759415313667,-33.95854499923708],[150.7607512234339,-33.96422374013809],[150.7627528271343,-33.966866763993984],[150.7648147593994,-33.97145666731693],[150.76760824633482,-33.98031913974314],[150.77149744524345,-33.98551696087486],[150.7750471181121,-33.98871956337205],[150.77672953257414,-33.9865027112402],[150.7894029328043,-33.99173112601436],[150.7877274666763,-33.993635897070504],[150.79590375282697,-34.003825233600395],[150.7987979700899,-33.99955793988778],[150.7999954945219,-33.99446371189211],[150.80245842862027,-33.99382017057872],[150.8052874205329,-33.98925165039005],[150.80457839408515,-33.98810157383254],[150.8069326087369,-33.983622897230596],[150.80953786288734,-33.98300692052472],[150.80863294097676,-33.980861368325805],[150.81227092177875,-33.97802038315694],[150.81025219653503,-33.97596559917669],[150.81519683765518,-33.96788970697395],[150.82039523813273,-33.97521278094757],[150.8223910376145,-33.97408205532169],[150.82289368513827,-33.970403547999524],[150.82650231816294,-33.96283641765587],[150.828076439287,-33.961605698257706],[150.84126899815115,-33.956158446749185],[150.83849605860738,-33.95270538951469],[150.83865321996075,-33.950131490601656],[150.83681846606683,-33.949409504750165],[150.8321710776163,-33.949928339233544],[150.82886053537396,-33.95182057320681]]]},"properties":{"suburbname":"LEPPINGTON","postcode":2179,"state":2,"startdate":"20250703135624","enddate":"30000101000000","lastupdate":"20250703135649","msoid":1280,"centroidid":null,"shapeuuid":"7bd5b4a2-d742-3d1e-a771-5c359a0ee014","changetype":"M","processstate":null,"urbanity":"R","Shape__Length":0.27083120137898054,"Shape__Area":0.002064789470890874,"OBJECTID":26820,"cadid":108030814,"createdate":"19950728000000","modifieddate":"20250703135447"}},
{"type":"Feature","geometry":{"type":"Polygon","coordinates":[[[150.79478093370963,-33.915994548474394],[150.7797750137324,-33.913983914723794],[150.7778587537412,-33.91270710377734],[150.76514659306764,-33.91110023080662],[150.755716613616,-33.91321149137197],[150.75793373554805,-33.91623758323212],[150.75785848065652,-33.9181052171565],[150.7562182153847,-33.91995092278586],[150.75706771561997,-33.92406765243843],[150.7587239368844,-33.92679509086614],[150.75680854338214,-33.92781861453625],[150.75833412542815,-33.92999891060333],[150.75603914561526,-33.9316767016928],[150.75209392875456,-33.93637773678848],[150.7536786610716,-33.938674041274666],[150.75273523682125,-33.93972207884507],[150.7541078083083,-33.942757326264434],[150.75403514957128,-33.947083094348635],[150.75277581963817,-33.94867552930997],[150.75449658013852,-33.950413717784485],[150.75445321292892,-33.95469766927373],[150.75892089591463,-33.95477893269407],[150.759415313667,-33.95854499923708],[150.77669960341245,-33.9608580332865],[150.77819486310256,-33.96193137189735],[150.78414751747542,-33.955705358588865],[150.7900696092142,-33.95689678990698],[150.7890714067957,-33.95428362856218],[150.79157798944223,-33.95122759402504],[150.79165276916788,-33.94831371098525],[150.78983758282365,-33.94631761865594],[150.78865892422888,-33.94264160665855],[150.7882385099356,-33.93802684480894],[150.78663989671983,-33.93544863294586],[150.78724352551782,-33.93044225627736],[150.78993361822646,-33.92695593087633],[150.79260948523054,-33.927315498441594],[150.79478093370963,-33.915994548474394]]]},"properties":{"suburbname":"ROSSMORE","postcode":2557,"state":2,"startdate":"20250703135624","enddate":"30000101000000","lastupdate":"20250703135649","msoid":2449,"centroidid":null,"shapeuuid":"9c176839-cfe2-3a7c-9c03-c0b59d242ee7","changetype":"M","processstate":null,"urbanity":"R","Shape__Length":0.19235669342787698,"Shape__Area":0.0015926184531769077,"OBJECTID":26822,"cadid":108031983,"createdate":"19950728000000","modifieddate":"20250703135447"}},
{"type":"Feature","geometry":{"type":"Polygon","coordinates":[[[151.11002557981072,-33.902940551855394],[151.10560719519344,-33.90182229444741],[151.10224989371457,-33.90303358974034],[151.09746272413093,-33.903622458982774],[151.09262058863735,-33.90203372043931],[151.0953027555765,-33.91006797855693],[151.09113767020298,-33.91200948325698],[151.0963334148348,-33.91425538131423],[151.09597348916407,-33.9168776350443],[151.09822333693367,-33.920770142652366],[151.09685536103098,-33.92135318760309],[151.0998195797781,-33.92697521165092],[151.10180260074188,-33.92580991500508],[151.10274947370698,-33.92343352047932],[151.10725300803776,-33.922713413285905],[151.10881135993202,-33.922603552892596],[151.11038809329372,-33.92032547484574],[151.10821812080667,-33.91664752321702],[151.11127457245627,-33.91539497991852],[151.10978265253507,-33.91281618759119],[151.1113105410086,-33.91219583571726],[151.1097681754292,-33.90927701932617],[151.11508817796727,-33.9085533665118],[151.11168811572455,-33.90603656211173],[151.11002557981072,-33.902940551855394]]]},"properties":{"suburbname":"CAMPSIE","postcode":2194,"state":2,"startdate":"20250704103117","enddate":"30000101000000","lastupdate":"20250704103209","msoid":1246,"centroidid":null,"shapeuuid":"22d2ffb5-fb7c-3e06-834e-1a6287a73c32","changetype":"M","processstate":null,"urbanity":"U","Shape__Length":0.10347696963162709,"Shape__Area":0.00032618078884825676,"OBJECTID":26827,"cadid":108030780,"createdate":"19950728000000","modifieddate":"20250704102843"}},
{"type":"Feature","geometry":{"type":"Polygon","coordinates":[[[151.12351482390775,-33.90670815578004],[151.12295305019921,-33.9045135742381],[151.1169274487823,-33.902568993076635],[151.11519188605186,-33.90275785730627],[151.11168811572455,-33.90603656211173],[151.11508817796727,-33.9085533665118],[151.1097681754292,-33.90927701932617],[151.1113105410086,-33.91219583571726],[151.10978265253507,-33.91281618759119],[151.11127457245627,-33.91539497991852],[151.10821812080667,-33.91664752321702],[151.11038809329372,-33.92032547484574],[151.10881135993202,-33.922603552892596],[151.113918738447,-33.92323766052125],[151.11741146161702,-33.91787859267541],[151.12203681403037,-33.91442871433428],[151.12298232705388,-33.909590782832865],[151.12596590782465,-33.907537386835074],[151.12351482390775,-33.90670815578004]]]},"properties":{"suburbname":"CANTERBURY","postcode":2193,"state":2,"startdate":"20250704103117","enddate":"30000101000000","lastupdate":"20250704103209","msoid":2403,"centroidid":null,"shapeuuid":"85e31556-d89c-323b-9f9e-9ae059dc5858","changetype":"M","processstate":null,"urbanity":"U","Shape__Length":0.07969941856323005,"Shape__Area":0.00019047407164589356,"OBJECTID":26829,"cadid":108031937,"createdate":"19950728000000","modifieddate":"20250704102843"}},
{"type":"Feature","geometry":{"type":"Polygon","coordinates":[[[151.20288835712375,-33.801111024214464],[151.19439693579255,-33.79980819120129],[151.19384842564548,-33.79934728369364],[151.19247917325796,-33.802402888058225],[151.19380739966414,-33.80273802073674],[151.19273758190292,-33.80806589984365],[151.19446786364645,-33.80995745478356],[151.1938099294377,-33.8125743079291],[151.19988557514722,-33.81308285034528],[151.20426756943488,-33.812462410777876],[151.20557989193372,-33.813439025173224],[151.20432116317065,-33.811361321848395],[151.20510027370267,-33.80655640321659],[151.20747546291443,-33.80664884952756],[151.20912644075761,-33.80534285164882],[151.21157735603197,-33.80240624849599],[151.20354011440855,-33.802531113269836],[151.20288835712375,-33.801111024214464]]]},"properties":{"suburbname":"WILLOUGHBY","postcode":2068,"state":2,"startdate":"20250710111822","enddate":"30000101000000","lastupdate":"20250710111843","msoid":78,"centroidid":null,"shapeuuid":"8469cb3c-c30b-3436-93b5-4e98b1e9ef8f","changetype":"M","processstate":null,"urbanity":"U","Shape__Length":0.06883215691425608,"Shape__Area":0.00015787988026755458,"OBJECTID":26863,"cadid":108029612,"createdate":"19950728000000","modifieddate":"20250710111747"}},
{"type":"Feature","geometry":{"type":"Polygon","coordinates":[[[151.12006098692063,-33.83294645898156],[151.1201966441347,-33.829585090951106],[151.1152331114136,-33.826272181488754],[151.11356937864812,-33.830039386226375],[151.11394100752113,-33.832310995274014],[151.11621443689543,-33.833792940238524],[151.1150559058334,-33.83684048126701],[151.11696266180505,-33.83695642802282],[151.12006098692063,-33.83294645898156]]]},"properties":{"suburbname":"TENNYSON POINT","postcode":2111,"state":2,"startdate":"20250718140414","enddate":"30000101000000","lastupdate":"20250718140437","msoid":72,"centroidid":null,"shapeuuid":"36fe0ab0-307f-302f-8cd3-7146e1793672","changetype":"M","processstate":null,"urbanity":"U","Shape__Length":0.035026173715050034,"Shape__Area":0.00004268609155444691,"OBJECTID":26930,"cadid":108029606,"createdate":"19950728000000","modifieddate":"20250718140158"}},
{"type":"Feature","geometry":{"type":"Polygon","coordinates":[[[151.1379779979514,-33.68338180245276],[151.11782448783873,-33.680938654292824],[151.11798530123707,-33.6800225123379],[151.1123684259505,-33.67923453680784],[151.11018877075463,-33.680742448324985],[151.10689552994882,-33.68023987469695],[151.10510372676694,-33.68210928972577],[151.10354785933853,-33.68955364026532],[151.10458219951138,-33.69139368947564],[151.1017902987802,-33.69386393636336],[151.1057593305182,-33.69391874164165],[151.10946832978942,-33.69490724029348],[151.11118194819795,-33.69694142878922],[151.11655435570162,-33.693637011664876],[151.12003308155928,-33.69412737884341],[151.12150043985554,-33.69227338448295],[151.12373097175603,-33.68893890280872],[151.12905999366092,-33.68953109304646],[151.13549672497135,-33.68454921700289],[151.1377695060141,-33.68438445422875],[151.1379779979514,-33.68338180245276]]]},"properties":{"suburbname":"ASQUITH","postcode":2077,"state":2,"startdate":"20250721130742","enddate":"30000101000000","lastupdate":"20250721130749","msoid":3508,"centroidid":null,"shapeuuid":"074c40ae-4348-3bad-b3f1-0be4412a1ba9","changetype":"M","processstate":null,"urbanity":"U","Shape__Length":0.11447593906680331,"Shape__Area":0.0003329683401930827,"OBJECTID":26933,"cadid":108033042,"createdate":"19950728000000","modifieddate":"20250721130617"}},
{"type":"Feature","geometry":{"type":"Polygon","coordinates":[[[151.1733330363828,-33.87110940736724],[151.16999028839209,-33.873199826371525],[151.16743254032673,-33.879944179154116],[151.16415719784396,-33.88642015412876],[151.16210491682827,-33.88807705273248],[151.17251480057422,-33.887513792935586],[151.17656236297194,-33.88679119856475],[151.17622673093862,-33.88269098186579],[151.17591733299878,-33.87970726853264],[151.17686263407384,-33.87602110095877],[151.1772842775587,-33.872716281831295],[151.17350354177086,-33.87121774401696],[151.1733330363828,-33.87110940736724]]]},"properties":{"suburbname":"ANNANDALE","postcode":2038,"state":2,"startdate":"20250723121110","enddate":"30000101000000","lastupdate":"20250723121127","msoid":1218,"centroidid":null,"shapeuuid":"30b2aeff-feee-303c-83ed-3aeb8098aa4a","changetype":"M","processstate":null,"urbanity":"U","Shape__Length":0.057570123430312065,"Shape__Area":0.0001463696603568748,"OBJECTID":26960,"cadid":108030752,"createdate":"19950728000000","modifieddate":"20250723121016"}},
{"type":"Feature","geometry":{"type":"Polygon","coordinates":[[[150.97413639117445,-33.84465221032759],[150.96972884810086,-33.844613395986364],[150.97285362226063,-33.848776121060595],[150.97086735957583,-33.85576995707181],[150.976497821709,-33.85687332817313],[150.9753141759856,-33.86131461844952],[150.97910879330777,-33.860225440810304],[150.98252945786533,-33.857134013058875],[150.9906018020846,-33.863986405067514],[150.99520175590575,-33.86856719053404],[151.00336415308882,-33.87307438909922],[151.00382534656498,-33.8707160821422],[151.00485177574853,-33.86545210001534],[151.00720048174793,-33.86358217717299],[151.0060713258972,-33.861143523765776],[151.00775613665854,-33.852089546062956],[151.00653168449705,-33.85194452589912],[151.00104727229782,-33.85125900089839],[151.0009651686522,-33.84873515742933],[150.99507113331552,-33.8474237563761],[150.99287745841204,-33.846114191540494],[150.990651687015,-33.847696466926],[150.98880717752905,-33.84753869325016],[150.97413639117445,-33.84465221032759]]]},"properties":{"suburbname":"GUILDFORD","postcode":2161,"state":2,"startdate":"20250808111457","enddate":"30000101000000","lastupdate":"20250808111520","msoid":2470,"centroidid":null,"shapeuuid":"d8abe031-6d03-38ba-823d-035cfc54c4ef","changetype":"M","processstate":null,"urbanity":"U","Shape__Length":0.1477952180503806,"Shape__Area":0.0005770752627411314,"OBJECTID":27049,"cadid":108032004,"createdate":"19950728000000","modifieddate":"20250808111335"}},
{"type":"Feature","geometry":{"type":"Polygon","coordinates":[[[150.97413639117445,-33.84465221032759],[150.97716240577205,-33.833925145378515],[150.96242524663032,-33.83081812287258],[150.96039134189402,-33.83053931546363],[150.95790385514388,-33.83793392371211],[150.96173366566055,-33.83861915389226],[150.96586100741476,-33.841125912881644],[150.96972884810086,-33.844613395986364],[150.97413639117445,-33.84465221032759]]]},"properties":{"suburbname":"MERRYLANDS WEST","postcode":2160,"state":2,"startdate":"20250808111457","enddate":"30000101000000","lastupdate":"20250808111520","msoid":3627,"centroidid":null,"shapeuuid":"5363f8c0-c6ec-3a80-85d7-63a680eb843a","changetype":"M","processstate":null,"urbanity":"U","Shape__Length":0.0583667944506228,"Shape__Area":0.00016807778042791284,"OBJECTID":27052,"cadid":108033161,"createdate":"19950728000000","modifieddate":"20250808111335"}},
{"type":"Feature","geometry":{"type":"Polygon","coordinates":[[[151.0055234812274,-33.649881995479355],[151.00664913610566,-33.64623022271251],[151.00548621180698,-33.64487031490528],[151.0060807463705,-33.64181730003366],[151.0038123404451,-33.64151120187944],[151.00400061135693,-33.63777249890174],[151.00137226967274,-33.63535528837873],[150.99604705792413,-33.6337658068688],[150.99639705973615,-33.63196360281765],[150.99237079549792,-33.63142095357787],[150.9932497792811,-33.62687668594051],[150.9866787130134,-33.626116100024824],[150.9849184747856,-33.62229431169806],[150.98539443057047,-33.619407605758184],[150.9812933854089,-33.618934364893846],[150.981772987272,-33.6160068635676],[150.9775557627185,-33.61551821064983],[150.9782022642516,-33.61162866602606],[150.97553319916688,-33.61131666560414],[150.975960036765,-33.60875853734372],[150.97268160003264,-33.608378535872234],[150.9714329988469,-33.60711005330325],[150.97241760810618,-33.60123819796992],[150.96890718695948,-33.60082638360873],[150.96823033175852,-33.60494397347189],[150.96192126497402,-33.604194641410935],[150.95977557298852,-33.606636267049005],[150.95156737800383,-33.605242093103655],[150.95270101773264,-33.598446759203576],[150.94952760614373,-33.59840787804671],[150.94583002525525,-33.59368625192755],[150.94284371017176,-33.592193085200044],[150.93954885375288,-33.58794849764738],[150.93989948247085,-33.585681040844285],[150.93380456362578,-33.58810116113171],[150.935893452962,-33.59236802549249],[150.93348437050645,-33.597980165016196],[150.93011042408006,-33.59951784435292],[150.93020853099014,-33.60176100628232],[150.93284118914346,-33.60499279437209],[150.93637413532383,-33.605254202592036],[150.93563577085456,-33.61120766615527],[150.93224215472466,-33.61362364071552],[150.9300227344804,-33.61339126495264],[150.93028336546985,-33.61602279050973],[150.93547354969263,-33.618273722702746],[150.93488193432685,-33.620605118017],[150.93663366476756,-33.62315401713345],[150.93384806315336,-33.62638953497326],[150.93546856728537,-33.62857978795118],[150.9400178822013,-33.629223071933744],[150.93901869300805,-33.63849621264386],[150.94262005436093,-33.640406650605634],[150.9428138096558,-33.64243310443038],[150.94876866881725,-33.6458860561622],[150.95052354587943,-33.6489080292733],[150.9529459270307,-33.649139860098046],[150.95452821484622,-33.651602835974494],[150.9560396609801,-33.65654069444141],[150.95543467614354,-33.6578228502938],[150.95607287537953,-33.661813010928164],[150.96122436404582,-33.66546626058774],[150.96267820097984,-33.6681339094522],[150.9681073243593,-33.66467148367362],[150.9705922795177,-33.66413111142514],[150.96940415120844,-33.6701989817631],[150.9715675985632,-33.67050661284167],[150.97060874299152,-33.67521348197025],[150.97302805586057,-33.6767371963252],[150.97832419935602,-33.67770446664176],[150.97835302347198,-33.68069958882343],[150.97627116471116,-33.682284334661475],[150.97387663496733,-33.68263419499359],[150.96914011328104,-33.68146817138504],[150.9646453173293,-33.67896364264566],[150.96217839209572,-33.68080997678936],[150.96216564896903,-33.68221280571336],[150.96697281605134,-33.687704523770925],[150.96734006267974,-33.6909735912296],[150.96874065269998,-33.69042249405895],[150.97182075514127,-33.69196976538447],[150.9752905773767,-33.690935562930015],[150.98188970644605,-33.69186720388659],[150.9821727381697,-33.69047208676785],[150.98672130029937,-33.69194214591376],[150.9888242726562,-33.69161263807741],[150.99063738963244,-33.688634786513596],[150.9945197075597,-33.68865309509995],[150.99521704038352,-33.68520041206262],[151.0001503406576,-33.68627680247628],[151.00118098540776,-33.68438479351124],[151.00764487699044,-33.6848552907721],[151.00911717273047,-33.686574586016825],[151.01239706875464,-33.68756707431921],[151.01442892969698,-33.685020456343494],[151.013153790193,-33.68008070573574],[151.01473845796414,-33.671803659637526],[151.00961985012702,-33.67054520494385],[151.01049790194006,-33.66559945858552],[151.00850828977724,-33.665160661711866],[151.00999831597275,-33.65797969637835],[151.00842489687636,-33.657766128404795],[151.00920483751216,-33.65376609461987],[151.00661389922217,-33.65343931348177],[151.0055234812274,-33.649881995479355]]]},"properties":{"suburbname":"KENTHURST","postcode":2156,"state":2,"startdate":"20250812111900","enddate":"30000101000000","lastupdate":"20250812111942","msoid":38,"centroidid":null,"shapeuuid":"7776dc8c-4b58-31ef-bb92-ad594c1e63ea","changetype":"M","processstate":null,"urbanity":"R","Shape__Length":0.4772035977313799,"Shape__Area":0.004426090109621964,"OBJECTID":27063,"cadid":108029572,"createdate":"19950728000000","modifieddate":"20250812111753"}},
{"type":"Feature","geometry":{"type":"Polygon","coordinates":[[[151.08901465083196,-34.023633003316476],[151.0899683968063,-34.02082971575653],[151.08613381180274,-34.01915927986806],[151.0865885180102,-34.015856314796096],[151.08944983912048,-34.013084537876225],[151.08961706341037,-34.007831788631435],[151.08473936092062,-34.00935446360373],[151.08178205748737,-34.008975262072916],[151.07846470186146,-34.01124126490507],[151.0779280125001,-34.01468587090759],[151.07610490700364,-34.01768237517634],[151.075862105476,-34.0191947904366],[151.07441603267853,-34.02143848248447],[151.0840999642941,-34.02285104277878],[151.0833584232943,-34.026371346651416],[151.0849463024563,-34.02660645358881],[151.08796861177774,-34.02515389531033],[151.08901465083196,-34.023633003316476]]]},"properties":{"suburbname":"KAREELA","postcode":2232,"state":2,"startdate":"20250815093303","enddate":"30000101000000","lastupdate":"20250815093324","msoid":116,"centroidid":null,"shapeuuid":"88b4729d-39e8-35e4-9dc4-282760341cf7","changetype":"M","processstate":null,"urbanity":"U","Shape__Length":0.0672434932586154,"Shape__Area":0.0001653230056822635,"OBJECTID":27099,"cadid":108029650,"createdate":"19950728000000","modifieddate":"20250815093201"}},
{"type":"Feature","geometry":{"type":"Polygon","coordinates":[[[150.85189054416645,-33.68482198711654],[150.84906547693714,-33.68631783230448],[150.84701353577879,-33.69009820496234],[150.83522734753961,-33.691891400951256],[150.83322340420833,-33.6933855025658],[150.8319022582228,-33.697571018742615],[150.82054224272414,-33.68475766063887],[150.81229571822942,-33.677539302354276],[150.81057580753054,-33.67856218901904],[150.80555964805154,-33.67876833327118],[150.80416152137266,-33.68273455578338],[150.80559850755506,-33.683953959418595],[150.8054722691852,-33.68789662475386],[150.8030565534027,-33.69107699674912],[150.80413183268232,-33.69211243316873],[150.80702104897554,-33.69799755963817],[150.80737042547096,-33.699935910335896],[150.81215981649558,-33.703461317757245],[150.81708306594956,-33.70568049975279],[150.81553547311688,-33.71317080721067],[150.82071587458137,-33.71388160167797],[150.81945261043714,-33.720200091860626],[150.81780837171837,-33.720021925606616],[150.8171365868954,-33.7243205797078],[150.81899245473366,-33.724555340065535],[150.8310723243797,-33.7260829911175],[150.83878273405927,-33.72683237858386],[150.84550209641546,-33.72850046806005],[150.84451882156864,-33.72632537683228],[150.84402513153103,-33.71768887716841],[150.84629247788965,-33.71732421707084],[150.8466710717457,-33.710826326685485],[150.84493277450636,-33.704245206300605],[150.84746303361317,-33.70131815577668],[150.84693319945742,-33.69981436652008],[150.8478371187521,-33.695033621492584],[150.85094846089083,-33.69253084498073],[150.85133325551047,-33.68963737394474],[150.8530759935379,-33.68640047158772],[150.85189054416645,-33.68482198711654]]]},"properties":{"suburbname":"MARSDEN PARK","postcode":2765,"state":2,"startdate":"20250901124243","enddate":"30000101000000","lastupdate":"20250901124300","msoid":3634,"centroidid":null,"shapeuuid":"85d12bc3-8f44-34e2-897f-5fda4231c8e5","changetype":"M","processstate":null,"urbanity":"R","Shape__Length":0.21399110218251352,"Shape__Area":0.0013267216845176087,"OBJECTID":27208,"cadid":108033168,"createdate":"19950728000000","modifieddate":"20250901124117"}},
{"type":"Feature","geometry":{"type":"Polygon","coordinates":[[[150.85189054416645,-33.68482198711654],[150.8544602984067,-33.681105198227804],[150.85369794054978,-33.67733759827279],[150.85377434733033,-33.67166714326214],[150.85199997321152,-33.67108173394018],[150.85327909941452,-33.668494027585375],[150.84957383376323,-33.66689694719879],[150.84703876164104,-33.66667767378887],[150.84418339260654,-33.66262249028123],[150.83890294378222,-33.66365387037792],[150.83685583660105,-33.6741386786756],[150.81397112096775,-33.67112858003207],[150.81500183566877,-33.67345434102515],[150.81785218123852,-33.67369529649522],[150.81914898214455,-33.67538774712699],[150.81808632939055,-33.676757881739576],[150.81229571822942,-33.677539302354276],[150.82054224272414,-33.68475766063887],[150.8319022582228,-33.697571018742615],[150.83322340420833,-33.6933855025658],[150.83522734753961,-33.691891400951256],[150.84701353577879,-33.69009820496234],[150.84906547693714,-33.68631783230448],[150.85189054416645,-33.68482198711654]]]},"properties":{"suburbname":"ANGUS","postcode":2765,"state":2,"startdate":"20250901124243","enddate":"30000101000000","lastupdate":"20250901124300","msoid":18341,"centroidid":null,"shapeuuid":"e4345413-fee5-3adc-b39e-c794a43bbd03","changetype":"M","processstate":null,"urbanity":"R","Shape__Length":0.14847108154386676,"Shape__Area":0.00073990245907562,"OBJECTID":27211,"cadid":181030878,"createdate":"20201106131647","modifieddate":"20250901124117"}},
{"type":"Feature","geometry":{"type":"Polygon","coordinates":[[[150.89320580822945,-33.71292094599523],[150.88022972469355,-33.71115229042738],[150.87545185496506,-33.71026565641537],[150.8761294675917,-33.712142063855595],[150.88154649224157,-33.72175875397818],[150.88401795664817,-33.72505660391199],[150.88217366026947,-33.726213089927974],[150.88005462021798,-33.729483377418745],[150.87763336340146,-33.73087325262167],[150.87252175123277,-33.730907821503756],[150.8704509892179,-33.73280425241942],[150.86968218171663,-33.735157060300445],[150.8663623458953,-33.73757398364777],[150.8673020413129,-33.73978145221234],[150.86615913736796,-33.74140693159063],[150.8754835305238,-33.744500860148115],[150.87756194379216,-33.74573763260693],[150.879885814226,-33.74730521279601],[150.88276214622465,-33.74243238997708],[150.88375837969545,-33.74301134530045],[150.88673401881124,-33.74027957151037],[150.89087152969364,-33.74337108034747],[150.89712207156347,-33.737550602653066],[150.89390430754756,-33.735177096513134],[150.9000095866422,-33.735619687516454],[150.90780261543068,-33.736662545555724],[150.9081493792177,-33.73373742067501],[150.90648051353995,-33.730182516517196],[150.91353512905616,-33.72973470125046],[150.91323585592002,-33.7266349237591],[150.90940481299265,-33.726103604318],[150.91026288998276,-33.72178717353337],[150.90862183279808,-33.71930986388757],[150.90553387089219,-33.71833668967305],[150.9046519821629,-33.71600131053946],[150.9027277158748,-33.71473737911562],[150.89786225949058,-33.715211837898806],[150.89320580822945,-33.71292094599523]]]},"properties":{"suburbname":"QUAKERS HILL","postcode":2763,"state":2,"startdate":"20250915125642","enddate":"30000101000000","lastupdate":"20250915125700","msoid":1322,"centroidid":null,"shapeuuid":"1f9288b8-4fcd-3b2b-9cf5-629c2c1423ab","changetype":"M","processstate":null,"urbanity":"U","Shape__Length":0.1743925233387798,"Shape__Area":0.0008976536542656728,"OBJECTID":27288,"cadid":108030856,"createdate":"19950728000000","modifieddate":"20250915125500"}},
{"type":"Feature","geometry":{"type":"Polygon","coordinates":[[[150.91759796582042,-33.71613039255539],[150.91085843679974,-33.71522364706837],[150.91385528698692,-33.70183420024497],[150.9132355350153,-33.69894458415377],[150.91935404400567,-33.69776625773924],[150.91701860402992,-33.69192306850935],[150.90813874213495,-33.69379779740362],[150.89968292337835,-33.69579113860469],[150.89480865322142,-33.69633510132142],[150.89515913229104,-33.6989685598275],[150.8942260337384,-33.703657067675245],[150.89320580822945,-33.71292094599523],[150.89786225949058,-33.715211837898806],[150.9027277158748,-33.71473737911562],[150.9046519821629,-33.71600131053946],[150.90553387089219,-33.71833668967305],[150.90862183279808,-33.71930986388757],[150.91026288998276,-33.72178717353337],[150.91078513908647,-33.71916550359774],[150.91671037746355,-33.71999026799685],[150.91759796582042,-33.71613039255539]]]},"properties":{"suburbname":"THE PONDS","postcode":2769,"state":2,"startdate":"20250915125642","enddate":"30000101000000","lastupdate":"20250915125700","msoid":4707,"centroidid":null,"shapeuuid":"45081930-914a-3705-9951-65478ba9f240","changetype":"M","processstate":null,"urbanity":"U","Shape__Length":0.11476084452124671,"Shape__Area":0.0004607187590709877,"OBJECTID":27289,"cadid":157890416,"createdate":"20070606210556","modifieddate":"20250915125500"}},
{"type":"Feature","geometry":{"type":"Polygon","coordinates":[[[150.8500265141129,-33.94361923706496],[150.84663780510292,-33.941168212962324],[150.842784790988,-33.940669046244736],[150.84142840442172,-33.94285849236453],[150.83859834034195,-33.942044367001586],[150.8298170872451,-33.948481517407664],[150.82886053537396,-33.95182057320681],[150.8321710776163,-33.949928339233544],[150.83681846606683,-33.949409504750165],[150.83865321996075,-33.950131490601656],[150.84198469252203,-33.950042451861364],[150.84920076844676,-33.95160761845394],[150.8490556245151,-33.94813726960283],[150.85126886435006,-33.94638754937495],[150.8500265141129,-33.94361923706496]]]},"properties":{"suburbname":"HORNINGSEA PARK","postcode":2171,"state":2,"startdate":"20250918131639","enddate":"30000101000000","lastupdate":"20250918131832","msoid":1120,"centroidid":null,"shapeuuid":"84a5c5e9-1f1d-3c6e-ac6b-dc80f7d53512","changetype":"M","processstate":null,"urbanity":"U","Shape__Length":0.06223281863361518,"Shape__Area":0.00014179167290156357,"OBJECTID":27308,"cadid":108030654,"createdate":"19961220102543","modifieddate":"20250918131231"}},
{"type":"Feature","geometry":{"type":"Polygon","coordinates":[[[151.09089330401017,-34.00604474733171],[151.09289025720926,-34.00317696161937],[151.09334008700924,-34.00038675912847],[151.09208742528884,-33.99819940095359],[151.09209341489034,-33.9951234732366],[151.08708806310054,-33.994690874074784],[151.08220974654915,-33.994358991145965],[151.07329447492623,-33.99604473067868],[151.07134213031463,-34.00046613382377],[151.0701315079851,-34.00153091747077],[151.0723632765,-34.00631123279903],[151.07176482980074,-34.0082009059238],[151.07383302215646,-34.00868920009209],[151.07625769281285,-34.010881837696004],[151.0752735063563,-34.013809363460005],[151.07610490700364,-34.01768237517634],[151.0779280125001,-34.01468587090759],[151.07846470186146,-34.01124126490507],[151.08178205748737,-34.008975262072916],[151.08473936092062,-34.00935446360373],[151.08961706341037,-34.007831788631435],[151.09089330401017,-34.00604474733171]]]},"properties":{"suburbname":"OYSTER BAY","postcode":2225,"state":2,"startdate":"20250918163509","enddate":"30000101000000","lastupdate":"20250918163524","msoid":3581,"centroidid":null,"shapeuuid":"4aa13a42-d957-321b-a1a3-67f0a5691cd5","changetype":"M","processstate":null,"urbanity":"U","Shape__Length":0.09638180839597768,"Shape__Area":0.00030305041823485367,"OBJECTID":27312,"cadid":108033115,"createdate":"19950728000000","modifieddate":"20250918163154"}},
{"type":"Feature","geometry":{"type":"Polygon","coordinates":[[[150.96312068058765,-33.79525355195956],[150.9599726921296,-33.7948338695382],[150.9591079841901,-33.79641163713195],[150.95255284800322,-33.79555639778049],[150.95448090738023,-33.7994187832279],[150.95189903167687,-33.8003388499493],[150.94587241424435,-33.809593889472836],[150.94846813192183,-33.81068597127989],[150.95848362481587,-33.81306082422015],[150.96135005617478,-33.80435601246311],[150.96319242926089,-33.80226051442703],[150.9640228462611,-33.797916164102446],[150.96312068058765,-33.79525355195956]]]},"properties":{"suburbname":"PENDLE HILL","postcode":2145,"state":2,"startdate":"20250926154233","enddate":"30000101000000","lastupdate":"20250926154247","msoid":158,"centroidid":null,"shapeuuid":"29225507-6591-36a9-8c6b-62cea4bf500a","changetype":"M","processstate":null,"urbanity":"U","Shape__Length":0.07346828546751716,"Shape__Area":0.00019189089063377854,"OBJECTID":27334,"cadid":108029692,"createdate":"19950728000000","modifieddate":"20250926154123"}},
{"type":"Feature","geometry":{"type":"Polygon","coordinates":[[[150.82217216088702,-33.842663542025996],[150.82350436452964,-33.835887479845766],[150.8189935903524,-33.83521032627927],[150.8207826007409,-33.82666009844499],[150.8115291747398,-33.82532686868864],[150.81291192129524,-33.82234596729616],[150.80885946180345,-33.82276588468562],[150.77897206683025,-33.82725024430472],[150.76828393471706,-33.82912542342119],[150.76635891408569,-33.82918606396321],[150.76673579933131,-33.83074018029609],[150.76562004495565,-33.834796029790375],[150.76841139233525,-33.836115123802436],[150.7688096187647,-33.840834183726585],[150.7659728247362,-33.84930991058903],[150.7683429627849,-33.854213956924454],[150.76825821989183,-33.85798207492982],[150.7710670773043,-33.86156246513754],[150.76960105591834,-33.86675370407674],[150.7731004439651,-33.867608657272164],[150.77597189943998,-33.87076468334626],[150.7741584896185,-33.87156222570539],[150.77329048469232,-33.87392792848215],[150.76795011158052,-33.87553581906542],[150.76880254505312,-33.87789109767831],[150.76645149709648,-33.879811011655654],[150.76859119044948,-33.88214631901207],[150.765526062593,-33.88625089793811],[150.7672198589884,-33.88832453767517],[150.77063763319012,-33.887513631355034],[150.77197277377888,-33.890931115311254],[150.77110415656773,-33.89639940349797],[150.76730435919916,-33.89847779877518],[150.76273501129666,-33.90276869928124],[150.76296949013548,-33.90528571728605],[150.75982417464218,-33.90580600265881],[150.75886245105934,-33.90874293839778],[150.7554649642906,-33.91114447297277],[150.755716613616,-33.91321149137197],[150.76514659306764,-33.91110023080662],[150.7778587537412,-33.91270710377734],[150.7797750137324,-33.913983914723794],[150.79478093370963,-33.915994548474394],[150.79641981942612,-33.90611041147753],[150.80014299356952,-33.90249730654929],[150.801498867387,-33.899380395978305],[150.7995897785271,-33.89348795601246],[150.80178960326154,-33.89237326040122],[150.80098174272814,-33.890508700081014],[150.80231426566434,-33.883867338525434],[150.79782854025436,-33.883259885709585],[150.79972305595112,-33.88076673121579],[150.80815612232286,-33.88060624108452],[150.80264873227455,-33.875916480120964],[150.79675487115594,-33.86899826340397],[150.79388639815443,-33.86401913560596],[150.80127418542472,-33.864907819965936],[150.8059555551541,-33.84052616243316],[150.82217216088702,-33.842663542025996]]]},"properties":{"suburbname":"KEMPS CREEK","postcode":2178,"state":2,"startdate":"20250926155007","enddate":"30000101000000","lastupdate":"20250926155040","msoid":1301,"centroidid":null,"shapeuuid":"f6d78d97-9721-3e3f-813c-11ccb7d6e1ac","changetype":"M","processstate":null,"urbanity":"R","Shape__Length":0.40637447284546463,"Shape__Area":0.003227757465976384,"OBJECTID":27346,"cadid":108030835,"createdate":"19950728000000","modifieddate":"20250926154758"}},
{"type":"Feature","geometry":{"type":"Polygon","coordinates":[[[151.14210294090614,-34.02597831303201],[151.13155103518883,-34.026610894465875],[151.12919807251862,-34.024193557578066],[151.12128402299336,-34.02363674861671],[151.11982772854665,-34.02534585695209],[151.11922363848046,-34.02851192278645],[151.1153673945378,-34.029466298128604],[151.11363525723448,-34.03443697439849],[151.11220109610457,-34.04165313396238],[151.1171675691772,-34.042338496790606],[151.1157768694545,-34.04576843541036],[151.1300041575486,-34.047756343666805],[151.13064984231872,-34.04462022998197],[151.13302715502482,-34.04570903942188],[151.13435549836396,-34.0389491358209],[151.13684530724726,-34.036207805918394],[151.14524372316308,-34.02989288197575],[151.14210294090614,-34.02597831303201]]]},"properties":{"suburbname":"CARINGBAH","postcode":2229,"state":2,"startdate":"20250930162518","enddate":"30000101000000","lastupdate":"20250930162550","msoid":5104,"centroidid":null,"shapeuuid":"cb5781b3-8beb-3aa8-9318-b1f4e930a4d4","changetype":"M","processstate":null,"urbanity":"U","Shape__Length":0.11305310356761425,"Shape__Area":0.0004860339691765772,"OBJECTID":27353,"cadid":159842965,"createdate":"20080206130857","modifieddate":"20250930162202"}},
{"type":"Feature","geometry":{"type":"Polygon","coordinates":[[[150.94787926617482,-33.94696118662622],[150.94666599178257,-33.94517898901909],[150.94239906241535,-33.94203306133385],[150.93181340161473,-33.94060559176764],[150.93170251677404,-33.94481738335101],[150.93732806873774,-33.945585080999386],[150.937757094355,-33.948638299722255],[150.93636665872074,-33.954976197847316],[150.9319142170363,-33.96159557387027],[150.93159096194842,-33.96438952492787],[150.93802458914192,-33.963807735306645],[150.9486459924939,-33.9632862919322],[150.94608641868044,-33.96193745724183],[150.9459917848668,-33.949790280580046],[150.94787926617482,-33.94696118662622]]]},"properties":{"suburbname":"WATTLE GROVE","postcode":2173,"state":2,"startdate":"20251009072242","enddate":"30000101000000","lastupdate":"20251009083610","msoid":3616,"centroidid":null,"shapeuuid":"5876db50-75c5-3d98-90fa-dc192807e4dd","changetype":"M","processstate":null,"urbanity":"U","Shape__Length":0.08651613602374603,"Shape__Area":0.0002518473152803981,"OBJECTID":27399,"cadid":108033150,"createdate":"19950728000000","modifieddate":"20251009071918"}},
{"type":"Feature","geometry":{"type":"Polygon","coordinates":[[[151.05137024854167,-33.82356857519675],[151.05281032023382,-33.81116982847057],[151.0504906515474,-33.803502132887616],[151.04735234548284,-33.80410327055292],[151.0461558895905,-33.805815715296944],[151.04250075726677,-33.805875383904386],[151.03773218445815,-33.80508515657422],[151.03177409598146,-33.80504071244724],[151.0297863359727,-33.80938334097583],[151.02799771126277,-33.809020638720796],[151.02842257597786,-33.81064151507047],[151.02579395555196,-33.81456077414443],[151.02689255110985,-33.81733667097595],[151.0350648239628,-33.81909694677604],[151.0413450833331,-33.81788446583313],[151.04466809674605,-33.81892983446289],[151.04797180423353,-33.82282379507576],[151.0495215382778,-33.823813079945545],[151.05137024854167,-33.82356857519675]]]},"properties":{"suburbname":"RYDALMERE","postcode":2116,"state":2,"startdate":"20251013093130","enddate":"30000101000000","lastupdate":"20251013093200","msoid":2382,"centroidid":null,"shapeuuid":"9c2c616c-6395-3e0f-b42b-2b1b8b1efcbb","changetype":"M","processstate":null,"urbanity":"U","Shape__Length":0.09263617461600135,"Shape__Area":0.00034777719128616894,"OBJECTID":27409,"cadid":108031916,"createdate":"19950728000000","modifieddate":"20251013093048"}},
{"type":"Feature","geometry":{"type":"Polygon","coordinates":[[[151.13302715502482,-34.04570903942188],[151.13064984231872,-34.04462022998197],[151.1300041575486,-34.047756343666805],[151.1157768694545,-34.04576843541036],[151.1171675691772,-34.042338496790606],[151.11220109610457,-34.04165313396238],[151.11118332736268,-34.043292891988905],[151.10810373619347,-34.050773161482695],[151.10825065788373,-34.0541304547645],[151.10468660319864,-34.057855400380845],[151.10256210849442,-34.06191653022109],[151.1067965417999,-34.06557747503317],[151.1112771729407,-34.06346841685274],[151.1127830779739,-34.06213367964792],[151.11701268605808,-34.0626221982114],[151.11887382580346,-34.06202105947598],[151.12311384629197,-34.06353971478325],[151.1255286136041,-34.062380102679874],[151.12642307819124,-34.05887706984907],[151.12800815747727,-34.059107338482455],[151.12785316804022,-34.06413227737498],[151.1325639349602,-34.06607522196496],[151.1355845540156,-34.06052369097831],[151.13661107396806,-34.05727328584302],[151.1337431463342,-34.05552069515688],[151.13109648658943,-34.055138571866586],[151.13261138619865,-34.050291977595066],[151.13302715502482,-34.04570903942188]]]},"properties":{"suburbname":"CARINGBAH SOUTH","postcode":2229,"state":2,"startdate":"20251015151628","enddate":"30000101000000","lastupdate":"20251015151702","msoid":5105,"centroidid":null,"shapeuuid":"462daf38-fe3c-3feb-aba3-7f3275c07b59","changetype":"M","processstate":null,"urbanity":"U","Shape__Length":0.1371042030017216,"Shape__Area":0.0004843579079311442,"OBJECTID":27419,"cadid":159842966,"createdate":"20080206130857","modifieddate":"20251015151518"}},
{"type":"Feature","geometry":{"type":"Polygon","coordinates":[[[151.06149633513743,-33.938120282609255],[151.0550619746866,-33.9372694412248],[151.0546668782726,-33.93915605681199],[151.0484820396516,-33.93841421417525],[151.04414684252978,-33.9387935033345],[151.0405355194632,-33.94273781321389],[151.04003709495788,-33.94480859549852],[151.0425066780101,-33.947453109788334],[151.04201399267197,-33.954391945456365],[151.05728888757255,-33.9572081973838],[151.05829048101648,-33.95690770560114],[151.05917057909045,-33.952918183592985],[151.06461116568738,-33.95218384825566],[151.06234788895557,-33.94886399822323],[151.06374145436482,-33.94847978182374],[151.06552130515703,-33.939840221563244],[151.06149633513743,-33.938120282609255]]]},"properties":{"suburbname":"RIVERWOOD","postcode":2210,"state":2,"startdate":"20251021090547","enddate":"30000101000000","lastupdate":"20251021090617","msoid":3560,"centroidid":null,"shapeuuid":"82b35877-4f64-3ecb-ae89-957ff7f712f4","changetype":"M","processstate":null,"urbanity":"U","Shape__Length":0.08980143802595886,"Shape__Area":0.00037457553626291394,"OBJECTID":27448,"cadid":108033094,"createdate":"19950728000000","modifieddate":"20251021090144"}},
{"type":"Feature","geometry":{"type":"Polygon","coordinates":[[[151.06461116568738,-33.95218384825566],[151.05917057909045,-33.952918183592985],[151.05829048101648,-33.95690770560114],[151.05728888757255,-33.9572081973838],[151.04201399267197,-33.954391945456365],[151.0413061299502,-33.960594982345526],[151.0421920475584,-33.96296653042039],[151.04547946036064,-33.96878512023804],[151.0452619106844,-33.97057216569057],[151.05135342480884,-33.97131816563831],[151.05421109173992,-33.97057010661176],[151.0548006719875,-33.96770275107129],[151.05988151383661,-33.96846702448739],[151.06025015963118,-33.96646434189798],[151.0686034321383,-33.96419425236522],[151.07226548950166,-33.96109432407316],[151.07381336527322,-33.961223745709965],[151.07366733356528,-33.960657957314965],[151.07272874012844,-33.96070707139296],[151.06461116568738,-33.95218384825566]]]},"properties":{"suburbname":"PEAKHURST","postcode":2210,"state":2,"startdate":"20251021090547","enddate":"30000101000000","lastupdate":"20251021090617","msoid":3562,"centroidid":null,"shapeuuid":"d316d4ff-0b72-3131-84e5-b0ffc2ec8af7","changetype":"M","processstate":null,"urbanity":"U","Shape__Length":0.10529232953710835,"Shape__Area":0.00036679181798623847,"OBJECTID":27449,"cadid":108033096,"createdate":"19950728000000","modifieddate":"20251021090144"}},
{"type":"Feature","geometry":{"type":"Polygon","coordinates":[[[151.15821862507207,-33.74280746807498],[151.15646097271667,-33.74913150083602],[151.1509254264222,-33.747578460086714],[151.14903868863996,-33.7480370591888],[151.1475149693832,-33.75078654735682],[151.1441392504417,-33.752089780723495],[151.14024984160335,-33.75481928463017],[151.1423820512127,-33.758908176653],[151.14127626850623,-33.76361715736891],[151.1415834750184,-33.76594117984691],[151.14073735925078,-33.76897004287858],[151.14231467333082,-33.77084341010078],[151.14635990250025,-33.769130777874196],[151.145197569635,-33.766539379457306],[151.14895120139659,-33.76478598022007],[151.148513018882,-33.76355877019587],[151.15124934371053,-33.76213555494624],[151.1566994363086,-33.76079069283752],[151.1586745644787,-33.758024427302736],[151.16261479360216,-33.75681342275917],[151.1658243747012,-33.756527536606775],[151.16811082313527,-33.75504282513417],[151.17116910775138,-33.75168695724278],[151.16681886705746,-33.74818070767765],[151.16171361416934,-33.74633874515662],[151.16065510000752,-33.74370027873469],[151.15821862507207,-33.74280746807498]]]},"properties":{"suburbname":"GORDON","postcode":2072,"state":2,"startdate":"20251028133221","enddate":"30000101000000","lastupdate":"20251028133248","msoid":1199,"centroidid":null,"shapeuuid":"ac1ee7f1-d211-3330-b476-0e395d182b22","changetype":"M","processstate":null,"urbanity":"U","Shape__Length":0.13017483904871166,"Shape__Area":0.00036840557091045165,"OBJECTID":27483,"cadid":108030733,"createdate":"19950728000000","modifieddate":"20251028133105"}},
{"type":"Feature","geometry":{"type":"Polygon","coordinates":[[[151.1905315619373,-33.70760676821267],[151.1914216613564,-33.70269264938827],[151.1881591623971,-33.698599601777055],[151.17629620121218,-33.69795083481634],[151.17410050852052,-33.69951214289797],[151.17156230081176,-33.70356799020579],[151.1707083226603,-33.7064516795544],[151.16897313259184,-33.70754603788122],[151.16870319934822,-33.710366113744406],[151.1656063903359,-33.71304284830611],[151.16539449870086,-33.71792361565065],[151.15900383132362,-33.716791656636],[151.1560198003342,-33.7168570807317],[151.15395211305378,-33.715728690288714],[151.15141361429056,-33.71799077960927],[151.14948348774263,-33.72291607749001],[151.14774059260634,-33.73075006763764],[151.14828786304633,-33.73035788468142],[151.15546332991914,-33.732985745497956],[151.15292980027385,-33.735668225244964],[151.1525410550771,-33.73747601005875],[151.15888641517054,-33.738349263698424],[151.15821862507207,-33.74280746807498],[151.16065510000752,-33.74370027873469],[151.16171361416934,-33.74633874515662],[151.16681886705746,-33.74818070767765],[151.17116910775138,-33.75168695724278],[151.17276134612257,-33.751664957203616],[151.17939531854873,-33.747633067015876],[151.1801294069773,-33.74671053108442],[151.18444224466236,-33.74770496468504],[151.18760526902688,-33.747015874512144],[151.19054781184875,-33.74732230971784],[151.18814372926795,-33.74363301259931],[151.1870055283116,-33.74436110368242],[151.18193031484083,-33.74271763661623],[151.1802785010857,-33.74054221887842],[151.18217699787272,-33.73692992047362],[151.18171908928534,-33.73487677448571],[151.18283988331487,-33.73211721476596],[151.18559057623952,-33.72983656996057],[151.18796294311556,-33.728043733977195],[151.19174155902112,-33.72817442188707],[151.19202372735023,-33.726731742135506],[151.18865936724578,-33.724777743207184],[151.18770524942792,-33.718943411277955],[151.18916085850307,-33.71615553338969],[151.1905315619373,-33.70760676821267]]]},"properties":{"suburbname":"ST IVES","postcode":2075,"state":2,"startdate":"20251028133221","enddate":"30000101000000","lastupdate":"20251028133248","msoid":2357,"centroidid":null,"shapeuuid":"08b9b05f-b610-3680-983c-783dd5d57157","changetype":"M","processstate":null,"urbanity":"U","Shape__Length":0.21269576555229794,"Shape__Area":0.0013906598317619393,"OBJECTID":27484,"cadid":108031891,"createdate":"19950728000000","modifieddate":"20251028133105"}},
{"type":"Feature","geometry":{"type":"Polygon","coordinates":[[[151.11118332736268,-34.043292891988905],[151.1098604624823,-34.04480299574792],[151.10544579019415,-34.04223846327394],[151.10307918484165,-34.04232100768569],[151.09679053658402,-34.045714323841935],[151.09811490307902,-34.049011522457334],[151.09782278085646,-34.053155979229274],[151.09595323148116,-34.05581048066638],[151.10256210849442,-34.06191653022109],[151.10468660319864,-34.057855400380845],[151.10825065788373,-34.0541304547645],[151.10810373619347,-34.050773161482695],[151.11118332736268,-34.043292891988905]]]},"properties":{"suburbname":"YOWIE BAY","postcode":2228,"state":2,"startdate":"20251105104823","enddate":"30000101000000","lastupdate":"20251105104839","msoid":120,"centroidid":null,"shapeuuid":"fa0e99e2-fce0-30ae-bffa-3850e97fe3ac","changetype":"M","processstate":null,"urbanity":"U","Shape__Length":0.06841114053682185,"Shape__Area":0.00017703937992613,"OBJECTID":27525,"cadid":108029654,"createdate":"19950728000000","modifieddate":"20251105104735"}},
{"type":"Feature","geometry":{"type":"Polygon","coordinates":[[[151.11561158479654,-33.7611956070036],[151.1099018727213,-33.76245233685886],[151.10537221588396,-33.76117187519324],[151.10446433369148,-33.76266525440218],[151.10103621760092,-33.76259634052699],[151.09831241431309,-33.76543242428573],[151.09527835639977,-33.770112702027156],[151.09342224142577,-33.774016004955385],[151.0934787013784,-33.77734483016269],[151.10011447768377,-33.78117415536734],[151.10502681410665,-33.79110956653992],[151.10624312405147,-33.7903636263643],[151.1100919569806,-33.793629947873],[151.1146087010292,-33.78752709247412],[151.1146280483632,-33.78583325394625],[151.11687605730313,-33.784140788233735],[151.10465638799738,-33.775134439901265],[151.10765540096065,-33.77227002691139],[151.10360772227583,-33.76931484569925],[151.10489482994973,-33.76781945194053],[151.10910584094782,-33.77087005461438],[151.11284134270255,-33.76724484909128],[151.1119492473103,-33.76659958812737],[151.1160731359644,-33.76237639094489],[151.11561158479654,-33.7611956070036]]]},"properties":{"suburbname":"MARSFIELD","postcode":2122,"state":2,"startdate":"20251106094337","enddate":"30000101000000","lastupdate":"20251106094358","msoid":3540,"centroidid":null,"shapeuuid":"a50c5120-c8ef-3729-96f3-0aa79c3c4cf9","changetype":"M","processstate":null,"urbanity":"U","Shape__Length":0.12902380996427987,"Shape__Area":0.0003767798906550113,"OBJECTID":27546,"cadid":108033074,"createdate":"19950728000000","modifieddate":"20251106094211"}},
{"type":"Feature","geometry":{"type":"Polygon","coordinates":[[[151.01555647949002,-33.96425184200628],[151.01199632853684,-33.96382794776474],[151.00951208197102,-33.962056682723436],[151.00913895176603,-33.96387981305453],[151.00552655002338,-33.96483821751306],[151.00530704082578,-33.96593327503286],[151.00135489884326,-33.96662296431335],[150.99796739847702,-33.96615535138138],[150.99639737014573,-33.96714919172293],[150.99392844854245,-33.9664182750769],[150.99079585979152,-33.967482009326226],[150.9939585309188,-33.97121688334217],[150.99829363790917,-33.974504788308195],[150.99471624133386,-33.97778358626533],[150.99457760253333,-33.979795367209086],[150.99632809239003,-33.98195855299473],[150.99950264768708,-33.98289524891329],[151.0026608985903,-33.980234379870005],[151.00474554529615,-33.980030707295676],[151.0056437340149,-33.982315152701034],[151.00964720420535,-33.982481362704995],[151.01178902420116,-33.98372620945054],[151.01497353255178,-33.98278693411499],[151.01908787476273,-33.97825514830189],[151.01919947522157,-33.97621797059177],[151.01561788248566,-33.97241454015144],[151.01512279151444,-33.96908254344498],[151.013045392849,-33.966712850752394],[151.01555647949002,-33.96425184200628]]]},"properties":{"suburbname":"PICNIC POINT","postcode":2213,"state":2,"startdate":"20251110115738","enddate":"30000101000000","lastupdate":"20251110115813","msoid":3553,"centroidid":null,"shapeuuid":"2c011135-03cf-352c-98d8-3f0924c603e8","changetype":"M","processstate":null,"urbanity":"R","Shape__Length":0.11162523790062413,"Shape__Area":0.00036958651027667485,"OBJECTID":27570,"cadid":108033087,"createdate":"19950728000000","modifieddate":"20251110115539"}},
{"type":"Feature","geometry":{"type":"Polygon","coordinates":[[[151.19233592228457,-33.87387924450683],[151.18933567883303,-33.87560077348787],[151.18804910479963,-33.873493816843634],[151.1861062333531,-33.87299289196507],[151.18491631060792,-33.87108355052629],[151.18276717396654,-33.87220019207215],[151.18019602297008,-33.87127198589731],[151.1772842775587,-33.872716281831295],[151.17686263407384,-33.87602110095877],[151.1784850094059,-33.875629388776225],[151.18130289973075,-33.88083904688201],[151.18326147995245,-33.88270246337327],[151.1853333815393,-33.88272346621558],[151.18748350373542,-33.884707373902],[151.1946988160043,-33.88443355607388],[151.1950651827199,-33.88442289636508],[151.19399834276135,-33.876081047243886],[151.19233592228457,-33.87387924450683]]]},"properties":{"suburbname":"GLEBE","postcode":2037,"state":2,"startdate":"20251110162245","enddate":"30000101000000","lastupdate":"20251110162306","msoid":1219,"centroidid":null,"shapeuuid":"a1cac6e6-b0a0-363c-8677-5347dcb9984d","changetype":"M","processstate":null,"urbanity":"U","Shape__Length":0.07063471518867492,"Shape__Area":0.00016345009886990357,"OBJECTID":27572,"cadid":108030753,"createdate":"19950728000000","modifieddate":"20251110162141"}},
{"type":"Feature","geometry":{"type":"Polygon","coordinates":[[[151.1980733368992,-33.86857425027748],[151.19611085538585,-33.86727297350875],[151.19752045826488,-33.86384891793139],[151.19520959218193,-33.86250146615297],[151.19099430304615,-33.863958209573475],[151.18707812509396,-33.868364893090124],[151.19086418440816,-33.87171983009557],[151.19233592228457,-33.87387924450683],[151.19399834276135,-33.876081047243886],[151.1979304633697,-33.874511942543556],[151.19724948777673,-33.87289192139697],[151.1980733368992,-33.86857425027748]]]},"properties":{"suburbname":"PYRMONT","postcode":2009,"state":2,"startdate":"20251112111517","enddate":"30000101000000","lastupdate":"20251112111555","msoid":2388,"centroidid":null,"shapeuuid":"4b3b4f27-446c-3a9d-b65e-27f71263426d","changetype":"M","processstate":null,"urbanity":"U","Shape__Length":0.06003410903698813,"Shape__Area":0.00008670011189187411,"OBJECTID":27586,"cadid":108031922,"createdate":"19950728000000","modifieddate":"20251112111141"}},
{"type":"Feature","geometry":{"type":"Polygon","coordinates":[[[151.00472462703013,-33.91222995446558],[151.00004607521453,-33.91137113400816],[151.0009406566908,-33.9067860447352],[150.99472198184617,-33.905699084154996],[150.99407789201342,-33.90340005178799],[150.98770979740738,-33.89917802424359],[150.9859132309067,-33.8997728784469],[150.97637215917155,-33.903585429344474],[150.97944690331718,-33.906386797454985],[150.97765898505006,-33.90895819070736],[150.97324326956235,-33.90718447754706],[150.9735166148075,-33.90989936885472],[150.97440299163722,-33.91295705101374],[150.97388646372215,-33.9154598884556],[150.9816257976438,-33.91640205939968],[150.9817670509108,-33.913619647887444],[150.98520260426122,-33.91236328395659],[150.9871882808122,-33.913935361336634],[150.99845806326246,-33.91576077804477],[151.00315875981354,-33.916528381301376],[151.00472462703013,-33.91222995446558]]]},"properties":{"suburbname":"GEORGES HALL","postcode":2198,"state":2,"startdate":"20251119132721","enddate":"30000101000000","lastupdate":"20251119132728","msoid":2396,"centroidid":null,"shapeuuid":"1eb17401-36f3-3e74-8e97-752887475e32","changetype":"M","processstate":null,"urbanity":"U","Shape__Length":0.10674180417864435,"Shape__Area":0.000320719793627116,"OBJECTID":27619,"cadid":108031930,"createdate":"19950728000000","modifieddate":"20251119132403"}},
{"type":"Feature","geometry":{"type":"Polygon","coordinates":[[[151.14153873341078,-33.85332128951985],[151.14044563633078,-33.85192413602747],[151.14368465325313,-33.84900184181845],[151.1413883001144,-33.84560563524789],[151.13798036416821,-33.847028019142016],[151.13589073410492,-33.8492506540759],[151.13353740310646,-33.8493071267896],[151.1318895235279,-33.851578004745924],[151.13651961229385,-33.85242122162321],[151.1375849506631,-33.85374927021692],[151.14153873341078,-33.85332128951985]]]},"properties":{"suburbname":"CHISWICK","postcode":2046,"state":2,"startdate":"20251119140753","enddate":"30000101000000","lastupdate":"20251119140814","msoid":3523,"centroidid":null,"shapeuuid":"7d5dc9c7-1897-3204-bfc3-11184840aec8","changetype":"M","processstate":null,"urbanity":"U","Shape__Length":0.036732344755805835,"Shape__Area":0.000048335637999621155,"OBJECTID":27620,"cadid":108033057,"createdate":"19950728000000","modifieddate":"20251119140641"}},
{"type":"Feature","geometry":{"type":"Polygon","coordinates":[[[151.03854455460316,-33.8918654739556],[151.0378743979308,-33.89493485084084],[151.03579651892642,-33.89463829617842],[151.0350575905971,-33.89865780161958],[151.02611802049609,-33.89751756816133],[151.02246161640915,-33.89641674351073],[151.02041139020227,-33.89748722330785],[151.01389884156512,-33.89652027436643],[151.01142714222112,-33.896276763661355],[151.01090964747243,-33.89859600605052],[151.00821754864202,-33.898264904084606],[151.00723671681445,-33.89855676097707],[151.00472462703013,-33.91222995446558],[151.00315875981354,-33.916528381301376],[151.0091376448248,-33.91643350132306],[151.01153226747942,-33.91589139605372],[151.01278274399868,-33.91076431642838],[151.01381981726865,-33.9104413659064],[151.0268307317057,-33.912164162621465],[151.0286193662067,-33.9100002620071],[151.03767335354243,-33.90384942810845],[151.03788904935186,-33.899018196056204],[151.03860634089898,-33.89874338735179],[151.03984743135976,-33.89200678317646],[151.03854455460316,-33.8918654739556]]]},"properties":{"suburbname":"YAGOONA","postcode":2199,"state":2,"startdate":"20251120113747","enddate":"30000101000000","lastupdate":"20251120113803","msoid":85,"centroidid":null,"shapeuuid":"e9e967de-6f24-31d5-916c-188fd45d3b3b","changetype":"M","processstate":null,"urbanity":"U","Shape__Length":0.14402785723598377,"Shape__Area":0.00044975271204751816,"OBJECTID":27628,"cadid":108029619,"createdate":"19950728000000","modifieddate":"20251120113638"}},
{"type":"Feature","geometry":{"type":"Polygon","coordinates":[[[151.0275739808772,-33.88791045687381],[151.02362191157115,-33.88870249949092],[151.02115518587567,-33.88839784213461],[151.0161662067338,-33.88608369853753],[151.01389884156512,-33.89652027436643],[151.02041139020227,-33.89748722330785],[151.02246161640915,-33.89641674351073],[151.02611802049609,-33.89751756816133],[151.02811859019104,-33.888071908171845],[151.0275739808772,-33.88791045687381]]]},"properties":{"suburbname":"BIRRONG","postcode":2143,"state":2,"startdate":"20251120113747","enddate":"30000101000000","lastupdate":"20251120113803","msoid":2395,"centroidid":null,"shapeuuid":"bf5f6d2f-308d-3b80-9da3-89e7988fc9bb","changetype":"M","processstate":null,"urbanity":"U","Shape__Length":0.050659378226988426,"Shape__Area":0.00011523110103765126,"OBJECTID":27629,"cadid":108031929,"createdate":"19950728000000","modifieddate":"20251120113638"}},
{"type":"Feature","geometry":{"type":"Polygon","coordinates":[[[151.27901975859447,-33.65989375060677],[151.27155232222978,-33.65885898504623],[151.2709439270381,-33.657180881500146],[151.27354212322422,-33.655482728557054],[151.27423414860843,-33.65327516169487],[151.27367284469625,-33.64991633334144],[151.2753130398654,-33.64649686174205],[151.27465221549437,-33.64503753652585],[151.27583141142256,-33.64046770675877],[151.2757301836755,-33.63759854311572],[151.27317678936848,-33.63722429586622],[151.274133942436,-33.63399548115207],[151.2759081839739,-33.632805157610576],[151.27667394321952,-33.628804693235004],[151.27993987996507,-33.627786647789186],[151.2785108509197,-33.62382668120684],[151.27941479480498,-33.61898869229053],[151.28143875378132,-33.61925365598654],[151.2847537296989,-33.62253059988655],[151.28874764699046,-33.622092541491845],[151.29034758028405,-33.61963650911831],[151.29197758582748,-33.62208848974019],[151.29466953801048,-33.62280946447991],[151.2988124464227,-33.62066740552104],[151.30272839857793,-33.62088037440663],[151.30227936148333,-33.618153377623635],[151.30024235461616,-33.615268359826686],[151.30320428390908,-33.612024348314485],[151.30176427715196,-33.610041361231104],[151.3043212121067,-33.606442337390995],[151.30428517063595,-33.60313332637428],[151.3025921901522,-33.60262434300749],[151.29653231143675,-33.60701139556076],[151.28756044787505,-33.60549453820596],[151.2909833687318,-33.60424548410047],[151.29201336633582,-33.60536646069787],[151.29454528839878,-33.60207343444398],[151.29635625260966,-33.60118942213249],[151.29875945128123,-33.597274853404066],[151.29482378464394,-33.596725076738515],[151.29618601876413,-33.58986884604389],[151.30185449413412,-33.58799186124504],[151.30411759525762,-33.58793579740204],[151.30698464906575,-33.586563810398374],[151.30693846994888,-33.584791004726384],[151.30963589485978,-33.583143368964244],[151.30919686770946,-33.58136337402484],[151.31091934387462,-33.579443054103606],[151.308626202087,-33.57576533578989],[151.30573419151554,-33.575903612296656],[151.3022159393379,-33.573387954130574],[151.29879017500232,-33.57252393432957],[151.2962955461206,-33.57290334932681],[151.29201677216759,-33.57179239237622],[151.2893179396672,-33.57343066818812],[151.28304975606565,-33.57344173165786],[151.28285988339059,-33.57739922632982],[151.2810661917569,-33.57987757418535],[151.27632847650943,-33.58274513002432],[151.27412200295683,-33.58198875316383],[151.27235195708852,-33.58291591677264],[151.27201705269695,-33.58817963755242],[151.2675537181262,-33.5860618735938],[151.26222311713423,-33.58944711016748],[151.2603077921535,-33.58979063118483],[151.25319708038907,-33.588647299727974],[151.25092790242854,-33.58760401365586],[151.2493859549085,-33.59049302809762],[151.25115594642673,-33.59353424562404],[151.258092193003,-33.592915550310856],[151.25851056882067,-33.59504763144534],[151.26139240638895,-33.59694618324992],[151.2597948724648,-33.59794347501254],[151.2558101869733,-33.5965480657199],[151.25203041833169,-33.59766622770645],[151.25157045837673,-33.59883288307518],[151.2544360517709,-33.60361667093589],[151.24636311360445,-33.601989073900306],[151.24629106209065,-33.59618307184019],[151.24281311097462,-33.59498310628863],[151.24351410165173,-33.59806610170979],[151.24092317099542,-33.60050510482378],[151.23916521011984,-33.59979311888669],[151.2368462764611,-33.60244112357773],[151.2342483384205,-33.60211215499173],[151.2315384174726,-33.60349616892645],[151.22870446768306,-33.60152121129078],[151.2286414581625,-33.5996922197465],[151.22624650300213,-33.59894124436863],[151.22425156481916,-33.600679255938914],[151.21830370652023,-33.600698308534206],[151.2214976686954,-33.60623423551912],[151.22292564691597,-33.607139214619586],[151.2248366337477,-33.61161816177533],[151.22497264713022,-33.61439814779106],[151.22647763880556,-33.617131111996244],[151.22359070423138,-33.617030130633154],[151.22265269920018,-33.61298816674277],[151.22127671024907,-33.61040520434167],[151.21807776874383,-33.60933823942767],[151.2155038616124,-33.612625227058786],[151.2073780635147,-33.61545076978551],[151.20597116119734,-33.623168663778486],[151.19925735873016,-33.622229807748916],[151.1966429635309,-33.621443606221405],[151.19117103915403,-33.62227171762031],[151.18807704310922,-33.62165176736731],[151.18528109831138,-33.622575823351895],[151.18198436293673,-33.62798199591854],[151.17963350359057,-33.62591569878034],[151.17635705566866,-33.62713167269863],[151.17302894327253,-33.62648904478229],[151.17303029522816,-33.63221901172097],[151.17011952781732,-33.63385489961805],[151.16907098436764,-33.63691196346684],[151.16492140176032,-33.63962190709782],[151.16435181157536,-33.64367133667996],[151.16550787539387,-33.64615529169035],[151.16474101025773,-33.6502243519725],[151.1612734761215,-33.650296781515614],[151.16058773181163,-33.65127152823852],[151.16221725506486,-33.65465939075647],[151.16387527312565,-33.6555973499843],[151.16426034244725,-33.65814735351676],[151.16141909765497,-33.65996783020709],[151.1668705932758,-33.664072422238576],[151.16891575541496,-33.66731921952893],[151.16744199311626,-33.669909205450196],[151.16886505310472,-33.67134108517328],[151.16704626751567,-33.673140133649966],[151.16851039516644,-33.6758339642361],[151.1716493626036,-33.677080774811884],[151.1683869473726,-33.68310276699514],[151.16586021703864,-33.68532783332231],[151.16765245959218,-33.68794300924342],[151.1693664595434,-33.68876363635113],[151.17442763100124,-33.69482873681823],[151.17629620121218,-33.69795083481634],[151.1881591623971,-33.698599601777055],[151.1914216613564,-33.70269264938827],[151.1905315619373,-33.70760676821267],[151.19382444604184,-33.707419933562974],[151.19717892184275,-33.70601937705461],[151.20368683593864,-33.70627884111431],[151.20627661817542,-33.703840041914304],[151.20982830921022,-33.70197304711867],[151.20687529787656,-33.698010698784515],[151.20963129867044,-33.697969953479664],[151.20733112872003,-33.690045106083225],[151.21020924385448,-33.68956492159958],[151.2110371055066,-33.68820517647941],[151.20277100180593,-33.68771184563474],[151.20510928715353,-33.685101976326294],[151.20557480573655,-33.68235977037725],[151.20307795971235,-33.682283962022005],[151.20005782072593,-33.6847784216272],[151.1960312607917,-33.684869684630016],[151.1931155415009,-33.68584832476415],[151.19304829643684,-33.68312527016691],[151.19193909011426,-33.6800583770229],[151.1880413670194,-33.68591473998845],[151.1809806278255,-33.68656908068082],[151.18225024301103,-33.68466143838187],[151.18044379000446,-33.683539257368906],[151.17721334145298,-33.68475936368553],[151.17595300735493,-33.684129483483225],[151.17560169738942,-33.6812574512554],[151.17689192153367,-33.67914134335513],[151.17640268642364,-33.677062847185205],[151.1737076396309,-33.67558279025882],[151.17388271581777,-33.6726576993148],[151.17826614317653,-33.67332024471252],[151.18011931788598,-33.671382981546095],[151.17669544251535,-33.67101788777402],[151.19052680474547,-33.6629336892673],[151.1889362403189,-33.661019120552886],[151.19516162691863,-33.661478264538246],[151.20071034094593,-33.65855576688016],[151.20245307325894,-33.6591854718238],[151.1999268712514,-33.66172171356517],[151.20227650741953,-33.66678091657139],[151.2018795290536,-33.669652968192125],[151.20436563661505,-33.67014632912543],[151.20529361270312,-33.67305568771732],[151.21284301699316,-33.67440643755837],[151.21294804573049,-33.677021799491854],[151.2159571036127,-33.676598640598385],[151.22334576948478,-33.67741554699541],[151.2268121141674,-33.675998669705486],[151.23003525317554,-33.677563389546464],[151.2326871893347,-33.67602654878096],[151.23275965664806,-33.67250560243781],[151.23859280936472,-33.673234057671344],[151.23832546437063,-33.67467444663439],[151.23446510306056,-33.68143519701783],[151.23493811337644,-33.68265475782338],[151.24019385483172,-33.68484579164921],[151.24771799286066,-33.68185362466436],[151.25042091061857,-33.67777474327814],[151.25371561088707,-33.67023183332663],[151.25895253300334,-33.67290310870692],[151.26379753439537,-33.673198095730605],[151.26597294684314,-33.671094851214775],[151.26727143747198,-33.664529758624155],[151.27059963244372,-33.664995990948626],[151.2723795695115,-33.66784001206869],[151.27831807399346,-33.663186706460806],[151.27901975859447,-33.65989375060677]]]},"properties":{"suburbname":"KU-RING-GAI CHASE","postcode":null,"state":2,"startdate":"20251121143750","enddate":"30000101000000","lastupdate":"20251121143808","msoid":2342,"centroidid":null,"shapeuuid":"5f464f6f-3687-3a14-9d07-b7a060ffab5d","changetype":"M","processstate":null,"urbanity":"R","Shape__Length":1.007604228533834,"Shape__Area":0.00886468386234756,"OBJECTID":27638,"cadid":108031876,"createdate":"19950728000000","modifieddate":"20251121143715"}},
{"type":"Feature","geometry":{"type":"Polygon","coordinates":[[[151.11808831327582,-33.98156496515289],[151.11613199561666,-33.98088719131859],[151.11338697808728,-33.97789979495408],[151.108434176418,-33.98076393153582],[151.10765780985315,-33.98233540177502],[151.10490245290464,-33.983701402128524],[151.10227551351406,-33.98303481771126],[151.1013782661873,-33.98548761546399],[151.10205106516966,-33.98680191023897],[151.1055363577104,-33.988241077744064],[151.10237203917842,-33.99119990636917],[151.09984606017858,-33.99566872403648],[151.1008109989978,-33.996849242696996],[151.1002150196973,-34.002941370239505],[151.102130206483,-34.00356594283474],[151.10739777175385,-34.00265466154683],[151.11370657163872,-34.00317634967895],[151.1154619185813,-34.000081554536635],[151.11899556766724,-34.0001685132263],[151.11904259229053,-33.9984098642875],[151.12096290079725,-33.99479072788139],[151.11353270200283,-33.989001733043494],[151.1120624047653,-33.9871407292266],[151.11555511999808,-33.98211998573886],[151.11808831327582,-33.98156496515289]]]},"properties":{"suburbname":"BLAKEHURST","postcode":2221,"state":2,"startdate":"20251124071612","enddate":"30000101000000","lastupdate":"20251124073939","msoid":94,"centroidid":null,"shapeuuid":"33814e84-eda1-35d1-b0c5-1e77cbca9da5","changetype":"M","processstate":null,"urbanity":"U","Shape__Length":0.11043105446746995,"Shape__Area":0.0003241017006264735,"OBJECTID":27640,"cadid":108029628,"createdate":"19950728000000","modifieddate":"20251124071537"}},
{"type":"Feature","geometry":{"type":"Polygon","coordinates":[[[151.09984606017858,-33.99566872403648],[151.10237203917842,-33.99119990636917],[151.1055363577104,-33.988241077744064],[151.10205106516966,-33.98680191023897],[151.1013782661873,-33.98548761546399],[151.09628003208968,-33.98792341295839],[151.09735042558674,-33.99027927555854],[151.0958265906941,-33.992032341338884],[151.09523505151216,-33.99529532067957],[151.09984606017858,-33.99566872403648]]]},"properties":{"suburbname":"KYLE BAY","postcode":2221,"state":2,"startdate":"20251124071612","enddate":"30000101000000","lastupdate":"20251124073939","msoid":3565,"centroidid":null,"shapeuuid":"2e19ca70-4db0-3775-8a68-073079812e66","changetype":"M","processstate":null,"urbanity":"U","Shape__Length":0.03820985864562102,"Shape__Area":0.00005650268929488442,"OBJECTID":27641,"cadid":108033099,"createdate":"19950728000000","modifieddate":"20251124071537"}},
{"type":"Feature","geometry":{"type":"Polygon","coordinates":[[[151.1596928530525,-33.93332811203788],[151.15582495132801,-33.935760727608645],[151.15270600895687,-33.93383644604224],[151.14940234147332,-33.93710260772914],[151.14804123408385,-33.93570192616306],[151.15001183456192,-33.931830252165085],[151.14856142870354,-33.930341562365875],[151.14469733335144,-33.933552095443744],[151.14156445834283,-33.932709030273436],[151.13833666283645,-33.93286415983714],[151.13832208151885,-33.93606589870225],[151.13602154736182,-33.937865084235284],[151.13113057713176,-33.94038279582095],[151.12970722578993,-33.94290943616819],[151.1303671948135,-33.94314519906482],[151.1336636142031,-33.94354927104103],[151.13704399318775,-33.94359119799291],[151.14709118609997,-33.94508306053712],[151.1526681753181,-33.94479191982059],[151.1573521134965,-33.94687583665241],[151.16069377546629,-33.94542658336453],[151.15988558605636,-33.943420601557364],[151.16122415933253,-33.937325900723344],[151.1603304967569,-33.933698064994125],[151.1596928530525,-33.93332811203788]]]},"properties":{"suburbname":"ARNCLIFFE","postcode":2205,"state":2,"startdate":"20251127115547","enddate":"30000101000000","lastupdate":"20251127115612","msoid":104,"centroidid":null,"shapeuuid":"f0544caf-82e6-314f-bd87-9d65e41c76c7","changetype":"M","processstate":null,"urbanity":"U","Shape__Length":0.10792846745905867,"Shape__Area":0.0002899599805014671,"OBJECTID":27650,"cadid":108029638,"createdate":"19950728000000","modifieddate":"20251127115515"}},
{"type":"Feature","geometry":{"type":"Polygon","coordinates":[[[151.1336636142031,-33.94354927104103],[151.1303671948135,-33.94314519906482],[151.12837698064072,-33.94689432879386],[151.1322988921812,-33.95139793774104],[151.1344187735338,-33.95599996823231],[151.13591898988233,-33.95644726087414],[151.13735928093053,-33.958940360140026],[151.14119744953393,-33.95984142795197],[151.1432189411766,-33.959513778738085],[151.14280407317582,-33.964981640055115],[151.1446715232436,-33.96525119737616],[151.14514283876701,-33.96531893860624],[151.14792698905399,-33.96221109037024],[151.14930734686976,-33.958726907442106],[151.14694175444015,-33.95736236146129],[151.1476559640832,-33.95470413823108],[151.15037468980438,-33.953719867801716],[151.15278204210256,-33.950548696296316],[151.15295634680558,-33.95040218154321],[151.1462641663113,-33.94928600602605],[151.1362136904504,-33.9470582245961],[151.1336636142031,-33.94354927104103]]]},"properties":{"suburbname":"ROCKDALE","postcode":2216,"state":2,"startdate":"20251127115547","enddate":"30000101000000","lastupdate":"20251127115612","msoid":1253,"centroidid":null,"shapeuuid":"6f5ecde7-fcad-35cd-94ae-8586bc922ccc","changetype":"M","processstate":null,"urbanity":"U","Shape__Length":0.11147260390934795,"Shape__Area":0.00023253196539907626,"OBJECTID":27652,"cadid":108030787,"createdate":"19950728000000","modifieddate":"20251127115515"}},
{"type":"Feature","geometry":{"type":"Polygon","coordinates":[[[150.95810236089366,-33.88214192216779],[150.95206369210104,-33.882104876870436],[150.94866176247857,-33.88298096982146],[150.93887310631177,-33.87711084207638],[150.93629593274787,-33.87613550376423],[150.93529419717538,-33.88137677352727],[150.93572311208166,-33.881848851042975],[150.93377532869192,-33.889454658816426],[150.94125906246927,-33.89062732806416],[150.94297164456296,-33.88949311473548],[150.9445882748786,-33.89120429047311],[150.95026519686837,-33.89184779369228],[150.9515353521168,-33.892497429253304],[150.95951783358447,-33.89374865190783],[150.96583634753466,-33.891138376039876],[150.9671535394959,-33.89012799269574],[150.95958408441473,-33.89043764856026],[150.95894474069723,-33.88889604744826],[150.96259706823872,-33.887130562350755],[150.95816030450553,-33.88483108498573],[150.95810236089366,-33.88214192216779]]]},"properties":{"suburbname":"CANLEY VALE","postcode":2166,"state":2,"startdate":"20251127133327","enddate":"30000101000000","lastupdate":"20251127133536","msoid":2451,"centroidid":null,"shapeuuid":"8ad25d98-29dd-38bf-bb5f-ff7c5f211d69","changetype":"M","processstate":null,"urbanity":"U","Shape__Length":0.10743983818957127,"Shape__Area":0.0002787722466416391,"OBJECTID":27657,"cadid":108031985,"createdate":"19950728000000","modifieddate":"20251127132821"}},
{"type":"Feature","geometry":{"type":"Polygon","coordinates":[[[151.18069501004646,-33.919252960612376],[151.18599060709533,-33.917286177058365],[151.18559434473903,-33.91588760758713],[151.18124868746983,-33.91333170424714],[151.18145639741516,-33.907285066540304],[151.18146086216487,-33.90671804928324],[151.1750337281989,-33.90881224543886],[151.16733525791676,-33.91372239812059],[151.16925165051376,-33.914376129087685],[151.17197850982322,-33.91719947655675],[151.16798299460578,-33.9202453230085],[151.17418485342364,-33.92510027376913],[151.1750244672558,-33.92380706940877],[151.18069501004646,-33.919252960612376]]]},"properties":{"suburbname":"ST PETERS","postcode":2044,"state":2,"startdate":"20251201112905","enddate":"30000101000000","lastupdate":"20251201112927","msoid":1256,"centroidid":null,"shapeuuid":"5f71d19e-8d82-31b0-88c4-4abf3bf74744","changetype":"M","processstate":null,"urbanity":"U","Shape__Length":0.06417860332692739,"Shape__Area":0.0001725107948780543,"OBJECTID":27667,"cadid":108030790,"createdate":"19950728000000","modifieddate":"20251201112755"}},
{"type":"Feature","geometry":{"type":"Polygon","coordinates":[[[151.16798299460578,-33.9202453230085],[151.17197850982322,-33.91719947655675],[151.16925165051376,-33.914376129087685],[151.16733525791676,-33.91372239812059],[151.16430866094788,-33.915770664980435],[151.16798299460578,-33.9202453230085]]]},"properties":{"suburbname":"SYDENHAM","postcode":2044,"state":2,"startdate":"20251201112905","enddate":"30000101000000","lastupdate":"20251201112927","msoid":3569,"centroidid":null,"shapeuuid":"e4ca0656-b05f-3e10-b06a-a7b519457784","changetype":"M","processstate":null,"urbanity":"U","Shape__Length":0.02159220522567648,"Shape__Area":0.000027736026444106338,"OBJECTID":27668,"cadid":108033103,"createdate":"19950728000000","modifieddate":"20251201112755"}},
{"type":"Feature","geometry":{"type":"Polygon","coordinates":[[[151.24912131701768,-33.75669179681059],[151.24334705917113,-33.753654205195176],[151.242901292699,-33.75580162231616],[151.23943500815724,-33.75530170604094],[151.2387457624915,-33.75896085183027],[151.23360658370706,-33.757803063103424],[151.23284995865072,-33.76199357994403],[151.23396978216107,-33.76582034308152],[151.2392953580798,-33.77879223777664],[151.24321985064896,-33.78155924389794],[151.25147958985005,-33.78309595733021],[151.2521064260049,-33.78545065221406],[151.25519528923877,-33.78567782194115],[151.2555659170121,-33.783816370462944],[151.2555968879331,-33.781451025075],[151.25882488179496,-33.780088972139595],[151.26223431714357,-33.777426385745066],[151.26433725874503,-33.77852976844146],[151.2671476043881,-33.778033280807406],[151.26596367000008,-33.77336464380275],[151.2661858570841,-33.76996268908014],[151.25866483756496,-33.76847755050793],[151.25905999303947,-33.76577539397993],[151.25808880594812,-33.76438555706009],[151.2597745505943,-33.76287125761226],[151.26074051321592,-33.76032284935838],[151.25413039167833,-33.75914290826953],[151.25075178536167,-33.759797045423916],[151.2509770911392,-33.7569516003786],[151.24912131701768,-33.75669179681059]]]},"properties":{"suburbname":"ALLAMBIE HEIGHTS","postcode":2100,"state":2,"startdate":"20251204123930","enddate":"30000101000000","lastupdate":"20251204141327","msoid":1232,"centroidid":null,"shapeuuid":"5d272274-2d2a-3105-ac68-372ba75d2a84","changetype":"M","processstate":null,"urbanity":"R","Shape__Length":0.1394405196880533,"Shape__Area":0.0006363313988060664,"OBJECTID":27692,"cadid":108030766,"createdate":"19950728000000","modifieddate":"20251204123806"}},
{"type":"Feature","geometry":{"type":"Polygon","coordinates":[[[151.09781913766375,-33.97530977007281],[151.09713552680773,-33.97130456160128],[151.09834436504372,-33.97013462048552],[151.09478743273544,-33.97173213339747],[151.08882921590657,-33.97541125765678],[151.08778202346136,-33.97683418903703],[151.08841584195832,-33.9790580233007],[151.0876529905347,-33.98178156184079],[151.08966654829572,-33.984926613562706],[151.09441814780956,-33.98421601058589],[151.09771710354394,-33.97779984988631],[151.09781913766375,-33.97530977007281]]]},"properties":{"suburbname":"HURSTVILLE GROVE","postcode":2220,"state":2,"startdate":"20251205132653","enddate":"30000101000000","lastupdate":"20251205132701","msoid":3564,"centroidid":null,"shapeuuid":"4fcc49c6-08a5-330c-8a04-e07eb4514e12","changetype":"M","processstate":null,"urbanity":"U","Shape__Length":0.04956408885409759,"Shape__Area":0.00009831701717385437,"OBJECTID":27698,"cadid":108033098,"createdate":"19950728000000","modifieddate":"20251205132556"}},
{"type":"Feature","geometry":{"type":"Polygon","coordinates":[[[151.09978035899223,-33.84179609052581],[151.10234264674796,-33.83907114584627],[151.09922686298802,-33.83794773351981],[151.09600058162488,-33.839992445253166],[151.09511557590727,-33.83760489152619],[151.0989964712452,-33.83610475030518],[151.0991111571752,-33.832089795817325],[151.09608122984116,-33.83129535637645],[151.09434978263778,-33.83431883402565],[151.09199960497688,-33.835010063785354],[151.0898911839644,-33.8330968124988],[151.0884666912516,-33.835063868544964],[151.084303380392,-33.83719096641225],[151.08542414768556,-33.83835173183015],[151.08518091567532,-33.84481332887573],[151.08238445600261,-33.845469127686876],[151.0814288447342,-33.849974761452785],[151.08269997198283,-33.853786118486326],[151.0834828328417,-33.85111372980277],[151.08579639169722,-33.85086089313884],[151.0870956618507,-33.856232389830616],[151.091308322352,-33.85530199246865],[151.09245362967073,-33.85354080735531],[151.09169517670796,-33.85053515522587],[151.0945083710695,-33.84991854400306],[151.09727304521508,-33.844829972452864],[151.09978035899223,-33.84179609052581]]]},"properties":{"suburbname":"CONCORD WEST","postcode":2138,"state":2,"startdate":"20251211103126","enddate":"30000101000000","lastupdate":"20251211103130","msoid":2366,"centroidid":null,"shapeuuid":"0505e38c-3364-3281-bb0e-919ccf1de989","changetype":"M","processstate":null,"urbanity":"U","Shape__Length":0.10116120144309124,"Shape__Area":0.0002589210155598021,"OBJECTID":27727,"cadid":108031900,"createdate":"19950728000000","modifieddate":"20251211103009"}},
{"type":"Feature","geometry":{"type":"Polygon","coordinates":[[[151.0849463024563,-34.02660645358881],[151.0833584232943,-34.026371346651416],[151.0840999642941,-34.02285104277878],[151.07441603267853,-34.02143848248447],[151.075862105476,-34.0191947904366],[151.07276760929727,-34.01960547605033],[151.07246477315405,-34.02101003239333],[151.0671068618851,-34.020218516506446],[151.06679561796057,-34.021646808329194],[151.0681963403775,-34.02252334827865],[151.0680302097711,-34.025721162235406],[151.0657242650295,-34.03744580405434],[151.06020921415012,-34.04032871312083],[151.06547526246456,-34.04109234755441],[151.06520570594043,-34.04253729820809],[151.07145758109922,-34.047136969119435],[151.07342406170108,-34.04680549037545],[151.07625458771525,-34.04683180887186],[151.0759251391404,-34.04489979254491],[151.0788133090248,-34.04237990204353],[151.07851967105267,-34.04068113783969],[151.0807570376082,-34.03245666316251],[151.07765453259853,-34.03150606912143],[151.0849463024563,-34.02660645358881]]]},"properties":{"suburbname":"KIRRAWEE","postcode":2232,"state":2,"startdate":"20251218112257","enddate":"30000101000000","lastupdate":"20251218112329","msoid":4553,"centroidid":null,"shapeuuid":"fdbc5199-e499-303c-aba3-b547d451dba2","changetype":"M","processstate":null,"urbanity":"U","Shape__Length":0.1196661209524371,"Shape__Area":0.0003466123689624728,"OBJECTID":27815,"cadid":108034087,"createdate":"19950728000000","modifieddate":"20251218112208"}},
{"type":"Feature","geometry":{"type":"Polygon","coordinates":[[[151.05704433348336,-33.798763408374384],[151.0546996426413,-33.79932116990973],[151.04972530995494,-33.798404322710674],[151.04698031071914,-33.79666895274868],[151.0406080890159,-33.800348032781876],[151.0358595140753,-33.800942547864196],[151.03436408979883,-33.80200285775165],[151.03162856134833,-33.80180576148146],[151.02919651876712,-33.80410622132608],[151.02799771126277,-33.809020638720796],[151.0297863359727,-33.80938334097583],[151.03177409598146,-33.80504071244724],[151.03773218445815,-33.80508515657422],[151.04250075726677,-33.805875383904386],[151.0461558895905,-33.805815715296944],[151.04735234548284,-33.80410327055292],[151.0504906515474,-33.803502132887616],[151.0551099604631,-33.803022221064474],[151.05750828257888,-33.80204330286985],[151.05704433348336,-33.798763408374384]]]},"properties":{"suburbname":"DUNDAS","postcode":2117,"state":2,"startdate":"20251223151515","enddate":"30000101000000","lastupdate":"20251223151547","msoid":67,"centroidid":null,"shapeuuid":"c16b4752-19d6-354d-84fc-55e679c4682f","changetype":"M","processstate":null,"urbanity":"U","Shape__Length":0.08969958159564836,"Shape__Area":0.00013939192760503192,"OBJECTID":27845,"cadid":108029601,"createdate":"19950728000000","modifieddate":"20251223151408"}},
{"type":"Feature","geometry":{"type":"Polygon","coordinates":[[[151.18602971185982,-33.85476010463063],[151.1841922817995,-33.85392813537334],[151.18096116079033,-33.85552698158664],[151.17561957274143,-33.85247212353721],[151.17134779102113,-33.85454203713279],[151.16873200083327,-33.8549479606121],[151.16935607228461,-33.85728558460938],[151.17260206175763,-33.85840475690067],[151.17230054316764,-33.86030708277488],[151.17650636072023,-33.86280449070934],[151.1790996652253,-33.86222974327354],[151.1815111589766,-33.86369618312513],[151.18680834998852,-33.86135280327573],[151.19122626145528,-33.86120672596964],[151.19272595241443,-33.85966246188591],[151.19188926199854,-33.85814475896388],[151.18875429966317,-33.85673924831221],[151.18602971185982,-33.85476010463063]]]},"properties":{"suburbname":"BALMAIN","postcode":2041,"state":2,"startdate":"20260102162608","enddate":"30000101000000","lastupdate":"20260102162636","msoid":2375,"centroidid":null,"shapeuuid":"e0e4fe15-2a07-3048-8ad5-d16dcc5c1948","changetype":"M","processstate":null,"urbanity":"U","Shape__Length":0.08325516758177112,"Shape__Area":0.00015092888971151766,"OBJECTID":27892,"cadid":108031909,"createdate":"19950728000000","modifieddate":"20260102162516"}},
{"type":"Feature","geometry":{"type":"Polygon","coordinates":[[[151.11528720929155,-33.646410992719446],[151.12027039705177,-33.64299204614719],[151.1203149633759,-33.64076062639452],[151.11775738258459,-33.63498374021484],[151.11862799792993,-33.63225835224057],[151.12026808809068,-33.63070123245275],[151.1190636452317,-33.626088047182044],[151.11664297553006,-33.628423873059816],[151.1147172360931,-33.628348761487686],[151.11356598991873,-33.62508349956113],[151.11007117431524,-33.62668982932759],[151.1078910289241,-33.62973797899085],[151.10788375980732,-33.631214549904776],[151.1103110492931,-33.63341561900449],[151.1070921826431,-33.635625213634086],[151.10570122768314,-33.6380941909309],[151.10176766122754,-33.638431057750374],[151.10156906192128,-33.64160269108278],[151.10038952833315,-33.646760343184475],[151.09821845497632,-33.64923073863108],[151.0951158865507,-33.64803461049963],[151.09227967958176,-33.65220384066501],[151.08981491266564,-33.654171557335665],[151.08746844014112,-33.65470080984497],[151.0876050465749,-33.65766093636437],[151.08393576687934,-33.65965122864329],[151.0794676080806,-33.66351038050214],[151.08001427053327,-33.6648962376657],[151.08385402189893,-33.665478258607216],[151.08639453254676,-33.66921180866351],[151.08476923576464,-33.6716984672039],[151.0874763601566,-33.67339343315311],[151.08723630443308,-33.67834727134535],[151.0861967316389,-33.68278600277582],[151.08864368927414,-33.683996131627715],[151.0952898883357,-33.685854021955436],[151.09540295757864,-33.68311940655355],[151.09792196691012,-33.6834729577551],[151.09828859084834,-33.68168156173357],[151.10079615221673,-33.682038793785686],[151.10393555177828,-33.680425360748046],[151.10278794036012,-33.67119725871428],[151.10599517026137,-33.66783321213322],[151.10508722951434,-33.666081665295245],[151.10698919444314,-33.66223977434699],[151.1112092762152,-33.65741921884947],[151.1104991446829,-33.65599614312872],[151.1105114389929,-33.6520000284233],[151.112100486472,-33.6490258923332],[151.11528720929155,-33.646410992719446]]]},"properties":{"suburbname":"HORNSBY HEIGHTS","postcode":2077,"state":2,"startdate":"20260112094211","enddate":"30000101000000","lastupdate":"20260112094221","msoid":40,"centroidid":null,"shapeuuid":"71296ca7-0cd5-374d-a778-b56ff3953922","changetype":"M","processstate":null,"urbanity":"U","Shape__Length":0.2012947018074961,"Shape__Area":0.0009912394404819219,"OBJECTID":27917,"cadid":108029574,"createdate":"19950728000000","modifieddate":"20260112094058"}},
{"type":"Feature","geometry":{"type":"Polygon","coordinates":[[[151.10393555177828,-33.680425360748046],[151.10079615221673,-33.682038793785686],[151.09828859084834,-33.68168156173357],[151.09792196691012,-33.6834729577551],[151.09540295757864,-33.68311940655355],[151.0952898883357,-33.685854021955436],[151.08864368927414,-33.683996131627715],[151.0861967316389,-33.68278600277582],[151.08723630443308,-33.67834727134535],[151.08101904099672,-33.682146369820586],[151.0807230375171,-33.68627185616077],[151.0826184830077,-33.68867979069056],[151.08322915842544,-33.692428950400455],[151.0819955028953,-33.69373236056103],[151.08095254744077,-33.69601419976555],[151.0807614990068,-33.69975704348454],[151.0796824741285,-33.705296369063426],[151.08161153254198,-33.70561538924862],[151.0834875186823,-33.70931771361766],[151.0868762091252,-33.711914560687816],[151.08869004668105,-33.71204386418375],[151.0906277309196,-33.71637744688286],[151.09204290494858,-33.71539728599776],[151.0986129050713,-33.71628821522297],[151.0998475013816,-33.71565415540515],[151.09978323114768,-33.71520682094957],[151.09880631387446,-33.71302812654405],[151.10224054125368,-33.71348399606819],[151.10271564232153,-33.710843454957256],[151.10125297126322,-33.71039409006598],[151.1024222145175,-33.70633151240647],[151.10641778818774,-33.70639777998639],[151.10704090484003,-33.70392453840364],[151.11193016090664,-33.704655017060276],[151.11400115005208,-33.70428171037658],[151.11459094114292,-33.70145542130136],[151.11812964434267,-33.70193180122585],[151.1186824069484,-33.69891395709679],[151.121128255575,-33.69494431987018],[151.12150043985554,-33.69227338448295],[151.12003308155928,-33.69412737884341],[151.11655435570162,-33.693637011664876],[151.11118194819795,-33.69694142878922],[151.10946832978942,-33.69490724029348],[151.1057593305182,-33.69391874164165],[151.1017902987802,-33.69386393636336],[151.10458219951138,-33.69139368947564],[151.10354785933853,-33.68955364026532],[151.10510372676694,-33.68210928972577],[151.10393555177828,-33.680425360748046]]]},"properties":{"suburbname":"HORNSBY","postcode":2077,"state":2,"startdate":"20260112094211","enddate":"30000101000000","lastupdate":"20260112094221","msoid":3509,"centroidid":null,"shapeuuid":"3e04eb67-2a2a-3a01-aaff-a8ee88fd3c26","changetype":"M","processstate":null,"urbanity":"R","Shape__Length":0.21458144831711115,"Shape__Area":0.0008241178139145171,"OBJECTID":27919,"cadid":108033043,"createdate":"19950728000000","modifieddate":"20260112094058"}},
{"type":"Feature","geometry":{"type":"Polygon","coordinates":[[[151.23003498451666,-33.87296924356045],[151.23178739022444,-33.871298921077056],[151.2275347072125,-33.86804272655063],[151.225731816147,-33.86836470074511],[151.22517737874446,-33.874026516651334],[151.22683681849213,-33.87482170585259],[151.2285074491664,-33.87225990946176],[151.23003498451666,-33.87296924356045]]]},"properties":{"suburbname":"ELIZABETH BAY","postcode":2011,"state":2,"startdate":"20260112101018","enddate":"30000101000000","lastupdate":"20260112101052","msoid":2386,"centroidid":null,"shapeuuid":"58313017-2527-35a3-8ce8-d579a1ef5ea6","changetype":"M","processstate":null,"urbanity":"U","Shape__Length":0.02519803182794298,"Shape__Area":0.000024270434715080685,"OBJECTID":27920,"cadid":108031920,"createdate":"19950728000000","modifieddate":"20260112100814"}},
{"type":"Feature","geometry":{"type":"Polygon","coordinates":[[[150.878807985846,-33.67026710218684],[150.8707369519968,-33.674580986665994],[150.85767683048357,-33.65729829486904],[150.85259820018547,-33.659959734755326],[150.85218833090818,-33.65903629384888],[150.8526139071105,-33.66160842621139],[150.8560217658165,-33.666844131097044],[150.8603109417765,-33.680020297062335],[150.85189054416645,-33.68482198711654],[150.85435527644358,-33.68477155011019],[150.85743077971983,-33.68788601890763],[150.86172218592154,-33.686833873292905],[150.86523972813296,-33.692402665292335],[150.87352596100558,-33.689061514143106],[150.885973597896,-33.68379125588914],[150.88255317160417,-33.67685682307673],[150.87925987785684,-33.673800739474785],[150.878807985846,-33.67026710218684]]]},"properties":{"suburbname":"RIVERSTONE","postcode":2765,"state":2,"startdate":"20260113145638","enddate":"30000101000000","lastupdate":"20260113145733","msoid":2479,"centroidid":null,"shapeuuid":"c047b452-e33c-375e-9caf-97235d340303","changetype":"M","processstate":null,"urbanity":"U","Shape__Length":0.13008296324673035,"Shape__Area":0.0005371789332355174,"OBJECTID":27921,"cadid":108032013,"createdate":"19950728000000","modifieddate":"20260113145442"}},
{"type":"Feature","geometry":{"type":"Polygon","coordinates":[[[151.1658057427774,-33.84268694383896],[151.16800709756916,-33.84360824881611],[151.17455129057228,-33.84231563301643],[151.17346569906056,-33.83891088704748],[151.176137788472,-33.83863226714356],[151.18027901121596,-33.83619407213828],[151.17726265777776,-33.83524727312321],[151.17220462212785,-33.837566376018685],[151.16953664309528,-33.83938762113902],[151.1665546635331,-33.83837049784949],[151.1658057427774,-33.84268694383896]]]},"properties":{"suburbname":"WOOLWICH","postcode":2110,"state":2,"startdate":"20260114104552","enddate":"30000101000000","lastupdate":"20260114104624","msoid":2371,"centroidid":null,"shapeuuid":"58c7b035-215a-3ae8-a954-57e42cff81b0","changetype":"M","processstate":null,"urbanity":"U","Shape__Length":0.04773049015789407,"Shape__Area":0.00004803543445945767,"OBJECTID":27925,"cadid":108031905,"createdate":"19950728000000","modifieddate":"20260114104427"}},
{"type":"Feature","geometry":{"type":"Polygon","coordinates":[[[151.27488881175256,-33.89687117755895],[151.26334140078046,-33.88941398743776],[151.262812098573,-33.88794599375584],[151.25923749650835,-33.88938821756575],[151.25806016899153,-33.8930966682215],[151.25975136801847,-33.89332117028914],[151.25895890946944,-33.897080257711316],[151.26097961230874,-33.897381131718774],[151.2659145377994,-33.89821750366344],[151.2659466093147,-33.8961781009571],[151.2758549509263,-33.8979076540627],[151.27488881175256,-33.89687117755895]]]},"properties":{"suburbname":"BONDI","postcode":2026,"state":2,"startdate":"20260115113827","enddate":"30000101000000","lastupdate":"20260115113843","msoid":2435,"centroidid":null,"shapeuuid":"559f474b-25a6-3392-857f-5d460b393436","changetype":"M","processstate":null,"urbanity":"U","Shape__Length":0.05319969954787888,"Shape__Area":0.00008515959367149387,"OBJECTID":27942,"cadid":108031969,"createdate":"19950728000000","modifieddate":"20260115113735"}},
{"type":"Feature","geometry":{"type":"Polygon","coordinates":[[[151.2758549509263,-33.8979076540627],[151.2659466093147,-33.8961781009571],[151.2659145377994,-33.89821750366344],[151.2671483984711,-33.9002736858125],[151.27044889881182,-33.90140501544902],[151.2758549509263,-33.8979076540627]]]},"properties":{"suburbname":"TAMARAMA","postcode":2026,"state":2,"startdate":"20260115113827","enddate":"30000101000000","lastupdate":"20260115113845","msoid":2436,"centroidid":null,"shapeuuid":"75cab0f4-037e-3c2a-b56c-ea6b75a7f1bc","changetype":"M","processstate":null,"urbanity":"U","Shape__Length":0.032104939891499734,"Shape__Area":0.000029510741339398354,"OBJECTID":27943,"cadid":108031970,"createdate":"19950728000000","modifieddate":"20260115113735"}},
{"type":"Feature","geometry":{"type":"Polygon","coordinates":[[[151.16798299460578,-33.9202453230085],[151.16430866094788,-33.915770664980435],[151.15703608856688,-33.920757756321514],[151.15514455382112,-33.926476483872946],[151.15653785628996,-33.92903321921647],[151.15586177819102,-33.931401412840515],[151.1596928530525,-33.93332811203788],[151.1603304967569,-33.933698064994125],[151.16159635496467,-33.93369403874636],[151.16450826428817,-33.929564245547205],[151.16859170134353,-33.92737015207076],[151.17351471316175,-33.92599709068505],[151.17418485342364,-33.92510027376913],[151.16798299460578,-33.9202453230085]]]},"properties":{"suburbname":"TEMPE","postcode":2044,"state":2,"startdate":"20260116152713","enddate":"30000101000000","lastupdate":"20260116152759","msoid":100,"centroidid":null,"shapeuuid":"9f148762-92e1-3a02-b50d-3d7a1e11f62a","changetype":"M","processstate":null,"urbanity":"U","Shape__Length":0.06015665719088153,"Shape__Area":0.00017851530726049756,"OBJECTID":27952,"cadid":108029634,"createdate":"19950728000000","modifieddate":"20260116152459"}},
{"type":"Feature","geometry":{"type":"Polygon","coordinates":[[[151.19649552159595,-33.92146393497382],[151.18069501004646,-33.919252960612376],[151.1750244672558,-33.92380706940877],[151.17418485342364,-33.92510027376913],[151.17351471316175,-33.92599709068505],[151.16859170134353,-33.92737015207076],[151.16450826428817,-33.929564245547205],[151.16159635496467,-33.93369403874636],[151.1603304967569,-33.933698064994125],[151.16122415933253,-33.937325900723344],[151.15988558605636,-33.943420601557364],[151.16069377546629,-33.94542658336453],[151.1653324973424,-33.947358338081806],[151.1672082437828,-33.94890752394417],[151.17234589151545,-33.946593883590054],[151.17344626342674,-33.947129694361806],[151.17815530626302,-33.965112551518345],[151.1790971855698,-33.966489360333],[151.18202874610654,-33.96759177017102],[151.18511403156944,-33.96688019815373],[151.1869478457847,-33.964418856343926],[151.1864333487441,-33.96188733782228],[151.18272022339997,-33.96061299107567],[151.1811634960539,-33.9551911553461],[151.18233888540558,-33.95213606167658],[151.18496002648683,-33.95166278503908],[151.18615773573237,-33.95300659977465],[151.1896421938546,-33.966405048605814],[151.19083151417863,-33.9726795443576],[151.19275406033034,-33.97437431288953],[151.1949034048471,-33.97423360383339],[151.19605382325227,-33.97247439015457],[151.19215281530313,-33.957479737045006],[151.19417340272653,-33.95390779445583],[151.1907305046737,-33.9503701692072],[151.18829097197272,-33.94548444843391],[151.19259699486398,-33.9427062893001],[151.1931081063372,-33.93968881908067],[151.1969644245975,-33.937260342080236],[151.2005027454491,-33.93612060818504],[151.20755107158246,-33.93590225395781],[151.20111500533454,-33.9345749605618],[151.204945503532,-33.93299307218996],[151.20617774387955,-33.926924849675856],[151.1955136561745,-33.92552472438318],[151.19649552159595,-33.92146393497382]]]},"properties":{"suburbname":"MASCOT","postcode":2020,"state":2,"startdate":"20260116152713","enddate":"30000101000000","lastupdate":"20260116152759","msoid":3556,"centroidid":null,"shapeuuid":"2e8c0ae8-fa59-3087-85c5-380fa4fe9c54","changetype":"M","processstate":null,"urbanity":"R","Shape__Length":0.24145581167171032,"Shape__Area":0.0011789564284220323,"OBJECTID":27953,"cadid":108033090,"createdate":"19950728000000","modifieddate":"20260116152459"}},
{"type":"Feature","geometry":{"type":"Polygon","coordinates":[[[151.00951208197102,-33.962056682723436],[151.01107227613264,-33.9603849276621],[151.0114864646,-33.95479423802164],[151.0107672875242,-33.95276242313257],[151.0060097057584,-33.95258457400842],[151.0054714492517,-33.948736844192744],[151.00652555984288,-33.94388194291135],[151.0012559214412,-33.94308367754591],[150.99950633066743,-33.94339251270163],[150.99709035887048,-33.94395238339787],[150.99126522411285,-33.94382653404429],[150.98289339305873,-33.94510146119023],[150.98203057383466,-33.94692464456496],[150.98059098844263,-33.95369213027346],[150.98293134034546,-33.95514160388451],[150.98196187796736,-33.95805820166171],[150.98842893856073,-33.954879234781465],[150.99535419740985,-33.95586394337633],[150.99499917277322,-33.962490355637364],[150.9933203723636,-33.96401185376971],[150.99392844854245,-33.9664182750769],[150.99639737014573,-33.96714919172293],[150.99796739847702,-33.96615535138138],[151.00135489884326,-33.96662296431335],[151.00530704082578,-33.96593327503286],[151.00552655002338,-33.96483821751306],[151.00913895176603,-33.96387981305453],[151.00951208197102,-33.962056682723436]]]},"properties":{"suburbname":"PANANIA","postcode":2213,"state":2,"startdate":"20260121082644","enddate":"30000101000000","lastupdate":"20260121085856","msoid":2397,"centroidid":null,"shapeuuid":"b17b8006-16ca-3c51-89f3-de723e6a12aa","changetype":"M","processstate":null,"urbanity":"U","Shape__Length":0.1295505080104647,"Shape__Area":0.00045700721146484406,"OBJECTID":27966,"cadid":108031931,"createdate":"19950728000000","modifieddate":"20260121082600"}},
{"type":"Feature","geometry":{"type":"Polygon","coordinates":[[[151.00104213877592,-33.931034488872726],[150.99836950433271,-33.9313442158279],[150.9887758820583,-33.929397032388984],[150.98752130863724,-33.928461365659004],[150.97898996641456,-33.929121202836996],[150.9775131773934,-33.930143748710506],[150.9736336642041,-33.92902058267978],[150.9685973059373,-33.93107404577339],[150.96780215563817,-33.93451594247007],[150.968583036445,-33.93904692334748],[150.96616170106182,-33.941841337492946],[150.96633968168047,-33.943583314347585],[150.97052774473553,-33.9469005861059],[150.97281760114174,-33.9519065206104],[150.9735374370736,-33.952653307606006],[150.98059098844263,-33.95369213027346],[150.98203057383466,-33.94692464456496],[150.98289339305873,-33.94510146119023],[150.99126522411285,-33.94382653404429],[150.99709035887048,-33.94395238339787],[150.99950633066743,-33.94339251270163],[150.99925013847476,-33.940792697804746],[150.9971100833436,-33.94046555722417],[150.997147397371,-33.932756566006155],[150.99857529690706,-33.9329738092228],[151.00104213877592,-33.931034488872726]]]},"properties":{"suburbname":"MILPERRA","postcode":2214,"state":2,"startdate":"20260121082644","enddate":"30000101000000","lastupdate":"20260121085856","msoid":3604,"centroidid":null,"shapeuuid":"a913a5d0-7396-33a5-ad58-f75d7c886316","changetype":"M","processstate":null,"urbanity":"U","Shape__Length":0.12032370372435329,"Shape__Area":0.0005393110676389556,"OBJECTID":27967,"cadid":108033138,"createdate":"19950728000000","modifieddate":"20260121082600"}},
{"type":"Feature","geometry":{"type":"Polygon","coordinates":[[[151.20870805854204,-33.82886731429502],[151.20912119441059,-33.825593676029726],[151.20458261982492,-33.820229252095864],[151.20259502124816,-33.81996218255727],[151.20212362337483,-33.82223371588607],[151.1990619069458,-33.822053257934186],[151.197866524338,-33.82531998118237],[151.20221430042935,-33.83076956234093],[151.2033448127093,-33.83115193947525],[151.2063921580451,-33.8305679901561],[151.20870805854204,-33.82886731429502]]]},"properties":{"suburbname":"CROWS NEST","postcode":2065,"state":2,"startdate":"20260130134057","enddate":"30000101000000","lastupdate":"20260130134109","msoid":1221,"centroidid":null,"shapeuuid":"979ae127-33a9-3b79-9025-b8fbfbad77ef","changetype":"M","processstate":null,"urbanity":"U","Shape__Length":0.043051703544688326,"Shape__Area":0.00007481441830521256,"OBJECTID":28039,"cadid":108030755,"createdate":"19950728000000","modifieddate":"20260130134014"}},
{"type":"Feature","geometry":{"type":"Polygon","coordinates":[[[151.2033448127093,-33.83115193947525],[151.20221430042935,-33.83076956234093],[151.197866524338,-33.82531998118237],[151.1955566494257,-33.82629514670472],[151.19593872897386,-33.82793998924785],[151.1927305501239,-33.82795517659933],[151.19245324737716,-33.829279610109936],[151.1891563522443,-33.83121259476374],[151.1891204851263,-33.83370506484315],[151.18831606142268,-33.835579432532086],[151.18946399442427,-33.838443480309095],[151.19256920620055,-33.8374277195962],[151.19411613731063,-33.83826982355649],[151.19671190924888,-33.83563506830029],[151.2043212367431,-33.832665866382],[151.2033448127093,-33.83115193947525]]]},"properties":{"suburbname":"WOLLSTONECRAFT","postcode":2065,"state":2,"startdate":"20260130134057","enddate":"30000101000000","lastupdate":"20260130134109","msoid":1223,"centroidid":null,"shapeuuid":"996fa3e1-2732-3aeb-a553-f87a707da8db","changetype":"M","processstate":null,"urbanity":"U","Shape__Length":0.06301489932523813,"Shape__Area":0.00011522346515779216,"OBJECTID":28040,"cadid":108030757,"createdate":"19950728000000","modifieddate":"20260130134014"}},
{"type":"Feature","geometry":{"type":"Polygon","coordinates":[[[151.18602971185982,-33.85476010463063],[151.1855726700269,-33.85286533809256],[151.18962088000814,-33.85283300141295],[151.18078565015568,-33.84774567217171],[151.17755595216116,-33.85174158396475],[151.17561957274143,-33.85247212353721],[151.18096116079033,-33.85552698158664],[151.1841922817995,-33.85392813537334],[151.18602971185982,-33.85476010463063]]]},"properties":{"suburbname":"BIRCHGROVE","postcode":2041,"state":2,"startdate":"20260204141833","enddate":"30000101000000","lastupdate":"20260204141846","msoid":62,"centroidid":null,"shapeuuid":"929c1459-d83d-36d1-ad04-c8a3fbd52e66","changetype":"M","processstate":null,"urbanity":"U","Shape__Length":0.0615912480172665,"Shape__Area":0.00005420474850143075,"OBJECTID":28058,"cadid":108029596,"createdate":"19950728000000","modifieddate":"20260204141656"}},
{"type":"Feature","geometry":{"type":"Polygon","coordinates":[[[151.05183217920248,-34.04997412039852],[151.05193831039028,-34.04681741639951],[151.05366274919686,-34.03702940547988],[151.04255184170327,-34.035290787013565],[151.0404404514273,-34.03606610808703],[151.03959653234006,-34.04198331962218],[151.0379622240364,-34.045246234825704],[151.03624928531147,-34.046712806022555],[151.03765027762202,-34.05170052511982],[151.0388550928811,-34.05266397564708],[151.0391524260206,-34.05596141167211],[151.03372351216768,-34.058086586972145],[151.03295738928867,-34.05879023261357],[151.03874764426422,-34.057739112139366],[151.04408191496336,-34.05535618941216],[151.04842664719862,-34.05337326888368],[151.05183217920248,-34.04997412039852]]]},"properties":{"suburbname":"LOFTUS","postcode":2232,"state":2,"startdate":"20260205143931","enddate":"30000101000000","lastupdate":"20260205144000","msoid":3586,"centroidid":null,"shapeuuid":"21665fe5-3825-32f7-819a-e96621c0957e","changetype":"M","processstate":null,"urbanity":"U","Shape__Length":0.08427248460772375,"Shape__Area":0.0002688603029265084,"OBJECTID":28066,"cadid":108033120,"createdate":"19950728000000","modifieddate":"20260205143803"}},
{"type":"Feature","geometry":{"type":"Polygon","coordinates":[[[151.0897642652221,-34.04293362194878],[151.08597456376253,-34.0420350968251],[151.0792515133019,-34.04209284015846],[151.07755633655088,-34.04628933504598],[151.07758801172452,-34.048025865215884],[151.0768922619031,-34.05352910669748],[151.0777657111885,-34.055491628056636],[151.08066679407932,-34.05546149837772],[151.0833407674134,-34.05673064407344],[151.085592641598,-34.05501642492553],[151.09254918179192,-34.059618252343085],[151.09427599050125,-34.056847667241016],[151.09595323148116,-34.05581048066638],[151.09782278085646,-34.053155979229274],[151.09811490307902,-34.049011522457334],[151.09679053658402,-34.045714323841935],[151.09296671351024,-34.043380694370086],[151.0897642652221,-34.04293362194878]]]},"properties":{"suburbname":"GYMEA BAY","postcode":2227,"state":2,"startdate":"20260211072954","enddate":"30000101000000","lastupdate":"20260211073908","msoid":1272,"centroidid":null,"shapeuuid":"555ea30e-31e1-38d9-b99b-8a55416e6f78","changetype":"M","processstate":null,"urbanity":"U","Shape__Length":0.07579406876881785,"Shape__Area":0.00026991091954960567,"OBJECTID":28093,"cadid":108030806,"createdate":"19950728000000","modifieddate":"20260211072612"}},
{"type":"Feature","geometry":{"type":"Polygon","coordinates":[[[151.24877032842562,-33.872645761955795],[151.24798095063014,-33.87171488740982],[151.24405946091497,-33.87397102407802],[151.24086424929422,-33.87236228726478],[151.23867740559086,-33.87471161854796],[151.23761418811648,-33.87738669469114],[151.2378474496734,-33.87879338612932],[151.2422205650076,-33.87966006607473],[151.24221274957668,-33.880897275592304],[151.2475796333778,-33.88594922806703],[151.2478722677451,-33.879802019204796],[151.24541696055994,-33.877974645358194],[151.24803598270498,-33.874934820488704],[151.24877032842562,-33.872645761955795]]]},"properties":{"suburbname":"DOUBLE BAY","postcode":2028,"state":2,"startdate":"20260211112809","enddate":"30000101000000","lastupdate":"20260211112840","msoid":79,"centroidid":null,"shapeuuid":"89242ef9-9873-3b8f-a135-0603cb10f9d3","changetype":"M","processstate":null,"urbanity":"U","Shape__Length":0.07602506290813077,"Shape__Area":0.00007644253458524591,"OBJECTID":28094,"cadid":108029613,"createdate":"19950728000000","modifieddate":"20260211112524"}},
{"type":"Feature","geometry":{"type":"Polygon","coordinates":[[[151.26779731109556,-33.88514849354673],[151.26451724847053,-33.88255474380576],[151.26225493516907,-33.87964434808384],[151.26031704653684,-33.87549276440359],[151.2562200278696,-33.876152703033064],[151.25550197902334,-33.87203700936854],[151.2525079214564,-33.869918060906045],[151.24877032842562,-33.872645761955795],[151.24803598270498,-33.874934820488704],[151.24541696055994,-33.877974645358194],[151.2478722677451,-33.879802019204796],[151.2475796333778,-33.88594922806703],[151.25637992098234,-33.88758457852209],[151.25619973957916,-33.88936810414417],[151.25923749650835,-33.88938821756575],[151.262812098573,-33.88794599375584],[151.26569552623297,-33.88719129614958],[151.26779731109556,-33.88514849354673]]]},"properties":{"suburbname":"BELLEVUE HILL","postcode":2023,"state":2,"startdate":"20260211112809","enddate":"30000101000000","lastupdate":"20260211112840","msoid":2392,"centroidid":null,"shapeuuid":"5894500f-c63d-36b9-99ac-6986a8494d85","changetype":"M","processstate":null,"urbanity":"U","Shape__Length":0.0861607027504967,"Shape__Area":0.00023102392784642286,"OBJECTID":28098,"cadid":108031926,"createdate":"19950728000000","modifieddate":"20260211112524"}},
{"type":"Feature","geometry":{"type":"Polygon","coordinates":[[[151.24321985064896,-33.78155924389794],[151.2392953580798,-33.77879223777664],[151.23226901189233,-33.77785831410698],[151.23225406485383,-33.78272181040647],[151.23470387993834,-33.78481704162758],[151.23679213505105,-33.788541604668836],[151.23638889493657,-33.79245396936058],[151.23496541250557,-33.7939284873133],[151.2384980659562,-33.79882054182919],[151.2348111642285,-33.80228618955299],[151.23575843581258,-33.80407268891336],[151.24229848525354,-33.80398917341713],[151.24376839818254,-33.80199622781319],[151.2490824580083,-33.80149204985093],[151.25029187887176,-33.80020691716756],[151.25235639482182,-33.797932931026985],[151.25357546781083,-33.792351681872965],[151.25190243011775,-33.79229677095026],[151.2475843239971,-33.79042904196356],[151.2466998474941,-33.788389314802494],[151.24223940196003,-33.78600531404818],[151.24321985064896,-33.78155924389794]]]},"properties":{"suburbname":"SEAFORTH","postcode":2092,"state":2,"startdate":"20260212172612","enddate":"30000101000000","lastupdate":"20260212172640","msoid":1220,"centroidid":null,"shapeuuid":"42f93d8d-caf3-3d8e-9778-b19391325274","changetype":"M","processstate":null,"urbanity":"U","Shape__Length":0.09563474744387891,"Shape__Area":0.0002968473511904911,"OBJECTID":28111,"cadid":108030754,"createdate":"19950728000000","modifieddate":"20260212172246"}},
{"type":"Feature","geometry":{"type":"Polygon","coordinates":[[[151.11531328874858,-33.843440270682024],[151.11399749278317,-33.84327217841507],[151.11174798746904,-33.83778803479726],[151.1088188782575,-33.838684142835675],[151.1065777467034,-33.83826796118859],[151.10838018676984,-33.84410916597204],[151.10823103047315,-33.8466209897272],[151.11127433653826,-33.847090780687175],[151.11366611216755,-33.846538243732454],[151.11531328874858,-33.843440270682024]]]},"properties":{"suburbname":"BREAKFAST POINT","postcode":2137,"state":2,"startdate":"20260224122436","enddate":"30000101000000","lastupdate":"20260224122458","msoid":2365,"centroidid":null,"shapeuuid":"a1d1af27-4722-3732-8170-27ad649dd982","changetype":"M","processstate":null,"urbanity":"U","Shape__Length":0.03321325079110133,"Shape__Area":0.00005019874695518857,"OBJECTID":28178,"cadid":108031899,"createdate":"19950728000000","modifieddate":"20260224122215"}},
{"type":"Feature","geometry":{"type":"Polygon","coordinates":[[[150.96736648238968,-33.7965696652072],[150.9640228462611,-33.797916164102446],[150.96319242926089,-33.80226051442703],[150.96135005617478,-33.80435601246311],[150.95848362481587,-33.81306082422015],[150.9645723973106,-33.814449537139005],[150.9723322178366,-33.81620835503833],[150.9808027504708,-33.81713939155689],[150.97835471512863,-33.814018767689774],[150.97983766717925,-33.808089276118785],[150.97493584705433,-33.8079406351471],[150.97545073235207,-33.80577393713809],[150.97736263987406,-33.80473355362929],[150.98019760199017,-33.79999830478399],[150.97916755293022,-33.79948824950418],[150.97415741088085,-33.79724468363216],[150.9723218895867,-33.798251648112],[150.96759983337176,-33.798229412585215],[150.96736648238968,-33.7965696652072]]]},"properties":{"suburbname":"WENTWORTHVILLE","postcode":2145,"state":2,"startdate":"20260224153539","enddate":"30000101000000","lastupdate":"20260224153600","msoid":1315,"centroidid":null,"shapeuuid":"4375f76d-d715-3c36-9adb-0a8fe3c0df98","changetype":"M","processstate":null,"urbanity":"U","Shape__Length":0.10912212299523072,"Shape__Area":0.0003015218495569085,"OBJECTID":28183,"cadid":108030849,"createdate":"19950728000000","modifieddate":"20260224153417"}},
{"type":"Feature","geometry":{"type":"Polygon","coordinates":[[[151.1065777467034,-33.83826796118859],[151.10366661742722,-33.84278727572399],[151.10713399538466,-33.84402592562949],[151.10823103047315,-33.8466209897272],[151.10838018676984,-33.84410916597204],[151.1065777467034,-33.83826796118859]]]},"properties":{"suburbname":"MORTLAKE","postcode":2137,"state":2,"startdate":"20260224164523","enddate":"30000101000000","lastupdate":"20260224164539","msoid":3522,"centroidid":null,"shapeuuid":"6949c626-f19a-3010-93bc-b9a1d962814c","changetype":"M","processstate":null,"urbanity":"U","Shape__Length":0.032864213869072616,"Shape__Area":0.000023626914326634276,"OBJECTID":28193,"cadid":108033056,"createdate":"19950728000000","modifieddate":"20260224164205"}},
{"type":"Feature","geometry":{"type":"Polygon","coordinates":[[[151.17986943987103,-33.82530884177028],[151.17458933522974,-33.8253584539524],[151.17497858431673,-33.8282848396025],[151.17870242434492,-33.83250074374166],[151.18227396871865,-33.82899034004428],[151.18065901422966,-33.82647435393978],[151.17986943987103,-33.82530884177028]]]},"properties":{"suburbname":"NORTHWOOD","postcode":2066,"state":2,"startdate":"20260225094545","enddate":"30000101000000","lastupdate":"20260226074024","msoid":2374,"centroidid":null,"shapeuuid":"2c2c135d-0872-3630-9a9a-a272c55788cb","changetype":"M","processstate":null,"urbanity":"U","Shape__Length":0.02948246116363786,"Shape__Area":0.00003517677861521299,"OBJECTID":28194,"cadid":108031908,"createdate":"19950728000000","modifieddate":"20260225093756"}},
{"type":"Feature","geometry":{"type":"Polygon","coordinates":[[[151.1611261835918,-33.86256135742843],[151.1583471290704,-33.864699348514826],[151.1532239453034,-33.86622621430739],[151.15182080001898,-33.86820177034639],[151.15052889299875,-33.87208245667465],[151.14968935884795,-33.873850972637776],[151.15233082477818,-33.875386825879616],[151.15982182992855,-33.87509564995359],[151.15987975752518,-33.87758550785437],[151.16743254032673,-33.879944179154116],[151.16999028839209,-33.873199826371525],[151.1733330363828,-33.87110940736724],[151.17176838406874,-33.869441008170654],[151.16931586173487,-33.87174127192045],[151.16553373808517,-33.86418624482306],[151.1611261835918,-33.86256135742843]]]},"properties":{"suburbname":"LILYFIELD","postcode":2040,"state":2,"startdate":"20260225112213","enddate":"30000101000000","lastupdate":"20260226074242","msoid":2376,"centroidid":null,"shapeuuid":"8972d8d2-87f7-37ef-adf9-d51aaa953261","changetype":"M","processstate":null,"urbanity":"U","Shape__Length":0.08588685652949762,"Shape__Area":0.0002137897923421905,"OBJECTID":28197,"cadid":108031910,"createdate":"19950728000000","modifieddate":"20260225112021"}},
{"type":"Feature","geometry":{"type":"Polygon","coordinates":[[[151.1815111589766,-33.86369618312513],[151.1790996652253,-33.86222974327354],[151.17650636072023,-33.86280449070934],[151.17230054316764,-33.86030708277488],[151.17260206175763,-33.85840475690067],[151.16935607228461,-33.85728558460938],[151.16391133602315,-33.86021949141838],[151.1611261835918,-33.86256135742843],[151.16553373808517,-33.86418624482306],[151.16931586173487,-33.87174127192045],[151.17176838406874,-33.869441008170654],[151.1733330363828,-33.87110940736724],[151.17350354177086,-33.87121774401696],[151.18028973761997,-33.86919527024656],[151.1853061028149,-33.868265628352674],[151.18677790218536,-33.86342917477235],[151.17967054607303,-33.86673916022004],[151.1815111589766,-33.86369618312513]]]},"properties":{"suburbname":"ROZELLE","postcode":2039,"state":2,"startdate":"20260225112213","enddate":"30000101000000","lastupdate":"20260226074242","msoid":3532,"centroidid":null,"shapeuuid":"8b0be796-dced-37f1-9d0f-1ef2732454ca","changetype":"M","processstate":null,"urbanity":"U","Shape__Length":0.0887370063095109,"Shape__Area":0.0001723110127890935,"OBJECTID":28198,"cadid":108033066,"createdate":"19950728000000","modifieddate":"20260225112021"}},
{"type":"Feature","geometry":{"type":"Polygon","coordinates":[[[151.26637720295128,-33.82383559075838],[151.26356001235527,-33.82578186586678],[151.2592530012798,-33.82665576693015],[151.25667490309704,-33.826512325447354],[151.2552582621658,-33.82846736185214],[151.25304544937,-33.82782520328682],[151.25129351077297,-33.82460505162918],[151.2516423541063,-33.81998208163037],[151.25320963883698,-33.819511665520224],[151.25264940208308,-33.8159432501385],[151.24942037870377,-33.815326947155704],[151.24710502966335,-33.812528219462315],[151.24695672598804,-33.81052674373531],[151.24854430835282,-33.8081031066487],[151.24553653722515,-33.807320992294535],[151.2441944153565,-33.80979281025684],[151.24217897605686,-33.80857723232028],[151.23777198029254,-33.808142590043914],[151.2359603738196,-33.81134910429225],[151.23921498866613,-33.81673777062751],[151.23405000433382,-33.815806167271475],[151.2311314643813,-33.81680369195904],[151.23291242479226,-33.81831844203956],[151.2309162161985,-33.82776575741773],[151.2302633520006,-33.82863530141646],[151.22854335149069,-33.83672255748386],[151.22904269558165,-33.83783275743788],[151.23147530807353,-33.83932929568328],[151.23348879213293,-33.84421107136499],[151.2352362564106,-33.842554488407835],[151.2359421414086,-33.84001754579019],[151.23797970259815,-33.84063746647955],[151.23762303746358,-33.84306265460685],[151.2391669962089,-33.84551815356876],[151.2417870542184,-33.845393179197146],[151.2440531604002,-33.84702482088909],[151.2454345712945,-33.852849478507146],[151.24762607653574,-33.85190972031389],[151.2468907227649,-33.84962853384497],[151.2478903537879,-33.84601868584677],[151.24624912246597,-33.84309021420173],[151.24900366049806,-33.84299883521777],[151.25337464667015,-33.84424733366313],[151.25438522814724,-33.842049796118246],[151.25228996751505,-33.839859872972994],[151.25382223113365,-33.83842367832886],[151.25610786688878,-33.83868399716122],[151.26118913912188,-33.83775817375613],[151.26017609974303,-33.83469056774025],[151.2611985975707,-33.829639222968176],[151.26325609304487,-33.83020729331229],[151.26530030491688,-33.828021095620514],[151.26887347229308,-33.827245146368185],[151.26637720295128,-33.82383559075838]]]},"properties":{"suburbname":"MOSMAN","postcode":2088,"state":2,"startdate":"20260309142031","enddate":"30000101000000","lastupdate":"20260310074456","msoid":19144,"centroidid":null,"shapeuuid":"cbf2dafc-aa22-38ae-81d4-934d27898678","changetype":"M","processstate":null,"urbanity":"U","Shape__Length":0.2289274715240171,"Shape__Area":0.000828472342745047,"OBJECTID":28249,"cadid":182199401,"createdate":"20211111161956","modifieddate":"20260309141828"}},
{"type":"Feature","geometry":{"type":"Polygon","coordinates":[[[150.93546856728537,-33.62857978795118],[150.9317771375847,-33.63000665378415],[150.92778083105924,-33.62809920706748],[150.92357750870926,-33.629469962771395],[150.92640402469465,-33.6329953654446],[150.9277911795838,-33.638180052836226],[150.9246256470244,-33.63957385133975],[150.92722335830558,-33.64190844914712],[150.9308080361444,-33.64147141866825],[150.93302263309465,-33.64218999982889],[150.9357974233835,-33.64149202616063],[150.9378456493451,-33.644307704119335],[150.93654324718673,-33.649588157157865],[150.93046402216777,-33.64826983453616],[150.92795151279944,-33.64910539119499],[150.92717342407542,-33.655022405455746],[150.9300540148773,-33.656065511860305],[150.93013545186182,-33.66001882388998],[150.9335084015274,-33.65978240253194],[150.93688208194806,-33.661131655834424],[150.93790895278465,-33.66415531396963],[150.9400174107261,-33.665998435652725],[150.94440101489053,-33.66790195774188],[150.946885382525,-33.66823901530206],[150.94820309562508,-33.67304535793691],[150.95279515550962,-33.675493782619995],[150.95602352389017,-33.67604577070882],[150.95724484663148,-33.67764046158562],[150.9594369653451,-33.67777565211627],[150.96217839209572,-33.68080997678936],[150.9646453173293,-33.67896364264566],[150.96914011328104,-33.68146817138504],[150.97387663496733,-33.68263419499359],[150.97627116471116,-33.682284334661475],[150.97835302347198,-33.68069958882343],[150.97832419935602,-33.67770446664176],[150.97302805586057,-33.6767371963252],[150.97060874299152,-33.67521348197025],[150.9715675985632,-33.67050661284167],[150.96940415120844,-33.6701989817631],[150.9705922795177,-33.66413111142514],[150.9681073243593,-33.66467148367362],[150.96267820097984,-33.6681339094522],[150.96122436404582,-33.66546626058774],[150.95607287537953,-33.661813010928164],[150.95543467614354,-33.6578228502938],[150.9560396609801,-33.65654069444141],[150.95452821484622,-33.651602835974494],[150.9529459270307,-33.649139860098046],[150.95052354587943,-33.6489080292733],[150.94876866881725,-33.6458860561622],[150.9428138096558,-33.64243310443038],[150.94262005436093,-33.640406650605634],[150.93901869300805,-33.63849621264386],[150.9400178822013,-33.629223071933744],[150.93546856728537,-33.62857978795118]]]},"properties":{"suburbname":"ANNANGROVE","postcode":2156,"state":2,"startdate":"20260312115400","enddate":"30000101000000","lastupdate":"20260313074837","msoid":3631,"centroidid":null,"shapeuuid":"87b34215-ad02-3455-8c6e-d39170717b4f","changetype":"M","processstate":null,"urbanity":"R","Shape__Length":0.258223507373897,"Shape__Area":0.0009912336589458968,"OBJECTID":28270,"cadid":108033165,"createdate":"19950728000000","modifieddate":"20260312114947"}},
{"type":"Feature","geometry":{"type":"Polygon","coordinates":[[[150.9335084015274,-33.65978240253194],[150.93255276375785,-33.662572485304764],[150.9307962333725,-33.66460318310095],[150.93214162242762,-33.66796228382184],[150.93516061939675,-33.668806180470185],[150.93506099863177,-33.670754804739424],[150.93338245533877,-33.672451094454985],[150.933238821807,-33.67487692714453],[150.9296759979922,-33.67668704344944],[150.93109976493525,-33.67941679095454],[150.92833189920248,-33.681578905044724],[150.9320800381208,-33.68362011930149],[150.93391238227613,-33.687391024151246],[150.94140766327487,-33.68855453308406],[150.9438381073942,-33.68787372914625],[150.9458414742795,-33.689888976007644],[150.94726859157285,-33.693720198831635],[150.94939194808865,-33.69635282834271],[150.95561746840178,-33.70076280946367],[150.9688195568628,-33.69655564636332],[150.96960651371998,-33.69465040686638],[150.9687966784951,-33.69279730201005],[150.96734006267974,-33.6909735912296],[150.96697281605134,-33.687704523770925],[150.96216564896903,-33.68221280571336],[150.96217839209572,-33.68080997678936],[150.9594369653451,-33.67777565211627],[150.95724484663148,-33.67764046158562],[150.95602352389017,-33.67604577070882],[150.95279515550962,-33.675493782619995],[150.94820309562508,-33.67304535793691],[150.946885382525,-33.66823901530206],[150.94440101489053,-33.66790195774188],[150.9400174107261,-33.665998435652725],[150.93790895278465,-33.66415531396963],[150.93688208194806,-33.661131655834424],[150.9335084015274,-33.65978240253194]]]},"properties":{"suburbname":"NORTH KELLYVILLE","postcode":2155,"state":2,"startdate":"20260312115400","enddate":"30000101000000","lastupdate":"20260313074838","msoid":9508,"centroidid":null,"shapeuuid":"9266410c-8215-3556-a159-cf0cc1acf7da","changetype":"M","processstate":null,"urbanity":"R","Shape__Length":0.14670457698072117,"Shape__Area":0.0007746226905983566,"OBJECTID":28273,"cadid":177154013,"createdate":"20180629164820","modifieddate":"20260312114947"}},
{"type":"Feature","geometry":{"type":"Polygon","coordinates":[[[151.00601585292048,-33.93426703857179],[151.00104213877592,-33.931034488872726],[150.99857529690706,-33.9329738092228],[150.997147397371,-33.932756566006155],[150.9971100833436,-33.94046555722417],[150.99925013847476,-33.940792697804746],[150.99950633066743,-33.94339251270163],[151.0012559214412,-33.94308367754591],[151.00652555984288,-33.94388194291135],[151.0054714492517,-33.948736844192744],[151.0060097057584,-33.95258457400842],[151.0107672875242,-33.95276242313257],[151.0114864646,-33.95479423802164],[151.01107227613264,-33.9603849276621],[151.00951208197102,-33.962056682723436],[151.01199632853684,-33.96382794776474],[151.01555647949002,-33.96425184200628],[151.02146038973845,-33.96506613827034],[151.02241493116406,-33.96381630226857],[151.02301866077357,-33.96046379578927],[151.021984865274,-33.958877745984445],[151.02192263278994,-33.9558824134477],[151.01871227395563,-33.95514852031529],[151.02194573829064,-33.95223183185917],[151.02653318645864,-33.95147058626171],[151.02371000729892,-33.948275859372174],[151.02310847485737,-33.94591580424141],[151.02346253654932,-33.94056918972137],[151.02508263150185,-33.939212877912844],[151.02478981732003,-33.93566329311094],[151.01993607534524,-33.934544725530195],[151.01161633047855,-33.9346260613818],[151.01093471395427,-33.93581585224263],[151.00601585292048,-33.93426703857179]]]},"properties":{"suburbname":"REVESBY","postcode":2212,"state":2,"startdate":"20260326153536","enddate":"30000101000000","lastupdate":"20260327075107","msoid":2398,"centroidid":null,"shapeuuid":"14023999-453d-370f-b937-844e6b25fe27","changetype":"M","processstate":null,"urbanity":"U","Shape__Length":0.17981341268474024,"Shape__Area":0.0005473010048420968,"OBJECTID":28351,"cadid":108031932,"createdate":"19950728000000","modifieddate":"20260326153351"}},
{"type":"Feature","geometry":{"type":"Polygon","coordinates":[[[151.27886975765438,-33.864666625436364],[151.27715101932316,-33.865373009874084],[151.26954048641147,-33.86360101701346],[151.27055869408247,-33.86580967396903],[151.2691992734989,-33.86864984822281],[151.26619776488033,-33.87117267374678],[151.2645916134262,-33.869934254809344],[151.26144595304504,-33.87249760292871],[151.25665018241466,-33.87170448101546],[151.25401705969466,-33.870423915297486],[151.2533207634254,-33.86842772750214],[151.2525079214564,-33.869918060906045],[151.25550197902334,-33.87203700936854],[151.2562200278696,-33.876152703033064],[151.26031704653684,-33.87549276440359],[151.26225493516907,-33.87964434808384],[151.26451724847053,-33.88255474380576],[151.26779731109556,-33.88514849354673],[151.2678779877462,-33.88505318849117],[151.27034240271738,-33.8810721156177],[151.27046775585669,-33.879052058896264],[151.27740246609466,-33.87857920607375],[151.27885921778213,-33.86850143919018],[151.27886975765438,-33.864666625436364]]]},"properties":{"suburbname":"ROSE BAY","postcode":2029,"state":2,"startdate":"20260331152023","enddate":"30000101000000","lastupdate":"20260331152039","msoid":1279,"centroidid":null,"shapeuuid":"a9eccd05-865a-3d01-8e0d-71c27c1d8306","changetype":"M","processstate":null,"urbanity":"U","Shape__Length":0.11111633948956948,"Shape__Area":0.0002442729903742855,"OBJECTID":28369,"cadid":108030813,"createdate":"19950728000000","modifieddate":"20260331151750"}},
{"type":"Feature","geometry":{"type":"Polygon","coordinates":[[[150.9685973059373,-33.93107404577339],[150.96884826853832,-33.928511581022256],[150.943183954911,-33.92926682893134],[150.93873123131567,-33.9301601300816],[150.9354478614039,-33.92870442027619],[150.9343428643717,-33.92444628217195],[150.9358435349591,-33.922565747622684],[150.9316381962615,-33.92214329003154],[150.9287288980887,-33.924517306554876],[150.92773400762783,-33.928380029724394],[150.92494188989494,-33.93210889916438],[150.92125917998032,-33.93545005771817],[150.91897000150277,-33.93901799480576],[150.91829158247137,-33.94494537795963],[150.91622038773883,-33.94623397433555],[150.91363797355334,-33.949819045925395],[150.91226732544476,-33.95378231991976],[150.91223086599322,-33.95758590825724],[150.91338287415851,-33.96477516362273],[150.91713166470583,-33.96521640986679],[150.93159096194842,-33.96438952492787],[150.9319142170363,-33.96159557387027],[150.93636665872074,-33.954976197847316],[150.937757094355,-33.948638299722255],[150.93732806873774,-33.945585080999386],[150.93170251677404,-33.94481738335101],[150.93181340161473,-33.94060559176764],[150.94239906241535,-33.94203306133385],[150.94633396933452,-33.94305612395277],[150.95130136731493,-33.94525593091912],[150.95498572934721,-33.946142257036755],[150.96371858041317,-33.94741240405543],[150.97052774473553,-33.9469005861059],[150.96633968168047,-33.943583314347585],[150.96616170106182,-33.941841337492946],[150.968583036445,-33.93904692334748],[150.96780215563817,-33.93451594247007],[150.9685973059373,-33.93107404577339]]]},"properties":{"suburbname":"MOOREBANK","postcode":2170,"state":2,"startdate":"20260402111528","enddate":"30000101000000","lastupdate":"20260402111607","msoid":1302,"centroidid":null,"shapeuuid":"bb7abec0-28b9-3c5e-9a3c-f43baa9c8b53","changetype":"M","processstate":null,"urbanity":"U","Shape__Length":0.20971192591522406,"Shape__Area":0.0011989078995199025,"OBJECTID":28377,"cadid":108030836,"createdate":"19950728000000","modifieddate":"20260402111358"}},
{"type":"Feature","geometry":{"type":"Polygon","coordinates":[[[150.96597990772185,-33.95462310105202],[150.96130918577484,-33.95436475678836],[150.959342623216,-33.9583516930159],[150.95740917227326,-33.9576557769694],[150.95308869349657,-33.95312802636323],[150.94787926617482,-33.94696118662622],[150.9459917848668,-33.949790280580046],[150.94608641868044,-33.96193745724183],[150.9486459924939,-33.9632862919322],[150.93802458914192,-33.963807735306645],[150.93159096194842,-33.96438952492787],[150.91713166470583,-33.96521640986679],[150.91338287415851,-33.96477516362273],[150.9129015059176,-33.96471866542582],[150.91071030115955,-33.978952745738155],[150.90889519294385,-33.98335339634388],[150.90830235135348,-33.98813858703346],[150.90726263286794,-33.99070097780726],[150.90808625652284,-33.99276531196538],[150.90865765368628,-33.998504232848326],[150.91201513240074,-33.99988339543807],[150.91123867151964,-34.00123521503507],[150.90827611428756,-34.001998491106754],[150.90396146523165,-34.004460724175516],[150.9015037602361,-34.0067971482709],[150.90129437121382,-34.00877833894593],[150.90375248358535,-34.01587695205529],[150.90639536753312,-34.017301226245],[150.90495876595259,-34.01860349583244],[150.8979805447953,-34.020728993975276],[150.89290105805,-34.018957259972034],[150.89363429246288,-34.01328805571899],[150.89243776378626,-34.01049290954434],[150.89221465045725,-34.00493720780073],[150.88844812219264,-34.00542312664762],[150.88715501071735,-34.01221717765891],[150.8859945830213,-34.02139310822123],[150.8863713244652,-34.024922419798266],[150.88587269265503,-34.02859660739724],[150.8871143084012,-34.033157170292284],[150.89071007946862,-34.03851112014433],[150.8944443047204,-34.038986922322415],[150.89136741751014,-34.04544895190659],[150.89457279820294,-34.04807458437149],[150.89238638783567,-34.0511973444521],[150.88915720632662,-34.05127068287941],[150.88229820657008,-34.05509393790894],[150.87869124118313,-34.062551914146205],[150.87583584889524,-34.06092394621948],[150.87359942432235,-34.06068257280827],[150.87560063423197,-34.06650407924574],[150.86924337991803,-34.072713467352294],[150.86810808363404,-34.07697979602038],[150.86345182597083,-34.08274859233206],[150.85979473009007,-34.082546486255545],[150.85438064025013,-34.07855313523945],[150.8540134791951,-34.08385454453803],[150.84896470851976,-34.0851391964466],[150.8477368398991,-34.08124646891636],[150.84386561788125,-34.082974848693894],[150.83816892336978,-34.08809467472718],[150.8359696989645,-34.091977513689315],[150.83332119058588,-34.092450703981044],[150.83029944437868,-34.09697378141824],[150.83276567241177,-34.09927989722852],[150.83216512782096,-34.10142619195594],[150.82947346717364,-34.100436674001266],[150.8280837074829,-34.1022284525445],[150.82781710361436,-34.10511658080551],[150.82537605067853,-34.10614266427689],[150.8226380246082,-34.109367150546056],[150.82064589712712,-34.11066046911516],[150.8185383010516,-34.10865307120616],[150.8142958637145,-34.11081737788098],[150.8148373109099,-34.11298495711243],[150.85077199857344,-34.11797304820572],[150.8530050922943,-34.12175199220967],[150.85176219148798,-34.123982388140284],[150.85291649700986,-34.12753192017392],[150.84982236077923,-34.13107009430762],[150.8503035642351,-34.1360352886989],[150.84691814000644,-34.13821632772066],[150.85008843260516,-34.14030266204539],[150.8485699012108,-34.14311697034119],[150.85131439754173,-34.145988513716965],[150.8501265476732,-34.148922671039955],[150.84733992769836,-34.15119452260538],[150.84747402949955,-34.153909231432856],[150.84358063217456,-34.15827304668955],[150.8418667171458,-34.15934631450796],[150.83995606500395,-34.16323205416196],[150.83580374128286,-34.16454883418222],[150.83486991461277,-34.166513787475765],[150.82889659433593,-34.166659169459386],[150.82744764116802,-34.1641750910298],[150.82481629766295,-34.164212486993456],[150.82210054442348,-34.16226817422236],[150.81953336745136,-34.16477968013159],[150.81711555413077,-34.16482240034277],[150.8153743658076,-34.16680598012943],[150.81663954940603,-34.173229099926765],[150.84094553266988,-34.176517881835245],[150.84535143715226,-34.17638665495146],[150.84625570031412,-34.178915752990434],[150.85030720637414,-34.178540123496774],[150.84913627957513,-34.1811219444782],[150.85389672367523,-34.184326903981066],[150.8550093167474,-34.18326191954747],[150.853505862316,-34.17892853887892],[150.85591017791543,-34.17767084864677],[150.8578584667466,-34.17868749542374],[150.8595310160932,-34.18103551938841],[150.8631169275921,-34.18267611696357],[150.86986650528814,-34.18165772705907],[150.87388156692742,-34.18542664938787],[150.87483649228417,-34.187412124887494],[150.87955924997385,-34.18688788142162],[150.88333313915294,-34.18800303229536],[150.88532396159263,-34.187537817250515],[150.89936061845322,-34.18960010918639],[150.89394192827564,-34.183654655634164],[150.88912623847392,-34.18283171407652],[150.88780097731632,-34.181481477812376],[150.88821742896036,-34.17944671155356],[150.88746548893755,-34.17517685602442],[150.88850718081466,-34.17226187061852],[150.89198239582583,-34.1698195964512],[150.8931904048292,-34.16631810056999],[150.89326918370494,-34.162230104504026],[150.89852086518871,-34.16120057185906],[150.89970374935191,-34.1600335721518],[150.89921420328798,-34.1566506318713],[150.9004197748581,-34.15527699168291],[150.9005513020224,-34.1521717115208],[150.90299899335454,-34.15028662949541],[150.9057608604647,-34.14976056490968],[150.90736830736637,-34.14290703532148],[150.90692993209194,-34.139268375805315],[150.90842776905131,-34.13831121861328],[150.90982331734418,-34.13239292083685],[150.9110508176935,-34.13088046886704],[150.91125540810597,-34.1276875080292],[150.91314048879067,-34.12592662880779],[150.9117011204414,-34.123055158423085],[150.91398093843446,-34.121108408976724],[150.91644537932527,-34.117484975213216],[150.91551818121945,-34.11606975317898],[150.91659180797296,-34.11254391983662],[150.91933683974014,-34.110445496928946],[150.91983705149278,-34.10557764911965],[150.9215206643367,-34.104626040576186],[150.92289102007717,-34.09938909449074],[150.92574717431296,-34.09554459952483],[150.9252110844788,-34.09332204847271],[150.9366005107075,-34.0951170252332],[150.93479292976525,-34.10380684459748],[150.93970868058165,-34.10633980457661],[150.94308998546703,-34.11031923312917],[150.94785485420144,-34.10769003401533],[150.94868856576832,-34.10510283386063],[150.953102980394,-34.10633168971122],[150.95683575850865,-34.103881654195334],[150.95923968929495,-34.105640371379174],[150.96098538824597,-34.1053427369483],[150.96087664841204,-34.101112051699936],[150.96428635670864,-34.099596525026556],[150.96222131758827,-34.097787376079935],[150.96380891031382,-34.09572750283778],[150.96593895593776,-34.095843451892335],[150.97106045298244,-34.10006214364485],[150.9738238460913,-34.099093571536],[150.97597976701337,-34.0966974570691],[150.9729447659696,-34.09554602652029],[150.97442736101638,-34.091229276265416],[150.9737914315875,-34.086575526750934],[150.9768044530069,-34.08578170769208],[150.97853180159368,-34.08284023257023],[150.9817986426507,-34.0797690724186],[150.98320250258206,-34.07483123471466],[150.98538154099123,-34.07008104826214],[150.98474104404704,-34.067610295465556],[150.9872831904661,-34.06500956526756],[150.99632412229278,-34.06234405108295],[150.99632064554902,-34.060170826521556],[150.99361275383546,-34.05839727874711],[150.98834029948029,-34.05902286282647],[150.98140786918535,-34.055348918831335],[150.97117162305045,-34.054156464852156],[150.96729004760934,-34.05283493571834],[150.96250623906568,-34.049218599997914],[150.95914395511807,-34.043636997447365],[150.9589598757763,-34.04065781720636],[150.9603620109937,-34.03497977016093],[150.96235713595203,-34.030647102458325],[150.96425713370297,-34.02845060569992],[150.96919520320674,-34.02526141252106],[150.9805928274894,-34.017174643014464],[150.98381549287444,-34.014484392371635],[150.99439940633107,-34.00252367508387],[150.99572578693753,-34.0002522227337],[150.9967116028291,-33.99424651909343],[150.99646216999,-33.99216045187936],[150.9926424200953,-33.98878596095409],[150.99232848368865,-33.98190787679401],[150.99179009950603,-33.98118069428552],[150.98376602964865,-33.97362972811029],[150.97230485930442,-33.96716448310116],[150.96850133953401,-33.96473165564923],[150.9682835742279,-33.96246394354955],[150.96663004343455,-33.958042255149444],[150.96530604210344,-33.95686730462386],[150.96597990772185,-33.95462310105202]]]},"properties":{"suburbname":"HOLSWORTHY","postcode":2173,"state":2,"startdate":"20260402111528","enddate":"30000101000000","lastupdate":"20260402111607","msoid":3580,"centroidid":null,"shapeuuid":"5685cf01-6d35-3a40-a45b-4a1fb596ff4f","changetype":"M","processstate":null,"urbanity":"R","Shape__Length":1.0757594114687412,"Shape__Area":0.018538903265774734,"OBJECTID":28378,"cadid":108033114,"createdate":"19950728000000","modifieddate":"20260402111358"}},
{"type":"Feature","geometry":{"type":"Polygon","coordinates":[[[151.25923749650835,-33.88938821756575],[151.25619973957916,-33.88936810414417],[151.25370611567476,-33.89087219811683],[151.25241015753468,-33.89013556640795],[151.24822729964498,-33.8905555006108],[151.2421529301056,-33.88952656588189],[151.2408799412907,-33.88990486242679],[151.2418956399382,-33.89031380805854],[151.24079989192333,-33.894729791898826],[151.25121446949893,-33.89614676051031],[151.25895890946944,-33.897080257711316],[151.25975136801847,-33.89332117028914],[151.25806016899153,-33.8930966682215],[151.25923749650835,-33.88938821756575]]]},"properties":{"suburbname":"BONDI JUNCTION","postcode":2022,"state":2,"startdate":"20260409090833","enddate":"30000101000000","lastupdate":"20260409090917","msoid":1257,"centroidid":null,"shapeuuid":"6d6be92a-33cc-3bb9-b10a-0274a301dd4a","changetype":"M","processstate":null,"urbanity":"U","Shape__Length":0.05408888422148537,"Shape__Area":0.00010510442977910633,"OBJECTID":28421,"cadid":108030791,"createdate":"19950728000000","modifieddate":"20260409090735"}},
{"type":"Feature","geometry":{"type":"Polygon","coordinates":[[[151.2475796333778,-33.88594922806703],[151.24221274957668,-33.880897275592304],[151.23795523383362,-33.88213367278812],[151.23748070785692,-33.883016668885226],[151.23756899346586,-33.88475528833994],[151.2331127232937,-33.88947821923085],[151.2367623201401,-33.89067930115557],[151.2408799412907,-33.88990486242679],[151.2421529301056,-33.88952656588189],[151.24822729964498,-33.8905555006108],[151.25241015753468,-33.89013556640795],[151.25370611567476,-33.89087219811683],[151.25619973957916,-33.88936810414417],[151.25637992098234,-33.88758457852209],[151.2475796333778,-33.88594922806703]]]},"properties":{"suburbname":"WOOLLAHRA","postcode":2025,"state":2,"startdate":"20260409090833","enddate":"30000101000000","lastupdate":"20260409090917","msoid":3582,"centroidid":null,"shapeuuid":"6b573eb2-f05e-3449-b0fd-80620eb2631e","changetype":"M","processstate":null,"urbanity":"U","Shape__Length":0.07093031102276932,"Shape__Area":0.00012283405527316815,"OBJECTID":28422,"cadid":108033116,"createdate":"19950728000000","modifieddate":"20260409090735"}},
{"type":"Feature","geometry":{"type":"Polygon","coordinates":[[[151.06423121297453,-33.91658484346208],[151.06322044215761,-33.91745936269702],[151.05592732394837,-33.916064482040696],[151.0528663084653,-33.91637504322454],[151.04741460190812,-33.91804254700453],[151.05041373372066,-33.92117600702939],[151.04778483528966,-33.92253715492464],[151.04397750539007,-33.921997041243024],[151.04339845372314,-33.925198831110485],[151.0382672866546,-33.924940287733136],[151.0388644393396,-33.9278742970872],[151.04101339341798,-33.93207150863195],[151.0391549717709,-33.93492426230101],[151.04028345485835,-33.93670815250232],[151.03969732195065,-33.939926258692225],[151.0405355194632,-33.94273781321389],[151.04414684252978,-33.9387935033345],[151.0484820396516,-33.93841421417525],[151.0546668782726,-33.93915605681199],[151.0550619746866,-33.9372694412248],[151.06149633513743,-33.938120282609255],[151.06204373127252,-33.9351827588215],[151.06012164319694,-33.93176667418473],[151.06383786010417,-33.93120046506108],[151.06468606049847,-33.930758307215875],[151.060042231411,-33.921939386331175],[151.06532423625498,-33.917280658517605],[151.06423121297453,-33.91658484346208]]]},"properties":{"suburbname":"PUNCHBOWL","postcode":2196,"state":2,"startdate":"20260414165400","enddate":"30000101000000","lastupdate":"20260414165413","msoid":1241,"centroidid":null,"shapeuuid":"9f591cfc-07d4-329f-af14-5d6b02e3fec3","changetype":"M","processstate":null,"urbanity":"U","Shape__Length":0.13199777188426776,"Shape__Area":0.0004339041003174385,"OBJECTID":28425,"cadid":108030775,"createdate":"19950728000000","modifieddate":"20260414165330"}},
{"type":"Feature","geometry":{"type":"Polygon","coordinates":[[[151.27721177689307,-33.80008937249574],[151.27458934018793,-33.79981275512534],[151.27319429100868,-33.80088699319041],[151.26830169592193,-33.797677986459576],[151.26554274950308,-33.79877383825722],[151.2687573497794,-33.80045826776302],[151.26978528144832,-33.80239294772897],[151.27511811571839,-33.8081372900539],[151.2748602553287,-33.81069499663337],[151.2730764109477,-33.81256088343486],[151.2691843222046,-33.81110345186432],[151.26819116463707,-33.81266636326994],[151.2632901708177,-33.815359500883325],[151.2616375068862,-33.81785121147423],[151.26637720295128,-33.82383559075838],[151.26887347229308,-33.827245146368185],[151.28785063954115,-33.82089346549444],[151.28555615724648,-33.81894994653345],[151.28556530086487,-33.81675798928124],[151.28689572861688,-33.812816600525025],[151.28917078435674,-33.81240562143362],[151.28939074238286,-33.80987052398232],[151.2870457877002,-33.80657786894809],[151.28329471373556,-33.80525537273128],[151.28669334962183,-33.801957892852016],[151.28559660148107,-33.800301607206706],[151.28270565988154,-33.79891366352842],[151.27721177689307,-33.80008937249574]]]},"properties":{"suburbname":"NORTH HARBOUR","postcode":null,"state":2,"startdate":"20260415094430","enddate":"30000101000000","lastupdate":"20260415094502","msoid":1090,"centroidid":null,"shapeuuid":"56c8ccc7-1986-3a1e-ba6a-f65d4752d942","changetype":"M","processstate":null,"urbanity":"R","Shape__Length":0.15418751177032666,"Shape__Area":0.00045540069259827453,"OBJECTID":28433,"cadid":108030624,"createdate":"19950728000000","modifieddate":"20260415094259"}},
{"type":"Feature","geometry":{"type":"Polygon","coordinates":[[[151.2747083004018,-33.78774526500792],[151.27008183206127,-33.78712647925186],[151.27004078510893,-33.79083066961462],[151.26830169592193,-33.797677986459576],[151.27319429100868,-33.80088699319041],[151.27458934018793,-33.79981275512534],[151.27721177689307,-33.80008937249574],[151.27833825569795,-33.796426227403835],[151.27986241379895,-33.7955361022247],[151.28039629925152,-33.79221650861375],[151.27726347093386,-33.79057807158768],[151.27688049674478,-33.78839329425395],[151.2747083004018,-33.78774526500792]]]},"properties":{"suburbname":"FAIRLIGHT","postcode":2094,"state":2,"startdate":"20260415094430","enddate":"30000101000000","lastupdate":"20260415094502","msoid":2565,"centroidid":null,"shapeuuid":"4fc0f22f-ae75-3c5e-b712-71705f8ecb9c","changetype":"M","processstate":null,"urbanity":"U","Shape__Length":0.056613000926067254,"Shape__Area":0.00011376882186380151,"OBJECTID":28434,"cadid":108032099,"createdate":"19950728000000","modifieddate":"20260415094259"}},
{"type":"Feature","geometry":{"type":"Polygon","coordinates":[[[151.09384901045473,-34.02425126567788],[151.08901465083196,-34.023633003316476],[151.08796861177774,-34.02515389531033],[151.0849463024563,-34.02660645358881],[151.07765453259853,-34.03150606912143],[151.0807570376082,-34.03245666316251],[151.07851967105267,-34.04068113783969],[151.0788133090248,-34.04237990204353],[151.0759251391404,-34.04489979254491],[151.07625458771525,-34.04683180887186],[151.07342406170108,-34.04680549037545],[151.07434455985307,-34.04822049079411],[151.07758801172452,-34.048025865215884],[151.07755633655088,-34.04628933504598],[151.0792515133019,-34.04209284015846],[151.08597456376253,-34.0420350968251],[151.0897642652221,-34.04293362194878],[151.09384901045473,-34.02425126567788]]]},"properties":{"suburbname":"GYMEA","postcode":2227,"state":2,"startdate":"20260506160128","enddate":"30000101000000","lastupdate":"20260506160141","msoid":115,"centroidid":null,"shapeuuid":"0635b31b-848c-3b1a-80ad-6c047ab1fab2","changetype":"M","processstate":null,"urbanity":"U","Shape__Length":0.10777459725609045,"Shape__Area":0.00021390121978252994,"OBJECTID":28541,"cadid":108029649,"createdate":"19950728000000","modifieddate":"20260506160017"}},
{"type":"Feature","geometry":{"type":"Polygon","coordinates":[[[151.1071191431206,-34.02229202319762],[151.0946326606242,-34.02058053919757],[151.09384901045473,-34.02425126567788],[151.0897642652221,-34.04293362194878],[151.09296671351024,-34.043380694370086],[151.09679053658402,-34.045714323841935],[151.10307918484165,-34.04232100768569],[151.10544579019415,-34.04223846327394],[151.1098604624823,-34.04480299574792],[151.11118332736268,-34.043292891988905],[151.11220109610457,-34.04165313396238],[151.11363525723448,-34.03443697439849],[151.1153673945378,-34.029466298128604],[151.11922363848046,-34.02851192278645],[151.11982772854665,-34.02534585695209],[151.11590352882743,-34.0246477802289],[151.1101274443432,-34.026271514389045],[151.1071191431206,-34.02229202319762]]]},"properties":{"suburbname":"MIRANDA","postcode":2228,"state":2,"startdate":"20260506160128","enddate":"30000101000000","lastupdate":"20260506160141","msoid":2431,"centroidid":null,"shapeuuid":"900cbb87-4809-3f74-a1ef-643dace56594","changetype":"M","processstate":null,"urbanity":"U","Shape__Length":0.12983595835879785,"Shape__Area":0.00046865337484068803,"OBJECTID":28542,"cadid":108031965,"createdate":"19950728000000","modifieddate":"20260506160017"}},
{"type":"Feature","geometry":{"type":"Polygon","coordinates":[[[151.11687605730313,-33.784140788233735],[151.1146280483632,-33.78583325394625],[151.1146087010292,-33.78752709247412],[151.1100919569806,-33.793629947873],[151.10963191712096,-33.79440526031931],[151.11375572394965,-33.797750443818494],[151.11443202427273,-33.79982451039111],[151.11646275186118,-33.7994869166627],[151.12126361334475,-33.80271763079458],[151.11961588199696,-33.80429896352567],[151.12162364896832,-33.806788533502235],[151.12455207431282,-33.80515319466865],[151.12809086956622,-33.80756671248611],[151.12721728602497,-33.80936352224027],[151.1335127362694,-33.80346609369993],[151.13807015488226,-33.806766373644955],[151.14243659806408,-33.80661876484618],[151.14380524095213,-33.80347723840167],[151.1423271662752,-33.80212702786509],[151.14437030080126,-33.799675048603454],[151.1526730864342,-33.79859619986328],[151.15414578371133,-33.800091320264826],[151.15340378310734,-33.799031654031296],[151.1548899443091,-33.79614445884943],[151.15451449185645,-33.79329625799567],[151.15678137269435,-33.792608657551185],[151.15676886760969,-33.792098482105054],[151.1526709617152,-33.79040694324932],[151.14839486790652,-33.7942645767386],[151.14713827093868,-33.79630172988336],[151.1364886036579,-33.79398879139082],[151.13440980258116,-33.79422989482021],[151.1261606484708,-33.78776480555148],[151.1234835336977,-33.78636075791485],[151.11687605730313,-33.784140788233735]]]},"properties":{"suburbname":"NORTH RYDE","postcode":2113,"state":2,"startdate":"20260513110649","enddate":"30000101000000","lastupdate":"20260513110711","msoid":1228,"centroidid":null,"shapeuuid":"8a18db1d-5789-3cc6-a18c-3e572f611179","changetype":"M","processstate":null,"urbanity":"U","Shape__Length":0.16554502611945934,"Shape__Area":0.0005195571581349872,"OBJECTID":28577,"cadid":108030762,"createdate":"19950728000000","modifieddate":"20260513110611"}},
{"type":"Feature","geometry":{"type":"Polygon","coordinates":[[[150.95790385514388,-33.83793392371211],[150.95416047936004,-33.837998139918085],[150.9364356554714,-33.83552182048846],[150.93632912111784,-33.83386585852115],[150.925081974261,-33.83362085090714],[150.92455815758942,-33.835627833468436],[150.92743056274043,-33.84109899031889],[150.92409873773448,-33.841864897691764],[150.92265148457906,-33.848801496340016],[150.91865925754482,-33.84829119910671],[150.91641099570458,-33.85886211844021],[150.9179240788274,-33.859074036828765],[150.9337832230461,-33.8612577570794],[150.94739044606754,-33.8631133241892],[150.94809577158486,-33.85983395813991],[150.9507224686068,-33.85688654651389],[150.95049162959393,-33.85413252591944],[150.9536959885764,-33.853961233519954],[150.9547566145087,-33.8555753883112],[150.9551526318463,-33.854239178236604],[150.95645758033743,-33.849703485516],[150.9585185430107,-33.850066785625145],[150.96052274186695,-33.84419085515804],[150.956188783239,-33.843397656451074],[150.95790385514388,-33.83793392371211]]]},"properties":{"suburbname":"SMITHFIELD","postcode":2164,"state":2,"startdate":"20260513112433","enddate":"30000101000000","lastupdate":"20260513112449","msoid":1312,"centroidid":null,"shapeuuid":"4496fb25-073d-3f92-9f71-eef3c4d6b4a9","changetype":"M","processstate":null,"urbanity":"U","Shape__Length":0.1471648481788659,"Shape__Area":0.0008691810354021532,"OBJECTID":28578,"cadid":108030846,"createdate":"19950728000000","modifieddate":"20260513112402"}},
{"type":"Feature","geometry":{"type":"Polygon","coordinates":[[[150.9645723973106,-33.814449537139005],[150.95848362481587,-33.81306082422015],[150.94846813192183,-33.81068597127989],[150.94587241424435,-33.809593889472836],[150.9427426522009,-33.80865135409254],[150.93701857553606,-33.808312246016776],[150.93384283814905,-33.807214794985356],[150.9307515951204,-33.80563038118305],[150.92846792029857,-33.80691552303262],[150.93110403525563,-33.80749205551021],[150.93509110069775,-33.809445489791685],[150.93279520635156,-33.81567829439757],[150.9337654948104,-33.817473808915736],[150.93178313711078,-33.82742499743225],[150.92876949928308,-33.82879568509951],[150.92640494862596,-33.828091640830344],[150.91913733235523,-33.833088537882574],[150.91620548097316,-33.83694594130007],[150.92075296653576,-33.83920341227681],[150.92267249709008,-33.83954531080136],[150.92409873773448,-33.841864897691764],[150.92743056274043,-33.84109899031889],[150.92455815758942,-33.835627833468436],[150.925081974261,-33.83362085090714],[150.93632912111784,-33.83386585852115],[150.9364356554714,-33.83552182048846],[150.95416047936004,-33.837998139918085],[150.95790385514388,-33.83793392371211],[150.96039134189402,-33.83053931546363],[150.96242524663032,-33.83081812287258],[150.96255456709167,-33.82854884641987],[150.96242111315482,-33.8177735198485],[150.9645723973106,-33.814449537139005]]]},"properties":{"suburbname":"GREYSTANES","postcode":2145,"state":2,"startdate":"20260513112433","enddate":"30000101000000","lastupdate":"20260513112450","msoid":1313,"centroidid":null,"shapeuuid":"13e0f280-f3d3-39d9-be0a-1ec5e04bfb7f","changetype":"M","processstate":null,"urbanity":"U","Shape__Length":0.1766535876139822,"Shape__Area":0.0008628990548143236,"OBJECTID":28579,"cadid":108030847,"createdate":"19950728000000","modifieddate":"20260513112402"}},
{"type":"Feature","geometry":{"type":"Polygon","coordinates":[[[150.93700240970065,-33.87233068723593],[150.9319272871122,-33.87122448501178],[150.9337832230461,-33.8612577570794],[150.9179240788274,-33.859074036828765],[150.9188389183401,-33.86239192519476],[150.91319732501074,-33.86394744189239],[150.91074311609253,-33.86537109683891],[150.91321687132407,-33.867504097529626],[150.91383135940322,-33.87061804489273],[150.91550549648522,-33.87135936459447],[150.91657419558808,-33.87446839726398],[150.92226166370884,-33.87569725646178],[150.92586294816417,-33.87439689260552],[150.92906328796911,-33.877544666266296],[150.93357864364833,-33.8797622773398],[150.93529419717538,-33.88137677352727],[150.93629593274787,-33.87613550376423],[150.93700240970065,-33.87233068723593]]]},"properties":{"suburbname":"FAIRFIELD WEST","postcode":2165,"state":2,"startdate":"20260525115420","enddate":"30000101000000","lastupdate":"20260525115858","msoid":139,"centroidid":null,"shapeuuid":"4e211e77-9d8d-3db7-8620-9a8beab2ff63","changetype":"M","processstate":null,"urbanity":"U","Shape__Length":0.09746808756742294,"Shape__Area":0.00031342835052302443,"OBJECTID":28638,"cadid":108029673,"createdate":"19950728000000","modifieddate":"20260525114452"}},
{"type":"Feature","geometry":{"type":"Polygon","coordinates":[[[151.09176319325425,-33.95131764886105],[151.09087526571906,-33.94572610893063],[151.08767030839843,-33.94119388214078],[151.08944967306053,-33.938227818860035],[151.0859477800841,-33.93741132691015],[151.08498022727346,-33.93580995316775],[151.07552108886094,-33.9396943090366],[151.07351969496287,-33.94118702915299],[151.07461158114438,-33.94769009978063],[151.075818445349,-33.94914654260996],[151.07369311719077,-33.950398299295834],[151.07257020258672,-33.9548262035912],[151.06894185482702,-33.95060597605695],[151.06461116568738,-33.95218384825566],[151.07272874012844,-33.96070707139296],[151.07366733356528,-33.960657957314965],[151.0715291333438,-33.95821870557307],[151.0751434522078,-33.95766301019568],[151.08302281850678,-33.95313777776009],[151.08594358972073,-33.95436862224972],[151.0872290191112,-33.95199596672329],[151.09176319325425,-33.95131764886105]]]},"properties":{"suburbname":"BEVERLY HILLS","postcode":2209,"state":2,"startdate":"20260526121132","enddate":"30000101000000","lastupdate":"20260526121145","msoid":89,"centroidid":null,"shapeuuid":"86c7379e-95ef-33fb-81ee-2221c1ab145e","changetype":"M","processstate":null,"urbanity":"U","Shape__Length":0.1282604294973793,"Shape__Area":0.00030023219616486343,"OBJECTID":28645,"cadid":108029623,"createdate":"19950728000000","modifieddate":"20260526121108"}},
{"type":"Feature","geometry":{"type":"Polygon","coordinates":[[[151.11283322558666,-33.962418185960736],[151.1020767560053,-33.9497850022354],[151.0955828618246,-33.95117268822969],[151.09176319325425,-33.95131764886105],[151.0872290191112,-33.95199596672329],[151.08594358972073,-33.95436862224972],[151.09278766575648,-33.962625155083835],[151.09285165874715,-33.96363544774395],[151.09834436504372,-33.97013462048552],[151.09713552680773,-33.97130456160128],[151.09781913766375,-33.97530977007281],[151.10236482842691,-33.97406339485082],[151.10671939246015,-33.97177551298374],[151.10830231639926,-33.972047120793924],[151.1133046488473,-33.96962142059074],[151.11561643216547,-33.96994760204285],[151.11624416672544,-33.969573552501664],[151.11197529397126,-33.964632016015685],[151.11283322558666,-33.962418185960736]]]},"properties":{"suburbname":"HURSTVILLE","postcode":2220,"state":2,"startdate":"20260526121132","enddate":"30000101000000","lastupdate":"20260526121145","msoid":3561,"centroidid":null,"shapeuuid":"f8733090-6a36-3705-b2a2-6994bebd4da0","changetype":"M","processstate":null,"urbanity":"U","Shape__Length":0.11796570005994789,"Shape__Area":0.0004025291197875746,"OBJECTID":28648,"cadid":108033095,"createdate":"19950728000000","modifieddate":"20260526121108"}},
{"type":"Feature","geometry":{"type":"Polygon","coordinates":[[[150.9144174927627,-33.89783580734781],[150.9191364482569,-33.89962947533118],[150.921894437009,-33.895884003978836],[150.92301396387043,-33.890128362523804],[150.92288512632066,-33.88826621279274],[150.90937531119914,-33.886378562782106],[150.90754331685525,-33.889361044067854],[150.90273556179181,-33.890946136179046],[150.89949744522838,-33.89431243421547],[150.91083325210295,-33.895891497881934],[150.9144174927627,-33.89783580734781]]]},"properties":{"suburbname":"CABRAMATTA WEST","postcode":2166,"state":2,"startdate":"20260601124224","enddate":"30000101000000","lastupdate":"20260601124241","msoid":137,"centroidid":null,"shapeuuid":"90b79574-90a5-330b-9df6-034023e1ef5f","changetype":"M","processstate":null,"urbanity":"U","Shape__Length":0.06176066084714042,"Shape__Area":0.00017963907604692385,"OBJECTID":28679,"cadid":108029671,"createdate":"19950728000000","modifieddate":"20260601124139"}},
{"type":"Feature","geometry":{"type":"Polygon","coordinates":[[[150.89949744522838,-33.89431243421547],[150.89168508214277,-33.899883461350704],[150.88791772549595,-33.904129610285196],[150.89866261594162,-33.90769113424079],[150.89957930433167,-33.909639439723676],[150.90775476972541,-33.91419235671959],[150.91120003608594,-33.90832587295587],[150.91243024546574,-33.90819401336859],[150.91345772228485,-33.90131384397475],[150.9144174927627,-33.89783580734781],[150.91083325210295,-33.895891497881934],[150.89949744522838,-33.89431243421547]]]},"properties":{"suburbname":"MOUNT PRITCHARD","postcode":2170,"state":2,"startdate":"20260601124224","enddate":"30000101000000","lastupdate":"20260601124241","msoid":3609,"centroidid":null,"shapeuuid":"e387720c-ff04-3e4e-81d2-c2fcae85a23f","changetype":"M","processstate":null,"urbanity":"U","Shape__Length":0.07580770918804801,"Shape__Area":0.0003047637446234239,"OBJECTID":28680,"cadid":108033143,"createdate":"19950728000000","modifieddate":"20260601124139"}},
{"type":"Feature","geometry":{"type":"Polygon","coordinates":[[[151.23761418811648,-33.87738669469114],[151.23498371635506,-33.878227880369934],[151.2331906038073,-33.87666263111078],[151.2293780417128,-33.87620659690808],[151.22954979058173,-33.87676652048814],[151.2318081758684,-33.87718943097798],[151.23241896901663,-33.87942839572204],[151.23435410673997,-33.87979327997459],[151.23748070785692,-33.883016668885226],[151.23795523383362,-33.88213367278812],[151.24221274957668,-33.880897275592304],[151.2422205650076,-33.87966006607473],[151.2378474496734,-33.87879338612932],[151.23761418811648,-33.87738669469114]]]},"properties":{"suburbname":"EDGECLIFF","postcode":2027,"state":2,"startdate":"20260603144957","enddate":"30000101000000","lastupdate":"20260603145019","msoid":2426,"centroidid":null,"shapeuuid":"74e4f43a-b615-3f4d-8775-4ca0daa35ea0","changetype":"M","processstate":null,"urbanity":"U","Shape__Length":0.05208263839812914,"Shape__Area":0.000029863008141697167,"OBJECTID":28695,"cadid":108031960,"createdate":"19950728000000","modifieddate":"20260603144848"}},
{"type":"Feature","geometry":{"type":"Polygon","coordinates":[[[151.24086424929422,-33.87236228726478],[151.24190570689743,-33.8687086427969],[151.24019442795813,-33.86644007297682],[151.23495097424814,-33.867924873797236],[151.2353742124228,-33.87031093042468],[151.23465923857646,-33.873014005564485],[151.23284708846438,-33.87471540665379],[151.2306194052064,-33.874045864261596],[151.2293780417128,-33.87620659690808],[151.2331906038073,-33.87666263111078],[151.23498371635506,-33.878227880369934],[151.23761418811648,-33.87738669469114],[151.23867740559086,-33.87471161854796],[151.24086424929422,-33.87236228726478]]]},"properties":{"suburbname":"DARLING POINT","postcode":2027,"state":2,"startdate":"20260603144957","enddate":"30000101000000","lastupdate":"20260603145019","msoid":3548,"centroidid":null,"shapeuuid":"87975e34-729f-3a0f-b0ab-6a4acf7d1efe","changetype":"M","processstate":null,"urbanity":"U","Shape__Length":0.051531343073851085,"Shape__Area":0.00006504771177112968,"OBJECTID":28696,"cadid":108033082,"createdate":"19950728000000","modifieddate":"20260603144848"}},
{"type":"Feature","geometry":{"type":"Polygon","coordinates":[[[150.9547566145087,-33.8555753883112],[150.9536959885764,-33.853961233519954],[150.95049162959393,-33.85413252591944],[150.9507224686068,-33.85688654651389],[150.94809577158486,-33.85983395813991],[150.94739044606754,-33.8631133241892],[150.95110431155308,-33.86372621063456],[150.94718315421213,-33.87013105464572],[150.9410601940217,-33.86927474044107],[150.94010298750024,-33.87297811734522],[150.93700240970065,-33.87233068723593],[150.93629593274787,-33.87613550376423],[150.93887310631177,-33.87711084207638],[150.94866176247857,-33.88298096982146],[150.95206369210104,-33.882104876870436],[150.95810236089366,-33.88214192216779],[150.96026497848135,-33.87915832313181],[150.9657860880351,-33.877340410900835],[150.96485173766015,-33.87341072956508],[150.96171558063824,-33.87080503887408],[150.96301210388364,-33.869057112867395],[150.9599004057212,-33.86457168703943],[150.95983923138846,-33.86118752876067],[150.95746820247197,-33.860569978153336],[150.95726852496665,-33.858299891122265],[150.9547566145087,-33.8555753883112]]]},"properties":{"suburbname":"FAIRFIELD","postcode":2165,"state":2,"startdate":"20260605101238","enddate":"30000101000000","lastupdate":"20260605101339","msoid":2452,"centroidid":null,"shapeuuid":"e1a925a1-0426-3090-9a62-da55c620ba56","changetype":"M","processstate":null,"urbanity":"U","Shape__Length":0.13226764279369593,"Shape__Area":0.0004337785071989833,"OBJECTID":28705,"cadid":108031986,"createdate":"19950728000000","modifieddate":"20260605101001"}},
{"type":"Feature","geometry":{"type":"Polygon","coordinates":[[[150.93700240970065,-33.87233068723593],[150.94010298750024,-33.87297811734522],[150.9410601940217,-33.86927474044107],[150.94718315421213,-33.87013105464572],[150.95110431155308,-33.86372621063456],[150.94739044606754,-33.8631133241892],[150.9337832230461,-33.8612577570794],[150.9319272871122,-33.87122448501178],[150.93700240970065,-33.87233068723593]]]},"properties":{"suburbname":"FAIRFIELD HEIGHTS","postcode":2165,"state":2,"startdate":"20260605101238","enddate":"30000101000000","lastupdate":"20260605101339","msoid":3624,"centroidid":null,"shapeuuid":"9a79c1f1-0af5-380e-8e46-80a9a0d6b2ad","changetype":"M","processstate":null,"urbanity":"U","Shape__Length":0.05420785837191431,"Shape__Area":0.00014222820392315077,"OBJECTID":28706,"cadid":108033158,"createdate":"19950728000000","modifieddate":"20260605101001"}},
{"type":"Feature","geometry":{"type":"Polygon","coordinates":[[[150.8501583430278,-33.978143733471654],[150.8441185069595,-33.96282478569857],[150.84126899815115,-33.956158446749185],[150.828076439287,-33.961605698257706],[150.82650231816294,-33.96283641765587],[150.82289368513827,-33.970403547999524],[150.8223910376145,-33.97408205532169],[150.82039523813273,-33.97521278094757],[150.81519683765518,-33.96788970697395],[150.81025219653503,-33.97596559917669],[150.81227092177875,-33.97802038315694],[150.80863294097676,-33.980861368325805],[150.80953786288734,-33.98300692052472],[150.8069326087369,-33.983622897230596],[150.80457839408515,-33.98810157383254],[150.80654296118385,-33.987620414166464],[150.81033697537038,-33.99212265417342],[150.82060255871448,-33.987639047612376],[150.83249205024438,-34.00696657338327],[150.83331632960324,-34.00616003174658],[150.84427471376395,-33.99918295237094],[150.84911752526727,-33.99463560003412],[150.85302483494,-33.989329644571875],[150.85689235340976,-33.985797121168254],[150.8534806314676,-33.98617206823241],[150.8501583430278,-33.978143733471654]]]},"properties":{"suburbname":"DENHAM COURT","postcode":2565,"state":2,"startdate":"20260605153432","enddate":"30000101000000","lastupdate":"20260605153500","msoid":1283,"centroidid":null,"shapeuuid":"e75d250a-39dd-3b5f-be12-7971be7fbd3d","changetype":"M","processstate":null,"urbanity":"R","Shape__Length":0.19296529196604498,"Shape__Area":0.001303142367713041,"OBJECTID":28715,"cadid":108030817,"createdate":"19950728000000","modifieddate":"20260605153351"}},
{"type":"Feature","geometry":{"type":"Polygon","coordinates":[[[150.84920076844676,-33.95160761845394],[150.84198469252203,-33.950042451861364],[150.83865321996075,-33.950131490601656],[150.83849605860738,-33.95270538951469],[150.84126899815115,-33.956158446749185],[150.8441185069595,-33.96282478569857],[150.8501583430278,-33.978143733471654],[150.85175828362708,-33.9764218258972],[150.85861284858387,-33.97400461136174],[150.86211413695543,-33.972355548555385],[150.86533865374255,-33.97168542741217],[150.87469126800352,-33.966775133832556],[150.87667398548132,-33.95673282209455],[150.86634439545236,-33.95537431997888],[150.84920076844676,-33.95160761845394]]]},"properties":{"suburbname":"EDMONDSON PARK","postcode":2174,"state":2,"startdate":"20260605153432","enddate":"30000101000000","lastupdate":"20260605153500","msoid":3612,"centroidid":null,"shapeuuid":"24e6d28e-8d13-3589-b931-df48946c5438","changetype":"M","processstate":null,"urbanity":"R","Shape__Length":0.1103399264661365,"Shape__Area":0.0006053013520304395,"OBJECTID":28716,"cadid":108033146,"createdate":"19950728000000","modifieddate":"20260605153351"}},
{"type":"Feature","geometry":{"type":"Polygon","coordinates":[[[150.86292579384008,-33.76843192040042],[150.86061609680004,-33.7671667475003],[150.86118324179765,-33.76568179845796],[150.85679197178027,-33.76388048531988],[150.85567547142367,-33.7618137420652],[150.84707506037194,-33.760539743046635],[150.83092600407232,-33.7581387138044],[150.82987122007972,-33.76288838767049],[150.83349273963978,-33.767902263503224],[150.82928515606324,-33.76727662692876],[150.8293546598928,-33.771312227482944],[150.8270812981987,-33.78221153323844],[150.84338609611595,-33.78609980428728],[150.8577652253455,-33.7793044892289],[150.85599704635445,-33.776288814447874],[150.8535912382609,-33.77415906506674],[150.86292579384008,-33.76843192040042]]]},"properties":{"suburbname":"ROOTY HILL","postcode":2766,"state":2,"startdate":"20260611144315","enddate":"30000101000000","lastupdate":"20260611144334","msoid":1310,"centroidid":null,"shapeuuid":"a2e19407-a877-3aec-881f-e3ca067cbf20","changetype":"M","processstate":null,"urbanity":"U","Shape__Length":0.12141194470263733,"Shape__Area":0.000671718284982973,"OBJECTID":28735,"cadid":108030844,"createdate":"19950728000000","modifieddate":"20260611144245"}},
{"type":"Feature","geometry":{"type":"Polygon","coordinates":[[[150.87126929456338,-33.79219936702723],[150.86521509979008,-33.79123541701226],[150.85654962352325,-33.78931785296763],[150.85828813998322,-33.782557452251275],[150.8577652253455,-33.7793044892289],[150.84338609611595,-33.78609980428728],[150.85445782950117,-33.78884555808724],[150.85475943622677,-33.79026025590068],[150.85323680577983,-33.797760593914816],[150.83744858578612,-33.793177879099446],[150.83315252200055,-33.79214617055036],[150.8262322011913,-33.791175406141306],[150.82216129774642,-33.791004824052855],[150.81131643155484,-33.79129503447861],[150.81022835608894,-33.792802469590406],[150.81161633180002,-33.79611275132108],[150.8140217108013,-33.79884909543529],[150.81410659362066,-33.804329217658],[150.8151809344102,-33.80576091548954],[150.81425740010826,-33.80901861006937],[150.81384522574277,-33.81363191457862],[150.81492210341634,-33.814241814963],[150.81493684840214,-33.818419346205964],[150.8130119237331,-33.82046791286171],[150.81291192129524,-33.82234596729616],[150.8277669786445,-33.8207563828452],[150.85606483141376,-33.820738055260826],[150.85879551474005,-33.82108662172553],[150.8710261690487,-33.8238777707588],[150.87133595318448,-33.81779958549734],[150.87253086756078,-33.81628208906652],[150.87276894660917,-33.810726151427446],[150.87904149714876,-33.80529298788149],[150.88567696511134,-33.807031928805095],[150.8882728846901,-33.80561623067881],[150.88901247152444,-33.80235072185488],[150.88832261410064,-33.80002517057951],[150.88596936473024,-33.80096734591891],[150.88011810797525,-33.80123554530797],[150.87019055257292,-33.8004311378161],[150.8716515898213,-33.79225357257929],[150.87126929456338,-33.79219936702723]]]},"properties":{"suburbname":"EASTERN CREEK","postcode":2766,"state":2,"startdate":"20260611144315","enddate":"30000101000000","lastupdate":"20260611144334","msoid":3619,"centroidid":null,"shapeuuid":"0c204ef7-4ef6-3d75-a6d3-7f1a313c4ed3","changetype":"M","processstate":null,"urbanity":"R","Shape__Length":0.2780456840100588,"Shape__Area":0.0018527907129676513,"OBJECTID":28736,"cadid":108033153,"createdate":"19950728000000","modifieddate":"20260611144245"}},
{"type":"Feature","geometry":{"type":"Polygon","coordinates":[[[150.87170068332065,-33.92720916683775],[150.86588464900834,-33.92600761134288],[150.85773368890258,-33.92679809154408],[150.84847791767947,-33.924446419536785],[150.84617304057727,-33.93137620815882],[150.8543414781132,-33.93513177235429],[150.85558536071295,-33.9337138295309],[150.8591146870473,-33.935369982710036],[150.85902883426638,-33.93246687448493],[150.86065658865252,-33.931295207808446],[150.86841104189045,-33.93022371335325],[150.87013228021758,-33.92732514286373],[150.87366416262887,-33.92770746438363],[150.87170068332065,-33.92720916683775]]]},"properties":{"suburbname":"HOXTON PARK","postcode":2171,"state":2,"startdate":"20260616164836","enddate":"30000101000000","lastupdate":"20260616164848","msoid":144,"centroidid":null,"shapeuuid":"bb8b03ac-5dd0-3c4a-b347-27e36023a461","changetype":"M","processstate":null,"urbanity":"U","Shape__Length":0.07331914118428375,"Shape__Area":0.00015034346667333785,"OBJECTID":28760,"cadid":108029678,"createdate":"19950728000000","modifieddate":"20260616164747"}},
{"type":"Feature","geometry":{"type":"Polygon","coordinates":[[[150.89594061020384,-33.94623336253952],[150.88818917705515,-33.94491860433908],[150.89129125219358,-33.92989026266965],[150.89775201442876,-33.9263813193111],[150.891757755245,-33.92732009208303],[150.87517123513595,-33.92788014677293],[150.87366416262887,-33.92770746438363],[150.87013228021758,-33.92732514286373],[150.86841104189045,-33.93022371335325],[150.86065658865252,-33.931295207808446],[150.85902883426638,-33.93246687448493],[150.8591146870473,-33.935369982710036],[150.8567417190348,-33.93634145160678],[150.85391063668467,-33.93907476811164],[150.85366249446514,-33.94160616375992],[150.8500265141129,-33.94361923706496],[150.85126886435006,-33.94638754937495],[150.8490556245151,-33.94813726960283],[150.84920076844676,-33.95160761845394],[150.86634439545236,-33.95537431997888],[150.87667398548132,-33.95673282209455],[150.87782062653653,-33.95369926913608],[150.8819161758738,-33.95066659074254],[150.89271807244748,-33.94778291608011],[150.89594061020384,-33.94623336253952]]]},"properties":{"suburbname":"PRESTONS","postcode":2170,"state":2,"startdate":"20260616164836","enddate":"30000101000000","lastupdate":"20260616164848","msoid":3615,"centroidid":null,"shapeuuid":"22bf2ec9-d83a-37e6-8fce-fa815ef29fd7","changetype":"M","processstate":null,"urbanity":"U","Shape__Length":0.16049835949002478,"Shape__Area":0.0008998914249101214,"OBJECTID":28763,"cadid":108033149,"createdate":"19950728000000","modifieddate":"20260616164747"}},
{"type":"Feature","geometry":{"type":"Polygon","coordinates":[[[151.00382534656498,-33.8707160821422],[151.00336415308882,-33.87307438909922],[150.99520175590575,-33.86856719053404],[150.9906018020846,-33.863986405067514],[150.98549956324737,-33.870495757411916],[150.98119450526704,-33.87638999347469],[150.98869065614736,-33.872596770127906],[150.99352735709246,-33.873646970204156],[150.99433706782963,-33.87646835817603],[150.9931233790313,-33.884597873343345],[150.99404122183836,-33.887933440904156],[150.99253023743867,-33.88858077005504],[150.99522692813875,-33.89117489306938],[151.0014437192554,-33.89260815947181],[151.00219914094865,-33.895616592728125],[151.0044496362248,-33.895464216238025],[151.00822044586843,-33.8757579844483],[151.01298893715105,-33.878384054352146],[151.0118616898647,-33.87421140585863],[151.01319544982792,-33.86962183169293],[151.0144830247533,-33.86881461181844],[151.01121770007444,-33.86838401796592],[151.00784751900392,-33.86987153669884],[151.00753115958005,-33.87129165955489],[151.00382534656498,-33.8707160821422]]]},"properties":{"suburbname":"CHESTER HILL","postcode":2162,"state":2,"startdate":"20260617155547","enddate":"30000101000000","lastupdate":"20260617155556","msoid":49,"centroidid":null,"shapeuuid":"d9775f5b-7414-3eef-bebf-2fa0af0a6d1d","changetype":"M","processstate":null,"urbanity":"U","Shape__Length":0.13820763128039812,"Shape__Area":0.0003953756570066764,"OBJECTID":28768,"cadid":108029583,"createdate":"19950728000000","modifieddate":"20260617155436"}},
{"type":"Feature","geometry":{"type":"Polygon","coordinates":[[[150.99253023743867,-33.88858077005504],[150.99096862445947,-33.89616165444731],[150.98680692143822,-33.893454757314345],[150.97785956882086,-33.891592450823225],[150.9803231098156,-33.8960438022795],[150.9859132309067,-33.8997728784469],[150.98770979740738,-33.89917802424359],[150.99407789201342,-33.90340005178799],[150.99472198184617,-33.905699084154996],[151.0009406566908,-33.9067860447352],[151.00004607521453,-33.91137113400816],[151.00472462703013,-33.91222995446558],[151.00723671681445,-33.89855676097707],[151.00821754864202,-33.898264904084606],[151.00790951256863,-33.896076259384635],[151.0044496362248,-33.895464216238025],[151.00219914094865,-33.895616592728125],[151.0014437192554,-33.89260815947181],[150.99522692813875,-33.89117489306938],[150.99253023743867,-33.88858077005504]]]},"properties":{"suburbname":"BASS HILL","postcode":2197,"state":2,"startdate":"20260617155547","enddate":"30000101000000","lastupdate":"20260617155556","msoid":1238,"centroidid":null,"shapeuuid":"faa71b94-5dd5-38b1-8879-57a54b63b7e0","changetype":"M","processstate":null,"urbanity":"U","Shape__Length":0.11431156389405765,"Shape__Area":0.00028905365850898334,"OBJECTID":28770,"cadid":108030772,"createdate":"19950728000000","modifieddate":"20260617155436"}},
{"type":"Feature","geometry":{"type":"Polygon","coordinates":[[[151.06836941322135,-33.7613902733945],[151.0664110963053,-33.761732909325495],[151.06056650424156,-33.76778754636775],[151.05811540162827,-33.76838536947572],[151.0562320267534,-33.77195010743246],[151.0568196370277,-33.776056927916066],[151.05940162840145,-33.775574866205964],[151.06135110935554,-33.782560563254535],[151.063453448412,-33.78142006036888],[151.06411147454867,-33.78421394228077],[151.06712077061658,-33.784213323206146],[151.0679372907396,-33.785506725678005],[151.06958310883888,-33.783191780758486],[151.0724837952828,-33.78201345706115],[151.0757984298643,-33.78202037400744],[151.07860720919334,-33.781183894160385],[151.08027319895115,-33.78244064684266],[151.08352480642168,-33.78253508911028],[151.09137179367923,-33.78094453139488],[151.09369145866938,-33.778764146421835],[151.0934787013784,-33.77734483016269],[151.09342224142577,-33.774016004955385],[151.09527835639977,-33.770112702027156],[151.09831241431309,-33.76543242428573],[151.09347637234728,-33.76429689577219],[151.08655860929792,-33.76441610651379],[151.08409223921632,-33.76260131242807],[151.0818274106874,-33.76459242896747],[151.0787355737054,-33.76317928404879],[151.06836941322135,-33.7613902733945]]]},"properties":{"suburbname":"EPPING","postcode":2121,"state":2,"startdate":"20260623131603","enddate":"30000101000000","lastupdate":"20260623131626","msoid":56,"centroidid":null,"shapeuuid":"4780e761-fc40-3f72-8f77-a4b17967585b","changetype":"M","processstate":null,"urbanity":"U","Shape__Length":0.1524553363944919,"Shape__Area":0.0006724125201556473,"OBJECTID":28796,"cadid":108029590,"createdate":"19950728000000","modifieddate":"20260623131445"}},
{"type":"Feature","geometry":{"type":"Polygon","coordinates":[[[151.1434270121453,-33.98561154894762],[151.14412742906208,-33.98216168856313],[151.14256045087694,-33.981937775051264],[151.1432716858286,-33.978461112713575],[151.1416092713802,-33.97822006079719],[151.14085416130447,-33.980159162169834],[151.1366949740809,-33.98024146347034],[151.13521089354293,-33.98400733067139],[151.13676464232003,-33.98474020026234],[151.1434270121453,-33.98561154894762]]]},"properties":{"suburbname":"RAMSGATE","postcode":2217,"state":2,"startdate":"20260629102931","enddate":"30000101000000","lastupdate":"20260629102942","msoid":96,"centroidid":null,"shapeuuid":"441c0dd0-4b08-335c-8b5b-1e1087cc1625","changetype":"M","processstate":null,"urbanity":"U","Shape__Length":0.03831569675835535,"Shape__Area":0.000041398970116967294,"OBJECTID":28822,"cadid":108029630,"createdate":"19950728000000","modifieddate":"20260629102837"}},
{"type":"Feature","geometry":{"type":"Polygon","coordinates":[[[151.1446715232436,-33.96525119737616],[151.14280407317582,-33.964981640055115],[151.1432189411766,-33.959513778738085],[151.14119744953393,-33.95984142795197],[151.13735928093053,-33.958940360140026],[151.13591898988233,-33.95644726087414],[151.1344187735338,-33.95599996823231],[151.1327230437951,-33.9579537659275],[151.1262145654824,-33.9629783102882],[151.12876980540108,-33.966646752585746],[151.1269573579556,-33.96837586403988],[151.13107628131002,-33.97257230264207],[151.1336444914162,-33.97133836414076],[151.13499227039347,-33.974494564713524],[151.13647800415612,-33.975077940486656],[151.1366949740809,-33.98024146347034],[151.14085416130447,-33.980159162169834],[151.1416092713802,-33.97822006079719],[151.14285457567863,-33.97284132824026],[151.14458513754437,-33.96953140686255],[151.1446715232436,-33.96525119737616]]]},"properties":{"suburbname":"KOGARAH","postcode":2217,"state":2,"startdate":"20260629102931","enddate":"30000101000000","lastupdate":"20260629102942","msoid":1252,"centroidid":null,"shapeuuid":"97669d92-f171-3206-a136-90903d32be91","changetype":"M","processstate":null,"urbanity":"U","Shape__Length":0.09720074088484129,"Shape__Area":0.0002586943589373423,"OBJECTID":28823,"cadid":108030786,"createdate":"19950728000000","modifieddate":"20260629102837"}},
{"type":"Feature","geometry":{"type":"Polygon","coordinates":[[[151.28707743304773,-33.84721979685614],[151.285164151379,-33.84745841936113],[151.28118471095917,-33.84622070684865],[151.2777078162785,-33.84746342878513],[151.27695784374697,-33.84968143308892],[151.2734449614161,-33.84983652808966],[151.2716938395947,-33.85215497431806],[151.26973740100595,-33.84921035798815],[151.26446477352104,-33.85181450784949],[151.2653428138789,-33.85456793384186],[151.26928852000825,-33.85861218111267],[151.26804179568816,-33.85941610268185],[151.26954048641147,-33.86360101701346],[151.27715101932316,-33.865373009874084],[151.27886975765438,-33.864666625436364],[151.2840796876711,-33.865437228970784],[151.2830630728052,-33.862537983193164],[151.2844813486053,-33.8613180338381],[151.28630390948692,-33.85742507467452],[151.28692108259997,-33.851929747368985],[151.2877516979784,-33.85055289844197],[151.28707743304773,-33.84721979685614]]]},"properties":{"suburbname":"VAUCLUSE","postcode":2030,"state":2,"startdate":"20260708095838","enddate":"30000101000000","lastupdate":"20260708095902","msoid":2567,"centroidid":null,"shapeuuid":"833b484e-a124-311b-ae94-b99f82b662fe","changetype":"M","processstate":null,"urbanity":"U","Shape__Length":0.11278169115123715,"Shape__Area":0.0002992809015166951,"OBJECTID":28872,"cadid":108032101,"createdate":"19950728000000","modifieddate":"20260708095723"}},
{"type":"Feature","geometry":{"type":"Polygon","coordinates":[[[151.14210294090614,-34.02597831303201],[151.13865258887282,-34.01995844439791],[151.1343272315789,-34.01518193533621],[151.13611612964604,-34.009986238944606],[151.1350826865885,-34.009802653727014],[151.13031300979839,-34.00877623629107],[151.12089886499592,-34.005416411583695],[151.11699974126367,-34.01318751625175],[151.12002717332683,-34.01590275627505],[151.11626742524825,-34.01791478023843],[151.11627386806458,-34.019688232644654],[151.11787067036488,-34.02342764949033],[151.11590352882743,-34.0246477802289],[151.11982772854665,-34.02534585695209],[151.12128402299336,-34.02363674861671],[151.12919807251862,-34.024193557578066],[151.13155103518883,-34.026610894465875],[151.14210294090614,-34.02597831303201]]]},"properties":{"suburbname":"TAREN POINT","postcode":2229,"state":2,"startdate":"20260709090703","enddate":"30000101000000","lastupdate":"20260709090729","msoid":3588,"centroidid":null,"shapeuuid":"68a15462-7706-3fe3-a92b-158720c367af","changetype":"M","processstate":null,"urbanity":"R","Shape__Length":0.09300832673015959,"Shape__Area":0.00033585613686293813,"OBJECTID":28888,"cadid":108033122,"createdate":"19950728000000","modifieddate":"20260709090600"}},
{"type":"Feature","geometry":{"type":"Polygon","coordinates":[[[151.19362109301903,-33.81756437061939],[151.19125190547203,-33.81657757557788],[151.18839661717644,-33.81802762268146],[151.18914833839952,-33.821156075689764],[151.18673740881746,-33.8224687188581],[151.18772453781403,-33.82412002643946],[151.19074610510688,-33.82463243816495],[151.19024407885186,-33.82738796637366],[151.1927305501239,-33.82795517659933],[151.19593872897386,-33.82793998924785],[151.1955566494257,-33.82629514670472],[151.197866524338,-33.82531998118237],[151.1990619069458,-33.822053257934186],[151.19522515874067,-33.82160390051988],[151.1939656318488,-33.820343889937696],[151.19362109301903,-33.81756437061939]]]},"properties":{"suburbname":"ST LEONARDS","postcode":2065,"state":2,"startdate":"20260709125908","enddate":"30000101000000","lastupdate":"20260709125948","msoid":61,"centroidid":null,"shapeuuid":"60962d27-1ef6-3f23-81e9-8d3b69a8885f","changetype":"M","processstate":null,"urbanity":"U","Shape__Length":0.046071915768389295,"Shape__Area":0.00007745807556284002,"OBJECTID":28889,"cadid":108029595,"createdate":"19950728000000","modifieddate":"20260709125747"}},
{"type":"Feature","geometry":{"type":"Polygon","coordinates":[[[151.20557989193372,-33.813439025173224],[151.20426756943488,-33.812462410777876],[151.19988557514722,-33.81308285034528],[151.1938099294377,-33.8125743079291],[151.1927267198657,-33.81289709235221],[151.19362109301903,-33.81756437061939],[151.1939656318488,-33.820343889937696],[151.19522515874067,-33.82160390051988],[151.1990619069458,-33.822053257934186],[151.20212362337483,-33.82223371588607],[151.20259502124816,-33.81996218255727],[151.20458261982492,-33.820229252095864],[151.20632313223982,-33.81896703300414],[151.2103887859026,-33.81764598401882],[151.20977157004745,-33.815185481804505],[151.20749427381733,-33.81524627612885],[151.20557989193372,-33.813439025173224]]]},"properties":{"suburbname":"NAREMBURN","postcode":2065,"state":2,"startdate":"20260709125908","enddate":"30000101000000","lastupdate":"20260709125948","msoid":1222,"centroidid":null,"shapeuuid":"5fdc3d49-aeff-39c9-b8bd-d8ea6673c216","changetype":"M","processstate":null,"urbanity":"U","Shape__Length":0.05353480910276652,"Shape__Area":0.00012088630541244136,"OBJECTID":28891,"cadid":108030756,"createdate":"19950728000000","modifieddate":"20260709125747"}},
{"type":"Feature","geometry":{"type":"Polygon","coordinates":[[[151.20429884468757,-33.772187737767176],[151.20448676483687,-33.77082805628851],[151.1992592705078,-33.76621840863465],[151.20020630382245,-33.76408522017485],[151.19917675009745,-33.76148265108844],[151.1952268750505,-33.760298683421055],[151.19153224564678,-33.75772221012911],[151.19205597497395,-33.75587940182884],[151.19610922055878,-33.75410455851807],[151.19576650274604,-33.75379056859112],[151.1907046060241,-33.755432169705],[151.1906281863612,-33.75744266670514],[151.19221287710363,-33.758679211995975],[151.19304040255847,-33.76009506181267],[151.19829309311672,-33.76217761583544],[151.1984961217513,-33.768056730736575],[151.20258286629425,-33.7706256942131],[151.20192142359468,-33.77354124240183],[151.2048987266218,-33.7744146007141],[151.2072895875009,-33.77678560094436],[151.20720347169708,-33.778818341284016],[151.21139494777918,-33.77877000002003],[151.21175993399032,-33.781481739279485],[151.21329180708287,-33.78431946242955],[151.217427610923,-33.78550601730959],[151.2203745772409,-33.78522531723649],[151.22222386128064,-33.78630763002538],[151.2263005620268,-33.7860892482868],[151.23011104170556,-33.785140740421326],[151.23214439859657,-33.78716176919557],[151.2328973881714,-33.79002559488322],[151.23127501137552,-33.79148551325702],[151.22691871198018,-33.79112444769426],[151.22545391590538,-33.79333106010228],[151.22122913519274,-33.791985333878046],[151.2195582580068,-33.79031299953666],[151.21704476362268,-33.79168804888297],[151.21470743078626,-33.789700894654445],[151.21295578229453,-33.79049254031772],[151.21044222037648,-33.789516733928046],[151.21216147626268,-33.790844616868704],[151.21769980909232,-33.79304694935213],[151.21948571806638,-33.79199111781791],[151.22281197513271,-33.79412075445149],[151.2207884855887,-33.79684185665112],[151.2189521451472,-33.79639121217971],[151.2162215480775,-33.79777897784596],[151.21890022706947,-33.79706118601286],[151.22096680713008,-33.79770961127758],[151.22744291161214,-33.79653697803141],[151.22921119804045,-33.79465819496926],[151.23082298724563,-33.79573455651057],[151.2294771274118,-33.797613344659084],[151.23051012071645,-33.80221128956894],[151.2252837315764,-33.802354754683655],[151.2222939010589,-33.8033463919497],[151.2204059545834,-33.8055713826715],[151.21659118592257,-33.80544381662533],[151.2193240760998,-33.806716564749216],[151.22258162121346,-33.8067956920304],[151.2255606314358,-33.804861004553146],[151.22996912644848,-33.80538070692047],[151.2322046816055,-33.80693368115243],[151.2302974791537,-33.811699397304764],[151.23048231215674,-33.81358176990882],[151.22727088706577,-33.81544422895857],[151.22482968909435,-33.81477348444251],[151.22326196655257,-33.81713398711516],[151.22002224643896,-33.817698506402145],[151.221544050168,-33.81937613045648],[151.2248456836822,-33.81867382652269],[151.22401840115748,-33.82139958488871],[151.22620640712265,-33.82065973133987],[151.2287838643908,-33.81759447860384],[151.2311314643813,-33.81680369195904],[151.23405000433382,-33.815806167271475],[151.23921498866613,-33.81673777062751],[151.2359603738196,-33.81134910429225],[151.23777198029254,-33.808142590043914],[151.24217897605686,-33.80857723232028],[151.2441944153565,-33.80979281025684],[151.24553653722515,-33.807320992294535],[151.24854430835282,-33.8081031066487],[151.24695672598804,-33.81052674373531],[151.24710502966335,-33.812528219462315],[151.24942037870377,-33.815326947155704],[151.25264940208308,-33.8159432501385],[151.25320963883698,-33.819511665520224],[151.2516423541063,-33.81998208163037],[151.25129351077297,-33.82460505162918],[151.25304544937,-33.82782520328682],[151.2552582621658,-33.82846736185214],[151.25667490309704,-33.826512325447354],[151.2592530012798,-33.82665576693015],[151.26356001235527,-33.82578186586678],[151.26637720295128,-33.82383559075838],[151.2616375068862,-33.81785121147423],[151.26107028490694,-33.81508041396809],[151.25923008574784,-33.8116180901471],[151.2565482048978,-33.811493732485914],[151.2536856186751,-33.809757085452354],[151.25115676575058,-33.80667801915157],[151.2529786367787,-33.80559836927545],[151.25227378243133,-33.802372910467916],[151.24982069039052,-33.802779151742996],[151.25029187887176,-33.80020691716756],[151.2490824580083,-33.80149204985093],[151.24376839818254,-33.80199622781319],[151.24229848525354,-33.80398917341713],[151.23575843581258,-33.80407268891336],[151.2348111642285,-33.80228618955299],[151.2384980659562,-33.79882054182919],[151.23496541250557,-33.7939284873133],[151.23638889493657,-33.79245396936058],[151.23679213505105,-33.788541604668836],[151.23470387993834,-33.78481704162758],[151.23225406485383,-33.78272181040647],[151.23226901189233,-33.77785831410698],[151.23081340188952,-33.77395787255387],[151.22945909767037,-33.77496774820315],[151.22992317629706,-33.77814779139673],[151.22943879834241,-33.782361944773584],[151.22507928181687,-33.78367654211392],[151.21583418798275,-33.781759985063],[151.21200308135633,-33.77634160717146],[151.20808877847952,-33.77547202992786],[151.20429884468757,-33.772187737767176]]]},"properties":{"suburbname":"MIDDLE HARBOUR","postcode":null,"state":2,"startdate":"20260710142659","enddate":"30000101000000","lastupdate":"20260710142720","msoid":2372,"centroidid":null,"shapeuuid":"f49a4989-9cf4-328a-a695-730bd27cf8da","changetype":"M","processstate":null,"urbanity":"U","Shape__Length":0.552484135742963,"Shape__Area":0.0007309675268194658,"OBJECTID":28911,"cadid":108031906,"createdate":"19950728000000","modifieddate":"20260710142554"}},
{"type":"Feature","geometry":{"type":"Polygon","coordinates":[[[151.21659118592257,-33.80544381662533],[151.21474745527456,-33.80609704653639],[151.21258217535816,-33.80448873144912],[151.20912644075761,-33.80534285164882],[151.20747546291443,-33.80664884952756],[151.20510027370267,-33.80655640321659],[151.20432116317065,-33.811361321848395],[151.20557989193372,-33.813439025173224],[151.20749427381733,-33.81524627612885],[151.20977157004745,-33.815185481804505],[151.2103887859026,-33.81764598401882],[151.2155717650228,-33.81587033464837],[151.22002224643896,-33.817698506402145],[151.22326196655257,-33.81713398711516],[151.22482968909435,-33.81477348444251],[151.22727088706577,-33.81544422895857],[151.23048231215674,-33.81358176990882],[151.2302974791537,-33.811699397304764],[151.2322046816055,-33.80693368115243],[151.22996912644848,-33.80538070692047],[151.2255606314358,-33.804861004553146],[151.22258162121346,-33.8067956920304],[151.2193240760998,-33.806716564749216],[151.21659118592257,-33.80544381662533]]]},"properties":{"suburbname":"NORTHBRIDGE","postcode":2063,"state":2,"startdate":"20260710142659","enddate":"30000101000000","lastupdate":"20260710142720","msoid":3547,"centroidid":null,"shapeuuid":"5ee9fc23-1a3f-3dee-b520-721a97e7cabb","changetype":"M","processstate":null,"urbanity":"U","Shape__Length":0.08970695401170434,"Shape__Area":0.00026473607431073276,"OBJECTID":28912,"cadid":108033081,"createdate":"19950728000000","modifieddate":"20260710142554"}},
{"type":"Feature","geometry":{"type":"Polygon","coordinates":[[[151.0391549717709,-33.93492426230101],[151.03900022984743,-33.93601347409054],[151.0291764957064,-33.934929781964286],[151.02766796220297,-33.93420940791332],[151.02478981732003,-33.93566329311094],[151.02508263150185,-33.939212877912844],[151.02346253654932,-33.94056918972137],[151.02310847485737,-33.94591580424141],[151.02371000729892,-33.948275859372174],[151.02653318645864,-33.95147058626171],[151.02194573829064,-33.95223183185917],[151.01871227395563,-33.95514852031529],[151.02192263278994,-33.9558824134477],[151.021984865274,-33.958877745984445],[151.02301866077357,-33.96046379578927],[151.02241493116406,-33.96381630226857],[151.02860314702863,-33.96452385426537],[151.03265172463324,-33.96573458131736],[151.03777395036087,-33.965491490501485],[151.0421920475584,-33.96296653042039],[151.0413061299502,-33.960594982345526],[151.04201399267197,-33.954391945456365],[151.0425066780101,-33.947453109788334],[151.04003709495788,-33.94480859549852],[151.0405355194632,-33.94273781321389],[151.03969732195065,-33.939926258692225],[151.04028345485835,-33.93670815250232],[151.0391549717709,-33.93492426230101]]]},"properties":{"suburbname":"PADSTOW","postcode":2211,"state":2,"startdate":"20260715112312","enddate":"30000101000000","lastupdate":"20260715112331","msoid":83,"centroidid":null,"shapeuuid":"8cc43629-6613-3047-a5bc-0d6d77cf6550","changetype":"M","processstate":null,"urbanity":"U","Shape__Length":0.1487114703916073,"Shape__Area":0.0005327518124741452,"OBJECTID":28919,"cadid":108029617,"createdate":"19950728000000","modifieddate":"20260715112208"}},
{"type":"Feature","geometry":{"type":"Polygon","coordinates":[[[151.0452619106844,-33.97057216569057],[151.04547946036064,-33.96878512023804],[151.0421920475584,-33.96296653042039],[151.03777395036087,-33.965491490501485],[151.03265172463324,-33.96573458131736],[151.02860314702863,-33.96452385426537],[151.02241493116406,-33.96381630226857],[151.02470227999362,-33.96898907773281],[151.0227376779791,-33.976660659493476],[151.02485612011282,-33.97783988877221],[151.03009895143725,-33.97750232449673],[151.03241509613207,-33.976171270981446],[151.03661057194776,-33.97644992073264],[151.04170708095614,-33.97387187471219],[151.04300751473875,-33.971411127267025],[151.0452619106844,-33.97057216569057]]]},"properties":{"suburbname":"PADSTOW HEIGHTS","postcode":2211,"state":2,"startdate":"20260715112312","enddate":"30000101000000","lastupdate":"20260715112331","msoid":1240,"centroidid":null,"shapeuuid":"af3eb4a4-c598-3a2d-9a5c-01beb86a9a87","changetype":"M","processstate":null,"urbanity":"U","Shape__Length":0.07516653544168052,"Shape__Area":0.00023493499856034057,"OBJECTID":28920,"cadid":108030774,"createdate":"19950728000000","modifieddate":"20260715112208"}},
{"type":"Feature","geometry":{"type":"Polygon","coordinates":[[[151.0358595140753,-33.800942547864196],[151.03549340636636,-33.798416090166384],[151.0364559283165,-33.79608656143852],[151.0330943513168,-33.79208587972701],[151.03426572930343,-33.78938406043507],[151.0342627653799,-33.78631666107055],[151.03152487336885,-33.786201651603484],[151.02775705057462,-33.787975490273894],[151.0222720361381,-33.789916588560395],[151.01777724448417,-33.79410597758539],[151.01365021878988,-33.795695680424316],[151.01552802325816,-33.79835763581441],[151.02192422999673,-33.800578897574404],[151.0250499666906,-33.80403875961257],[151.02919651876712,-33.80410622132608],[151.03162856134833,-33.80180576148146],[151.03436408979883,-33.80200285775165],[151.0358595140753,-33.800942547864196]]]},"properties":{"suburbname":"OATLANDS","postcode":2117,"state":2,"startdate":"20260728140455","enddate":"30000101000000","lastupdate":"20260728140532","msoid":2364,"centroidid":null,"shapeuuid":"1a41ad6d-9193-39e4-af32-1460dc25d9d2","changetype":"M","processstate":null,"urbanity":"U","Shape__Length":0.07977772985105318,"Shape__Area":0.00023820201853581963,"OBJECTID":28969,"cadid":108031898,"createdate":"19950728000000","modifieddate":"20260728140359"}},
{"type":"Feature","geometry":{"type":"Polygon","coordinates":[[[151.0860827413647,-33.97331841290233],[151.08768796871814,-33.97237036562078],[151.07914838054464,-33.962281573643416],[151.07381336527322,-33.961223745709965],[151.07226548950166,-33.96109432407316],[151.0686034321383,-33.96419425236522],[151.06025015963118,-33.96646434189798],[151.05988151383661,-33.96846702448739],[151.059623491785,-33.9698687463067],[151.05618189057054,-33.97481859447065],[151.05760254905525,-33.97503779278748],[151.05941952759204,-33.97762060862905],[151.0636647808794,-33.97625874962908],[151.06726955596764,-33.97608297290456],[151.0691323987909,-33.97350149033696],[151.073733342423,-33.970319656336],[151.07866265068844,-33.97594294774201],[151.08261539371324,-33.97553832270964],[151.0860827413647,-33.97331841290233]]]},"properties":{"suburbname":"MORTDALE","postcode":2223,"state":2,"startdate":"20260803121908","enddate":"30000101000000","lastupdate":"20260803121917","msoid":1249,"centroidid":null,"shapeuuid":"9273ac66-2a24-3e6d-8f34-6499b4036b93","changetype":"M","processstate":null,"urbanity":"U","Shape__Length":0.09057348316177184,"Shape__Area":0.0002860381269243683,"OBJECTID":28998,"cadid":108030783,"createdate":"19950728000000","modifieddate":"20260803121801"}},
{"type":"Feature","geometry":{"type":"Polygon","coordinates":[[[151.08594358972073,-33.95436862224972],[151.08302281850678,-33.95313777776009],[151.0751434522078,-33.95766301019568],[151.0715291333438,-33.95821870557307],[151.07366733356528,-33.960657957314965],[151.07381336527322,-33.961223745709965],[151.07914838054464,-33.962281573643416],[151.08768796871814,-33.97237036562078],[151.0860827413647,-33.97331841290233],[151.08778202346136,-33.97683418903703],[151.08882921590657,-33.97541125765678],[151.09478743273544,-33.97173213339747],[151.09834436504372,-33.97013462048552],[151.09285165874715,-33.96363544774395],[151.09278766575648,-33.962625155083835],[151.08594358972073,-33.95436862224972]]]},"properties":{"suburbname":"PENSHURST","postcode":2222,"state":2,"startdate":"20260803121908","enddate":"30000101000000","lastupdate":"20260803121917","msoid":1250,"centroidid":null,"shapeuuid":"655f6fba-6916-3f19-85d5-0d397951cc94","changetype":"M","processstate":null,"urbanity":"U","Shape__Length":0.0970603660321797,"Shape__Area":0.0002445487526494796,"OBJECTID":28999,"cadid":108030784,"createdate":"19950728000000","modifieddate":"20260803121801"}},
{"type":"Feature","geometry":{"type":"Polygon","coordinates":[[[151.1170052040273,-33.89150254125103],[151.1124220026888,-33.891844758684144],[151.10709155308214,-33.89138314953305],[151.10468874319858,-33.89209652515417],[151.10082372698886,-33.89153367842292],[151.1002078415117,-33.89451386281595],[151.09040890268938,-33.893154172959456],[151.08895984397145,-33.899744963466354],[151.09262058863735,-33.90203372043931],[151.09746272413093,-33.903622458982774],[151.10224989371457,-33.90303358974034],[151.10560719519344,-33.90182229444741],[151.11002557981072,-33.902940551855394],[151.1114492975282,-33.90308862408706],[151.11193218980156,-33.898939572792614],[151.11474660377652,-33.89907228475847],[151.11500544145326,-33.89603651470894],[151.1166153750227,-33.895715830685674],[151.1170052040273,-33.89150254125103]]]},"properties":{"suburbname":"CROYDON PARK","postcode":2133,"state":2,"startdate":"20260804112653","enddate":"30000101000000","lastupdate":"20260804112659","msoid":80,"centroidid":null,"shapeuuid":"f2afea7e-76f6-340a-ac79-89fc16511b88","changetype":"M","processstate":null,"urbanity":"U","Shape__Length":0.08187805272052807,"Shape__Area":0.00024558053463415554,"OBJECTID":29005,"cadid":108029614,"createdate":"19950728000000","modifieddate":"20260804112547"}},
{"type":"Feature","geometry":{"type":"Polygon","coordinates":[[[151.12758158216494,-33.87417734345472],[151.1241219123524,-33.871764802143616],[151.11185231724562,-33.8696904398745],[151.11236236529652,-33.87041996620316],[151.10993544704948,-33.882184063387726],[151.10818150662143,-33.88298186392203],[151.10716032245642,-33.88666174825107],[151.10709155308214,-33.89138314953305],[151.1124220026888,-33.891844758684144],[151.1170052040273,-33.89150254125103],[151.1162942814242,-33.88831267547629],[151.1227875907273,-33.87771614014654],[151.12758158216494,-33.87417734345472]]]},"properties":{"suburbname":"CROYDON","postcode":2132,"state":2,"startdate":"20260804112653","enddate":"30000101000000","lastupdate":"20260804112659","msoid":3516,"centroidid":null,"shapeuuid":"4ca4530b-4117-3c21-911f-f89c2f9f6809","changetype":"M","processstate":null,"urbanity":"U","Shape__Length":0.08763298495685096,"Shape__Area":0.00024037712429311332,"OBJECTID":29007,"cadid":108033050,"createdate":"19950728000000","modifieddate":"20260804112547"}},
{"type":"Feature","geometry":{"type":"Polygon","coordinates":[[[150.9989887552502,-33.804006380905584],[150.99570574933085,-33.80084335850935],[150.99608875238366,-33.79882265711712],[150.99285971696943,-33.79961434127984],[150.9895840879622,-33.79914078190746],[150.98019760199017,-33.79999830478399],[150.97736263987406,-33.80473355362929],[150.97545073235207,-33.80577393713809],[150.97493584705433,-33.8079406351471],[150.97983766717925,-33.808089276118785],[150.97835471512863,-33.814018767689774],[150.9808027504708,-33.81713939155689],[150.98178542240447,-33.817913702284535],[150.98307943055707,-33.81922171131177],[150.98444811459822,-33.81961031286094],[150.993614750404,-33.81854849496861],[150.99290635543576,-33.816082839379106],[150.9939699576641,-33.815082276332774],[150.99003610653762,-33.81094047198623],[150.9938191468041,-33.80522709472933],[150.99567279176122,-33.803420213612355],[150.9989887552502,-33.804006380905584]]]},"properties":{"suburbname":"WESTMEAD","postcode":2145,"state":2,"startdate":"20260804124508","enddate":"30000101000000","lastupdate":"20260804124856","msoid":2472,"centroidid":null,"shapeuuid":"8485a495-2bab-36c8-8ddf-91bc7b69495b","changetype":"M","processstate":null,"urbanity":"U","Shape__Length":0.0992044615561199,"Shape__Area":0.00028471197337077617,"OBJECTID":29010,"cadid":108032006,"createdate":"19950728000000","modifieddate":"20260804123823"}},
{"type":"Feature","geometry":{"type":"Polygon","coordinates":[[[151.07661312894572,-33.83402064268586],[151.07527286065266,-33.83267482631977],[151.08400459473822,-33.822499434501],[151.07781847922283,-33.8221414167739],[151.0742700466635,-33.82041402959564],[151.07396801454212,-33.823240064898265],[151.07697549960636,-33.82425692942593],[151.07210834281446,-33.829884430018815],[151.0725312400082,-33.83224863042865],[151.07661312894572,-33.83402064268586]]]},"properties":{"suburbname":"WENTWORTH POINT","postcode":2127,"state":2,"startdate":"20260804145017","enddate":"30000101000000","lastupdate":"20260804145047","msoid":5927,"centroidid":null,"shapeuuid":"f2e5790f-7662-39dc-a21e-0cbd8928e6a3","changetype":"M","processstate":null,"urbanity":"U","Shape__Length":0.04729098467244818,"Shape__Area":0.00006657787823667632,"OBJECTID":29012,"cadid":163167272,"createdate":"20091012100500","modifieddate":"20260804144914"}},
{"type":"Feature","geometry":{"type":"Polygon","coordinates":[[[151.1975314020644,-33.894948357140855],[151.19660636047462,-33.891760180836954],[151.1893032144241,-33.894052473379055],[151.18823752152562,-33.89579697460001],[151.1851797245231,-33.89681564022547],[151.186023535754,-33.899402539499825],[151.1891430174894,-33.89819950738656],[151.1973033685625,-33.89715515802967],[151.1975314020644,-33.894948357140855]]]},"properties":{"suburbname":"EVELEIGH","postcode":2015,"state":2,"startdate":"20260806070944","enddate":"30000101000000","lastupdate":"20260806082857","msoid":1265,"centroidid":null,"shapeuuid":"11af915a-1461-3db0-afa8-7addf0b581cb","changetype":"M","processstate":null,"urbanity":"U","Shape__Length":0.04250691065377228,"Shape__Area":0.00005326426580540078,"OBJECTID":29025,"cadid":108030799,"createdate":"19950728000000","modifieddate":"20260806070734"}},
{"type":"Feature","geometry":{"type":"Polygon","coordinates":[[[151.18835438932584,-33.891376053529626],[151.18118787217998,-33.89147286841047],[151.18002644933136,-33.89302422795289],[151.1769344195083,-33.89331232726168],[151.1736066739065,-33.89460550268895],[151.17154984485543,-33.89428923251728],[151.17128018502947,-33.89549210631282],[151.17255893673405,-33.895938371193004],[151.1754585769852,-33.90347769867392],[151.1730063702336,-33.904793799955634],[151.1750337281989,-33.90881224543886],[151.18146086216487,-33.90671804928324],[151.18090318720695,-33.90388875816608],[151.18254386456357,-33.89895456454198],[151.1851797245231,-33.89681564022547],[151.18823752152562,-33.89579697460001],[151.1893032144241,-33.894052473379055],[151.18835438932584,-33.891376053529626]]]},"properties":{"suburbname":"NEWTOWN","postcode":2042,"state":2,"startdate":"20260806070944","enddate":"30000101000000","lastupdate":"20260806082857","msoid":3568,"centroidid":null,"shapeuuid":"7439aea1-d80a-3ad4-91bb-2638e1e99327","changetype":"M","processstate":null,"urbanity":"U","Shape__Length":0.08208830458394593,"Shape__Area":0.00015460290451126956,"OBJECTID":29026,"cadid":108033102,"createdate":"19950728000000","modifieddate":"20260806070734"}},
{"type":"Feature","geometry":{"type":"Polygon","coordinates":[[[151.13610966848105,-33.854779290152905],[151.1305343107035,-33.85559301409524],[151.12776202905363,-33.8573514153973],[151.12867378447154,-33.86025884979758],[151.13397198817927,-33.86003039020919],[151.1346975308982,-33.858665688814874],[151.13590452153392,-33.85826414311977],[151.13610966848105,-33.854779290152905]]]},"properties":{"suburbname":"WAREEMBA","postcode":2046,"state":2,"startdate":"20260806104252","enddate":"30000101000000","lastupdate":"20260806104259","msoid":55,"centroidid":null,"shapeuuid":"47885f38-e025-33c5-87c5-da7a9508c5ff","changetype":"M","processstate":null,"urbanity":"U","Shape__Length":0.029988512668880557,"Shape__Area":0.00003137746782990815,"OBJECTID":29027,"cadid":108029589,"createdate":"19950728000000","modifieddate":"20260806104218"}},
{"type":"Feature","geometry":{"type":"Polygon","coordinates":[[[151.1346975308982,-33.858665688814874],[151.13397198817927,-33.86003039020919],[151.12867378447154,-33.86025884979758],[151.12616008522258,-33.86232851039666],[151.12281943654648,-33.86273158918048],[151.12038348267689,-33.86458592436189],[151.11801577919138,-33.864139972303164],[151.11697240165824,-33.86879890585555],[151.1121194406751,-33.868233262775554],[151.11161870735742,-33.86966978699406],[151.11185231724562,-33.8696904398745],[151.1241219123524,-33.871764802143616],[151.12758158216494,-33.87417734345472],[151.13048498108165,-33.873169311551024],[151.13651480351692,-33.87319633321901],[151.14208102282595,-33.87041491589149],[151.14165191201525,-33.86839980698676],[151.13936423875865,-33.86869164512919],[151.13778243631697,-33.864124284173116],[151.1394849840906,-33.863727819555244],[151.138496669581,-33.8619908014482],[151.1344419492416,-33.862810274462944],[151.1346975308982,-33.858665688814874]]]},"properties":{"suburbname":"FIVE DOCK","postcode":2046,"state":2,"startdate":"20260806104252","enddate":"30000101000000","lastupdate":"20260806104259","msoid":1211,"centroidid":null,"shapeuuid":"a942d544-3b04-36d6-9d0f-6816fbb49596","changetype":"M","processstate":null,"urbanity":"U","Shape__Length":0.09239436520197872,"Shape__Area":0.0002377122761770527,"OBJECTID":29030,"cadid":108030745,"createdate":"19950728000000","modifieddate":"20260806104218"}},
{"type":"Feature","geometry":{"type":"Polygon","coordinates":[[[151.02927562416366,-33.76341742395969],[151.01918288399636,-33.759353070072116],[151.01458249851012,-33.75957094190093],[151.01172839816857,-33.75808640845779],[151.0104432252806,-33.75908317687249],[151.0085097371791,-33.765581798909054],[151.0065934210547,-33.76520731197032],[151.00508658417502,-33.76703401893542],[151.00572438973924,-33.77525684238849],[151.00970478866358,-33.77982573918704],[151.0091779767841,-33.78232147655745],[151.00763497934673,-33.78275801704374],[151.00467050449643,-33.7858121969414],[151.00023691636827,-33.7845982389832],[150.99910807468103,-33.785642149459925],[151.00138519851527,-33.78779127765221],[150.99732739793677,-33.79105211371923],[150.9997904172631,-33.7933505670894],[151.0081187983901,-33.78789694320743],[151.01013450609435,-33.78355552082372],[151.01208007190326,-33.78181280262062],[151.0140962397583,-33.78153760534051],[151.01328514010288,-33.779106653941355],[151.0206519308806,-33.780091896481125],[151.02121003028694,-33.78262144474719],[151.025618196917,-33.78201775140631],[151.02650355910612,-33.77989728402164],[151.0292401852615,-33.77845922897601],[151.03133565120487,-33.778567925886065],[151.03017949084014,-33.77236219899968],[151.03215503039067,-33.77207920790006],[151.03038828739724,-33.76538758667848],[151.02927562416366,-33.76341742395969]]]},"properties":{"suburbname":"NORTH ROCKS","postcode":2151,"state":2,"startdate":"20260806132558","enddate":"30000101000000","lastupdate":"20260806132714","msoid":50,"centroidid":null,"shapeuuid":"899dfc17-b943-321c-8883-28c24430e051","changetype":"M","processstate":null,"urbanity":"U","Shape__Length":0.15412889137880204,"Shape__Area":0.0005313578781007318,"OBJECTID":29035,"cadid":108029584,"createdate":"19950728000000","modifieddate":"20260806132354"}},
{"type":"Feature","geometry":{"type":"Polygon","coordinates":[[[150.9997904172631,-33.7933505670894],[150.99732739793677,-33.79105211371923],[151.00138519851527,-33.78779127765221],[150.99910807468103,-33.785642149459925],[151.00023691636827,-33.7845982389832],[151.00467050449643,-33.7858121969414],[151.00763497934673,-33.78275801704374],[151.0091779767841,-33.78232147655745],[151.00970478866358,-33.77982573918704],[151.00572438973924,-33.77525684238849],[151.00508658417502,-33.76703401893542],[151.00299952451965,-33.76744513440231],[151.00099667579954,-33.771183877508186],[151.00105986901508,-33.77579366075019],[150.99699069347463,-33.781500190415386],[150.99273857908005,-33.780492050252576],[150.99176523317388,-33.78348571641674],[150.98907116232377,-33.78434862799843],[150.98726604981616,-33.78738561116078],[150.98546723567082,-33.788445866178485],[150.9813225816016,-33.78397600561316],[150.97944322415952,-33.78483238157401],[150.97907085513015,-33.78806929849783],[150.97715013444812,-33.789580570651324],[150.98182190535977,-33.79284733885142],[150.98366902242378,-33.79474455445154],[150.98182138154115,-33.797466912814684],[150.97916755293022,-33.79948824950418],[150.98019760199017,-33.79999830478399],[150.9895840879622,-33.79914078190746],[150.99285971696943,-33.79961434127984],[150.99608875238366,-33.79882265711712],[150.999276625074,-33.79643781429086],[150.9997904172631,-33.7933505670894]]]},"properties":{"suburbname":"NORTHMEAD","postcode":2152,"state":2,"startdate":"20260806132558","enddate":"30000101000000","lastupdate":"20260806132714","msoid":1207,"centroidid":null,"shapeuuid":"27bdd2c7-dbb6-36ca-ae36-e9ab56f71944","changetype":"M","processstate":null,"urbanity":"U","Shape__Length":0.14799413863864608,"Shape__Area":0.00041752103989218733,"OBJECTID":29036,"cadid":108030741,"createdate":"19950728000000","modifieddate":"20260806132354"}},
{"type":"Feature","geometry":{"type":"Polygon","coordinates":[[[151.14980630123503,-33.862077202662064],[151.15296843429118,-33.859136839333914],[151.1567590781311,-33.859271649037474],[151.15788588188914,-33.8573189667591],[151.16014300766156,-33.858374185059525],[151.16467518590622,-33.855386354376925],[151.1606241007927,-33.851678509841065],[151.15881784126634,-33.84871155080254],[151.1567807249785,-33.8476247138632],[151.1570305591477,-33.84555844936985],[151.15367144797315,-33.845403322689336],[151.15183670934803,-33.84215804848184],[151.14904116495595,-33.843162670835994],[151.14572879697408,-33.84572638799655],[151.14954202074014,-33.84703657772392],[151.1477125890078,-33.85024544030403],[151.14190731229434,-33.853375941994514],[151.14980630123503,-33.862077202662064]]]},"properties":{"suburbname":"DRUMMOYNE","postcode":2047,"state":2,"startdate":"20260813084548","enddate":"30000101000000","lastupdate":"20260813084621","msoid":54,"centroidid":null,"shapeuuid":"ec4f1833-f39e-3943-af4f-ce397651e93c","changetype":"M","processstate":null,"urbanity":"U","Shape__Length":0.09722524404713521,"Shape__Area":0.00021927648799091674,"OBJECTID":29062,"cadid":108029588,"createdate":"19950728000000","modifieddate":"20260813084355"}},
{"type":"Feature","geometry":{"type":"Polygon","coordinates":[[[151.0664110963053,-33.761732909325495],[151.06319822340103,-33.76358735772405],[151.0594942241152,-33.763609516784136],[151.05439770066687,-33.7647794537325],[151.0539563270761,-33.76293368097214],[151.04831375613864,-33.763716940887285],[151.04950792991085,-33.75845191068286],[151.03490743805708,-33.7608870189133],[151.0349938063859,-33.76224275255677],[151.02927562416366,-33.76341742395969],[151.03038828739724,-33.76538758667848],[151.03215503039067,-33.77207920790006],[151.03017949084014,-33.77236219899968],[151.03133565120487,-33.778567925886065],[151.0292401852615,-33.77845922897601],[151.02650355910612,-33.77989728402164],[151.025618196917,-33.78201775140631],[151.02121003028694,-33.78262144474719],[151.02142657424747,-33.783603207610184],[151.02675113726391,-33.7827443282569],[151.02775705057462,-33.787975490273894],[151.03152487336885,-33.786201651603484],[151.0342627653799,-33.78631666107055],[151.0401660346469,-33.78838745639991],[151.04346619935515,-33.78819288454941],[151.0436561145637,-33.789721748199796],[151.04681666451202,-33.78932864016719],[151.04949162825008,-33.78867149981216],[151.0527274759303,-33.78518708693114],[151.056665301087,-33.78567128200443],[151.05845281549097,-33.78755205239278],[151.05826510712834,-33.790224589405035],[151.06047432125632,-33.79151908229094],[151.0658284578164,-33.79085602552796],[151.064673928899,-33.78703356106265],[151.0679372907396,-33.785506725678005],[151.06712077061658,-33.784213323206146],[151.06411147454867,-33.78421394228077],[151.063453448412,-33.78142006036888],[151.06135110935554,-33.782560563254535],[151.05940162840145,-33.775574866205964],[151.0568196370277,-33.776056927916066],[151.0562320267534,-33.77195010743246],[151.05811540162827,-33.76838536947572],[151.06056650424156,-33.76778754636775],[151.0664110963053,-33.761732909325495]]]},"properties":{"suburbname":"CARLINGFORD","postcode":2118,"state":2,"startdate":"20260818141927","enddate":"30000101000000","lastupdate":"20260818141942","msoid":2363,"centroidid":null,"shapeuuid":"a1c82e79-8581-36b8-86a0-116e67c85848","changetype":"M","processstate":null,"urbanity":"U","Shape__Length":0.24009442749201104,"Shape__Area":0.0008300694604491647,"OBJECTID":29086,"cadid":108031897,"createdate":"19950728000000","modifieddate":"20260818141821"}},
{"type":"Feature","geometry":{"type":"Polygon","coordinates":[[[151.00860463918232,-33.756952500620926],[151.00891863316485,-33.75512077186507],[151.00532518251345,-33.75309503805906],[151.00404957126648,-33.75050731594287],[150.99978854137333,-33.75018612054793],[150.99389549511923,-33.74702488120367],[150.99192010394802,-33.74490822548725],[150.98545345191877,-33.741941247848644],[150.9825169847768,-33.7364882991954],[150.9773716530796,-33.73567830161155],[150.97342845107207,-33.73436948794608],[150.97190321488085,-33.73515028053817],[150.97243191002855,-33.73802204271195],[150.96676254952246,-33.73985237267283],[150.96558872623348,-33.740239564595065],[150.96695038706702,-33.743590459777835],[150.96358144982085,-33.74473973053044],[150.96214431043265,-33.74756177715113],[150.96280879955586,-33.74912866014133],[150.96077060520832,-33.752942581492476],[150.95858522266556,-33.754098384107266],[150.95536148062632,-33.75835041875804],[150.95772166416435,-33.76285865291639],[150.95882695128682,-33.76776771623492],[150.96108950836802,-33.76610352597205],[150.96333726574932,-33.766422503465385],[150.96668460935317,-33.770375098965395],[150.9702320978196,-33.77233645967634],[150.97502567375244,-33.77303052379362],[150.98211055272623,-33.77232568423764],[150.9950607812762,-33.76901336737794],[150.9976255067167,-33.7723383227442],[151.00099667579954,-33.771183877508186],[151.00299952451965,-33.76744513440231],[151.00508658417502,-33.76703401893542],[151.0065934210547,-33.76520731197032],[151.0085097371791,-33.765581798909054],[151.0104432252806,-33.75908317687249],[151.00860463918232,-33.756952500620926]]]},"properties":{"suburbname":"BAULKHAM HILLS","postcode":2153,"state":2,"startdate":"20260819131641","enddate":"30000101000000","lastupdate":"20260819162507","msoid":1206,"centroidid":null,"shapeuuid":"1420eac0-e2ea-31f7-af60-f38664f13fb9","changetype":"M","processstate":null,"urbanity":"U","Shape__Length":0.17881985989474192,"Shape__Area":0.0013352536166086767,"OBJECTID":29087,"cadid":108030740,"createdate":"19950728000000","modifieddate":"20260819131210"}},
{"type":"Feature","geometry":{"type":"Polygon","coordinates":[[[150.95470141944824,-33.72575084762696],[150.95077884193302,-33.72692584260503],[150.94903370935094,-33.722901526686655],[150.945123505654,-33.72404609750288],[150.94238744496914,-33.71912955209618],[150.93783550397515,-33.72035453769885],[150.94500757991074,-33.73670839167938],[150.94775856556703,-33.74200102345663],[150.95246568095928,-33.75325321058588],[150.95536148062632,-33.75835041875804],[150.95858522266556,-33.754098384107266],[150.96077060520832,-33.752942581492476],[150.96280879955586,-33.74912866014133],[150.96214431043265,-33.74756177715113],[150.96358144982085,-33.74473973053044],[150.96695038706702,-33.743590459777835],[150.96558872623348,-33.740239564595065],[150.96676254952246,-33.73985237267283],[150.96583260398862,-33.736759846032434],[150.96217146815738,-33.7376288124802],[150.9604734843489,-33.73666587719202],[150.95553063024383,-33.73729180682056],[150.9569918763612,-33.73171277978857],[150.95636891804932,-33.727697419036254],[150.95470141944824,-33.72575084762696]]]},"properties":{"suburbname":"BELLA VISTA","postcode":2153,"state":2,"startdate":"20260819131641","enddate":"30000101000000","lastupdate":"20260819162507","msoid":1305,"centroidid":null,"shapeuuid":"343cd7dc-e68e-35b6-b448-c5703734a0e8","changetype":"M","processstate":null,"urbanity":"U","Shape__Length":0.12491380305407036,"Shape__Area":0.0004556135783544836,"OBJECTID":29088,"cadid":108030839,"createdate":"19950728000000","modifieddate":"20260819131210"}},
{"type":"Feature","geometry":{"type":"Polygon","coordinates":[[[151.2671476043881,-33.778033280807406],[151.26433725874503,-33.77852976844146],[151.26223431714357,-33.777426385745066],[151.25882488179496,-33.780088972139595],[151.2555968879331,-33.781451025075],[151.2555659170121,-33.783816370462944],[151.26073375245787,-33.78462800033053],[151.25994297124942,-33.78850928001735],[151.2642878915937,-33.788858404047005],[151.2666598474813,-33.786640414918566],[151.27008183206127,-33.78712647925186],[151.2747083004018,-33.78774526500792],[151.2765183166469,-33.78468119580181],[151.27426033651878,-33.78068714898059],[151.27417492271996,-33.77902293872805],[151.27142856286366,-33.77748183048087],[151.26891563533727,-33.77863765591433],[151.2671476043881,-33.778033280807406]]]},"properties":{"suburbname":"MANLY VALE","postcode":2093,"state":2,"startdate":"20260820145309","enddate":"30000101000000","lastupdate":"20260820145333","msoid":252,"centroidid":null,"shapeuuid":"7b6e25b9-86e2-339a-aa78-05b16412e0e6","changetype":"M","processstate":null,"urbanity":"U","Shape__Length":0.06162532507212555,"Shape__Area":0.0001615452868576175,"OBJECTID":29097,"cadid":108029786,"createdate":"19950728000000","modifieddate":"20260820145130"}},
{"type":"Feature","geometry":{"type":"Polygon","coordinates":[[[151.27863602820307,-33.769248362717676],[151.27875778913076,-33.76843355399094],[151.27281173848291,-33.76760887493961],[151.27245779189892,-33.76923959694427],[151.26814559780962,-33.76801275445902],[151.2661858570841,-33.76996268908014],[151.26596367000008,-33.77336464380275],[151.2671476043881,-33.778033280807406],[151.26891563533727,-33.77863765591433],[151.27142856286366,-33.77748183048087],[151.27417492271996,-33.77902293872805],[151.27426033651878,-33.78068714898059],[151.2765183166469,-33.78468119580181],[151.2790017403907,-33.782812023953376],[151.28248399488936,-33.784169974708725],[151.27876675147863,-33.78125762163806],[151.27550708269789,-33.77882701846699],[151.27612474225174,-33.77632367906609],[151.2736646874023,-33.77492325869062],[151.27436367974158,-33.77176949198581],[151.27862336350032,-33.7725517799293],[151.27863602820307,-33.769248362717676]]]},"properties":{"suburbname":"NORTH MANLY","postcode":2100,"state":2,"startdate":"20260820145309","enddate":"30000101000000","lastupdate":"20260820145333","msoid":1410,"centroidid":null,"shapeuuid":"9d3f8cb2-5ddb-3af3-a2b7-54fcbee6f57a","changetype":"M","processstate":null,"urbanity":"U","Shape__Length":0.08028582557969319,"Shape__Area":0.00011816872081961081,"OBJECTID":29098,"cadid":108030944,"createdate":"19950728000000","modifieddate":"20260820145130"}},
{"type":"Feature","geometry":{"type":"Polygon","coordinates":[[[151.0658284578164,-33.79085602552796],[151.06047432125632,-33.79151908229094],[151.05826510712834,-33.790224589405035],[151.05845281549097,-33.78755205239278],[151.056665301087,-33.78567128200443],[151.0527274759303,-33.78518708693114],[151.04949162825008,-33.78867149981216],[151.04681666451202,-33.78932864016719],[151.04915309296425,-33.79313391254667],[151.04583978418836,-33.796028702180024],[151.04698031071914,-33.79666895274868],[151.04972530995494,-33.798404322710674],[151.0546996426413,-33.79932116990973],[151.05704433348336,-33.798763408374384],[151.05908966175144,-33.79786076744104],[151.06529298414495,-33.796570823080394],[151.0662653663611,-33.793369184805314],[151.0658284578164,-33.79085602552796]]]},"properties":{"suburbname":"DUNDAS VALLEY","postcode":2117,"state":2,"startdate":"20260824160436","enddate":"30000101000000","lastupdate":"20260824160457","msoid":1224,"centroidid":null,"shapeuuid":"77b11e83-4151-3bbe-9c77-ff1192e5dd52","changetype":"M","processstate":null,"urbanity":"U","Shape__Length":0.08508858455822718,"Shape__Area":0.0001714183844513809,"OBJECTID":29120,"cadid":108030758,"createdate":"19950728000000","modifieddate":"20260824160244"}},
{"type":"Feature","geometry":{"type":"Polygon","coordinates":[[[151.04681666451202,-33.78932864016719],[151.0436561145637,-33.789721748199796],[151.04346619935515,-33.78819288454941],[151.0401660346469,-33.78838745639991],[151.0342627653799,-33.78631666107055],[151.03426572930343,-33.78938406043507],[151.0330943513168,-33.79208587972701],[151.0364559283165,-33.79608656143852],[151.03549340636636,-33.798416090166384],[151.0358595140753,-33.800942547864196],[151.0406080890159,-33.800348032781876],[151.04698031071914,-33.79666895274868],[151.04583978418836,-33.796028702180024],[151.04915309296425,-33.79313391254667],[151.04681666451202,-33.78932864016719]]]},"properties":{"suburbname":"TELOPEA","postcode":2117,"state":2,"startdate":"20260824160436","enddate":"30000101000000","lastupdate":"20260824160457","msoid":4690,"centroidid":null,"shapeuuid":"78b3f006-51d5-3dc4-9c28-8d1e7b6f0e0a","changetype":"M","processstate":null,"urbanity":"U","Shape__Length":0.08432461901058394,"Shape__Area":0.0001502409538257008,"OBJECTID":29121,"cadid":154042036,"createdate":"20060809093517","modifieddate":"20260824160244"}},
{"type":"Feature","geometry":{"type":"Polygon","coordinates":[[[151.06679561796057,-34.021646808329194],[151.06434745755996,-34.02125451913709],[151.06299032370444,-34.02375226543537],[151.05907451651595,-34.02125609964709],[151.0517494943784,-34.02022639378318],[151.05383868810466,-34.0228692356111],[151.05166786177688,-34.0237587599841],[151.04823312883101,-34.02648608484871],[151.0480275619159,-34.028384196240445],[151.0434639001866,-34.03096787453439],[151.04156441081042,-34.03397153850109],[151.04255184170327,-34.035290787013565],[151.05366274919686,-34.03702940547988],[151.05193831039028,-34.04681741639951],[151.05183217920248,-34.04997412039852],[151.05275497033537,-34.04605330802219],[151.0578233877037,-34.04137412617159],[151.06020921415012,-34.04032871312083],[151.0657242650295,-34.03744580405434],[151.0680302097711,-34.025721162235406],[151.0681963403775,-34.02252334827865],[151.06679561796057,-34.021646808329194]]]},"properties":{"suburbname":"SUTHERLAND","postcode":2232,"state":2,"startdate":"20260827144642","enddate":"30000101000000","lastupdate":"20260827144654","msoid":118,"centroidid":null,"shapeuuid":"1cd1a626-439b-3494-a154-09b5fa7717bf","changetype":"M","processstate":null,"urbanity":"U","Shape__Length":0.11718954782408683,"Shape__Area":0.00035730553895287694,"OBJECTID":29142,"cadid":108029652,"createdate":"19950728000000","modifieddate":"20260827144551"}},
{"type":"Feature","geometry":{"type":"Polygon","coordinates":[[[150.9335084015274,-33.65978240253194],[150.93013545186182,-33.66001882388998],[150.9300540148773,-33.656065511860305],[150.92717342407542,-33.655022405455746],[150.92314425250294,-33.65922271625704],[150.92165309087807,-33.65859051151761],[150.91361560020133,-33.66838982047326],[150.90882295515215,-33.673307959505905],[150.90610276220582,-33.67243912642512],[150.90277554178286,-33.67017169424778],[150.8996380976496,-33.66637547188041],[150.89347401968573,-33.66252154208123],[150.878807985846,-33.67026710218684],[150.87925987785684,-33.673800739474785],[150.88255317160417,-33.67685682307673],[150.885973597896,-33.68379125588914],[150.89007304328683,-33.68221363074279],[150.89546742618649,-33.6893041316268],[150.89788324557415,-33.688092478752274],[150.8990435889711,-33.68970875570037],[150.9041203718573,-33.68696556140337],[150.90731160020144,-33.69144526802144],[150.90813874213495,-33.69379779740362],[150.91701860402992,-33.69192306850935],[150.9223563559663,-33.6905386417371],[150.92760863216304,-33.69698705864931],[150.9288077961363,-33.70032799317651],[150.93160627610524,-33.69678666732496],[150.93520652126156,-33.69676001547163],[150.93221456174513,-33.68897232550819],[150.93391238227613,-33.687391024151246],[150.9320800381208,-33.68362011930149],[150.92833189920248,-33.681578905044724],[150.93109976493525,-33.67941679095454],[150.9296759979922,-33.67668704344944],[150.933238821807,-33.67487692714453],[150.93338245533877,-33.672451094454985],[150.93506099863177,-33.670754804739424],[150.93516061939675,-33.668806180470185],[150.93214162242762,-33.66796228382184],[150.9307962333725,-33.66460318310095],[150.93255276375785,-33.662572485304764],[150.9335084015274,-33.65978240253194]]]},"properties":{"suburbname":"ROUSE HILL","postcode":2155,"state":2,"startdate":"20260827115912","enddate":"30000101000000","lastupdate":"20260827120059","msoid":163,"centroidid":null,"shapeuuid":"7ccd6d44-8580-3f1d-ac86-7ee5e636b596","changetype":"M","processstate":null,"urbanity":"R","Shape__Length":0.22415963168206884,"Shape__Area":0.0012676009532535861,"OBJECTID":29143,"cadid":108029697,"createdate":"19950728000000","modifieddate":"20260827115608"}},
{"type":"Feature","geometry":{"type":"Polygon","coordinates":[[[151.07176482980074,-34.0082009059238],[151.07046820691053,-34.00945595731578],[151.06089729652956,-34.00856480187764],[151.06179611932095,-34.012752464094234],[151.06014959616405,-34.01596232786134],[151.05510298664473,-34.015203242346],[151.05285444478653,-34.01754156625845],[151.0517494943784,-34.02022639378318],[151.05907451651595,-34.02125609964709],[151.06299032370444,-34.02375226543537],[151.06434745755996,-34.02125451913709],[151.06679561796057,-34.021646808329194],[151.0671068618851,-34.020218516506446],[151.07246477315405,-34.02101003239333],[151.07276760929727,-34.01960547605033],[151.075862105476,-34.0191947904366],[151.07610490700364,-34.01768237517634],[151.0752735063563,-34.013809363460005],[151.07625769281285,-34.010881837696004],[151.07383302215646,-34.00868920009209],[151.07176482980074,-34.0082009059238]]]},"properties":{"suburbname":"JANNALI","postcode":2226,"state":2,"startdate":"20260827144642","enddate":"30000101000000","lastupdate":"20260827144654","msoid":3585,"centroidid":null,"shapeuuid":"5cdbc786-4553-333d-9edf-106ecbb46b42","changetype":"M","processstate":null,"urbanity":"U","Shape__Length":0.09548939907315764,"Shape__Area":0.0002235493402599366,"OBJECTID":29147,"cadid":108033119,"createdate":"19950728000000","modifieddate":"20260827144551"}},
{"type":"Feature","geometry":{"type":"Polygon","coordinates":[[[150.90813874213495,-33.69379779740362],[150.90731160020144,-33.69144526802144],[150.9041203718573,-33.68696556140337],[150.8990435889711,-33.68970875570037],[150.89788324557415,-33.688092478752274],[150.89546742618649,-33.6893041316268],[150.89007304328683,-33.68221363074279],[150.885973597896,-33.68379125588914],[150.87352596100558,-33.689061514143106],[150.8793442465353,-33.69862790162971],[150.8802849571646,-33.69815378672633],[150.89480865322142,-33.69633510132142],[150.89968292337835,-33.69579113860469],[150.90813874213495,-33.69379779740362]]]},"properties":{"suburbname":"TALLAWONG","postcode":2762,"state":2,"startdate":"20260827115912","enddate":"30000101000000","lastupdate":"20260827120100","msoid":17541,"centroidid":null,"shapeuuid":"17bdfa82-f566-3b07-90c4-dd31e89a3e03","changetype":"M","processstate":null,"urbanity":"R","Shape__Length":0.08627390188261913,"Shape__Area":0.0003142537330175538,"OBJECTID":29149,"cadid":181029941,"createdate":"20201106102618","modifieddate":"20260827115608"}},
{"type":"Feature","geometry":{"type":"Polygon","coordinates":[[[151.00315875981354,-33.916528381301376],[150.99845806326246,-33.91576077804477],[150.99657280246817,-33.92398210541471],[151.0010311961887,-33.924570929397056],[151.00117817501138,-33.9270153927743],[151.00685256564557,-33.930212558217754],[151.00601585292048,-33.93426703857179],[151.01093471395427,-33.93581585224263],[151.01161633047855,-33.9346260613818],[151.01993607534524,-33.934544725530195],[151.02344919014425,-33.91792354449229],[151.01153226747942,-33.91589139605372],[151.0091376448248,-33.91643350132306],[151.00315875981354,-33.916528381301376]]]},"properties":{"suburbname":"CONDELL PARK","postcode":2200,"state":2,"startdate":"20260901073059","enddate":"30000101000000","lastupdate":"20260901073920","msoid":82,"centroidid":null,"shapeuuid":"4d008f92-f667-3685-8c9c-42e950508737","changetype":"M","processstate":null,"urbanity":"U","Shape__Length":0.09522727772552236,"Shape__Area":0.00037446531739189536,"OBJECTID":29164,"cadid":108029616,"createdate":"19950728000000","modifieddate":"20260901072854"}},
{"type":"Feature","geometry":{"type":"Polygon","coordinates":[[[151.11370657163872,-34.00317634967895],[151.10739777175385,-34.00265466154683],[151.102130206483,-34.00356594283474],[151.1002150196973,-34.002941370239505],[151.09622537631424,-34.00719602673353],[151.09089330401017,-34.00604474733171],[151.08961706341037,-34.007831788631435],[151.08944983912048,-34.013084537876225],[151.0865885180102,-34.015856314796096],[151.08613381180274,-34.01915927986806],[151.0899683968063,-34.02082971575653],[151.08901465083196,-34.023633003316476],[151.09384901045473,-34.02425126567788],[151.0946326606242,-34.02058053919757],[151.1071191431206,-34.02229202319762],[151.10702588881026,-34.0168457506236],[151.1050088381039,-34.014507748680465],[151.10806718354092,-34.01311519183819],[151.11429566185825,-34.01179820079242],[151.11699974126367,-34.01318751625175],[151.12089886499592,-34.005416411583695],[151.11370657163872,-34.00317634967895]]]},"properties":{"suburbname":"SYLVANIA","postcode":2224,"state":2,"startdate":"20260831180735","enddate":"30000101000000","lastupdate":"20260831180757","msoid":1275,"centroidid":null,"shapeuuid":"3f2be26c-9940-365d-8651-9948119d0de1","changetype":"M","processstate":null,"urbanity":"U","Shape__Length":0.11775316019006046,"Shape__Area":0.00043022029271992153,"OBJECTID":29165,"cadid":108030809,"createdate":"19950728000000","modifieddate":"20260831180615"}},
{"type":"Feature","geometry":{"type":"Polygon","coordinates":[[[151.11699974126367,-34.01318751625175],[151.11429566185825,-34.01179820079242],[151.10806718354092,-34.01311519183819],[151.1050088381039,-34.014507748680465],[151.10702588881026,-34.0168457506236],[151.1071191431206,-34.02229202319762],[151.1101274443432,-34.026271514389045],[151.11590352882743,-34.0246477802289],[151.11787067036488,-34.02342764949033],[151.11627386806458,-34.019688232644654],[151.11626742524825,-34.01791478023843],[151.12002717332683,-34.01590275627505],[151.11699974126367,-34.01318751625175]]]},"properties":{"suburbname":"SYLVANIA WATERS","postcode":2224,"state":2,"startdate":"20260831180735","enddate":"30000101000000","lastupdate":"20260831180757","msoid":2432,"centroidid":null,"shapeuuid":"2bc81420-c06e-3800-b595-8f6517ba2d86","changetype":"M","processstate":null,"urbanity":"U","Shape__Length":0.05887029266370788,"Shape__Area":0.00013492989349445564,"OBJECTID":29166,"cadid":108031966,"createdate":"19950728000000","modifieddate":"20260831180615"}},
{"type":"Feature","geometry":{"type":"Polygon","coordinates":[[[151.04551608080246,-33.914270993027095],[151.04290013181753,-33.91165635428527],[151.04059799355838,-33.90599664841451],[151.03767335354243,-33.90384942810845],[151.0286193662067,-33.9100002620071],[151.0268307317057,-33.912164162621465],[151.01381981726865,-33.9104413659064],[151.01278274399868,-33.91076431642838],[151.01153226747942,-33.91589139605372],[151.02344919014425,-33.91792354449229],[151.01993607534524,-33.934544725530195],[151.02478981732003,-33.93566329311094],[151.02766796220297,-33.93420940791332],[151.0291764957064,-33.934929781964286],[151.03900022984743,-33.93601347409054],[151.0391549717709,-33.93492426230101],[151.04101339341798,-33.93207150863195],[151.0388644393396,-33.9278742970872],[151.0382672866546,-33.924940287733136],[151.04339845372314,-33.925198831110485],[151.04397750539007,-33.921997041243024],[151.04778483528966,-33.92253715492464],[151.05041373372066,-33.92117600702939],[151.04741460190812,-33.91804254700453],[151.04549276092,-33.917245062115384],[151.04551608080246,-33.914270993027095]]]},"properties":{"suburbname":"BANKSTOWN","postcode":2200,"state":2,"startdate":"20260901073059","enddate":"30000101000000","lastupdate":"20260901073920","msoid":3550,"centroidid":null,"shapeuuid":"d53eb0fe-cee5-3084-9ec3-5b24e92fd4cf","changetype":"M","processstate":null,"urbanity":"U","Shape__Length":0.1867630168051861,"Shape__Area":0.0006304993788430794,"OBJECTID":29167,"cadid":108033084,"createdate":"19950728000000","modifieddate":"20260901072854"}},
{"type":"Feature","geometry":{"type":"Polygon","coordinates":[[[151.15685340729476,-34.03951547634774],[151.15345468124974,-34.0396969687655],[151.1479100064092,-34.03899949901089],[151.14624300200467,-34.04028538955947],[151.14506414941326,-34.048074871453345],[151.14599801467514,-34.049347739321256],[151.14467142498742,-34.052927326463525],[151.1434454508544,-34.05389763365631],[151.14322651221818,-34.05691155789126],[151.14486883225862,-34.060909663076494],[151.14384234404122,-34.06377154986954],[151.14356096223628,-34.07703553174474],[151.1471330505091,-34.07663376796329],[151.1523099719518,-34.077621351862746],[151.1560101525319,-34.07682470548006],[151.16131219019886,-34.07430649077131],[151.16278314636483,-34.07243045775769],[151.15731002925074,-34.07020026136628],[151.15806681796306,-34.06695767622885],[151.1560246737947,-34.06412218346794],[151.15867204380814,-34.05831079770847],[151.15535769210229,-34.05488857379417],[151.15632284568298,-34.05181855289674],[151.16085731295993,-34.04531855801507],[151.16526682051813,-34.04120186990568],[151.16126366032213,-34.04050904367527],[151.15685340729476,-34.03951547634774]]]},"properties":{"suburbname":"CRONULLA","postcode":2230,"state":2,"startdate":"20260902124523","enddate":"30000101000000","lastupdate":"20260902124541","msoid":114,"centroidid":null,"shapeuuid":"955ccab0-a5d2-336e-ada7-61cc50243abd","changetype":"M","processstate":null,"urbanity":"U","Shape__Length":0.13227133095104746,"Shape__Area":0.000529798241694035,"OBJECTID":29174,"cadid":108029648,"createdate":"19950728000000","modifieddate":"20260902124411"}},
{"type":"Feature","geometry":{"type":"Polygon","coordinates":[[[151.1479100064092,-34.03899949901089],[151.1464477762525,-34.0323883077547],[151.14524372316308,-34.02989288197575],[151.13684530724726,-34.036207805918394],[151.13435549836396,-34.0389491358209],[151.13302715502482,-34.04570903942188],[151.13261138619865,-34.050291977595066],[151.13340372025158,-34.051453834584876],[151.14467142498742,-34.052927326463525],[151.14599801467514,-34.049347739321256],[151.14506414941326,-34.048074871453345],[151.14624300200467,-34.04028538955947],[151.1479100064092,-34.03899949901089]]]},"properties":{"suburbname":"WOOLOOWARE","postcode":2230,"state":2,"startdate":"20260902124523","enddate":"30000101000000","lastupdate":"20260902124541","msoid":5505,"centroidid":null,"shapeuuid":"1549ecf1-4b4a-3c41-b4d8-4a04a030e80c","changetype":"M","processstate":null,"urbanity":"R","Shape__Length":0.0770391675641996,"Shape__Area":0.00023324278002234035,"OBJECTID":29179,"cadid":159792977,"createdate":"20080130090115","modifieddate":"20260902124411"}},
{"type":"Feature","geometry":{"type":"Polygon","coordinates":[[[151.00712857253575,-33.82452889941821],[150.9964857642916,-33.82567478888773],[150.9942592531749,-33.826706419792956],[150.99670270108007,-33.82766406267565],[151.0039740369276,-33.82650676103646],[151.004159849516,-33.829323834134364],[151.00075309029447,-33.83019998584667],[150.99611704232703,-33.833707392824635],[150.99860537582302,-33.83557131699709],[151.00427722083688,-33.83815996128298],[151.0037921939707,-33.83931790933224],[151.00039990320892,-33.8388370166474],[151.00047210982694,-33.840470404301975],[151.00712919557265,-33.841790497887445],[151.00643368922064,-33.846532728669395],[151.00905792039657,-33.846059791372845],[151.0165720401934,-33.84701928105928],[151.01649119062654,-33.8431095648755],[151.01772761531203,-33.83903469621408],[151.01903581796654,-33.83717584882673],[151.0153920926765,-33.834605473949715],[151.01553638569578,-33.833408226991835],[151.0200995366928,-33.82959141659619],[151.01752294701757,-33.827358189770145],[151.01299483327935,-33.827004590357575],[151.00966118339036,-33.82766595912802],[151.00737338970643,-33.82713285797739],[151.00712857253575,-33.82452889941821]]]},"properties":{"suburbname":"GRANVILLE","postcode":2142,"state":2,"startdate":"20260907094951","enddate":"30000101000000","lastupdate":"20260907095018","msoid":1212,"centroidid":null,"shapeuuid":"7d4fed6f-f129-3c3e-b8af-0b2ea6e5a2f4","changetype":"M","processstate":null,"urbanity":"U","Shape__Length":0.13213153520957832,"Shape__Area":0.00032036999106597786,"OBJECTID":29207,"cadid":108030746,"createdate":"19950728000000","modifieddate":"20260907094849"}},
{"type":"Feature","geometry":{"type":"Polygon","coordinates":[[[150.98825936850986,-33.82387772705481],[150.98307943055707,-33.81922171131177],[150.98178542240447,-33.817913702284535],[150.9806169637375,-33.822819415097335],[150.97673694620104,-33.82214556221675],[150.97616171907237,-33.824577297598694],[150.97216758784487,-33.8238628625122],[150.9694051649528,-33.8247743727908],[150.9694768569837,-33.82892503078011],[150.96255456709167,-33.82854884641987],[150.96242524663032,-33.83081812287258],[150.97716240577205,-33.833925145378515],[150.97413639117445,-33.84465221032759],[150.98880717752905,-33.84753869325016],[150.990651687015,-33.847696466926],[150.99287745841204,-33.846114191540494],[150.99507113331552,-33.8474237563761],[151.0009651686522,-33.84873515742933],[151.00104727229782,-33.85125900089839],[151.00653168449705,-33.85194452589912],[151.00700140845842,-33.84920993282433],[151.00643368922064,-33.846532728669395],[151.00712919557265,-33.841790497887445],[151.00047210982694,-33.840470404301975],[151.00039990320892,-33.8388370166474],[151.0037921939707,-33.83931790933224],[151.00427722083688,-33.83815996128298],[150.99860537582302,-33.83557131699709],[150.99611704232703,-33.833707392824635],[150.99243462181522,-33.83294967125168],[150.9942592531749,-33.826706419792956],[150.98825936850986,-33.82387772705481]]]},"properties":{"suburbname":"MERRYLANDS","postcode":2160,"state":2,"startdate":"20260907094951","enddate":"30000101000000","lastupdate":"20260907095018","msoid":2471,"centroidid":null,"shapeuuid":"e5b92ddd-937a-3e46-ad4f-c3f7862143d2","changetype":"M","processstate":null,"urbanity":"U","Shape__Length":0.17416567973584646,"Shape__Area":0.0006538986307078029,"OBJECTID":29208,"cadid":108032005,"createdate":"19950728000000","modifieddate":"20260907094849"}},
{"type":"Feature","geometry":{"type":"Polygon","coordinates":[[[151.07311966542397,-33.7983872775708],[151.0704393605192,-33.79964945891232],[151.06824231984984,-33.79628081715089],[151.0654058663425,-33.79680864682855],[151.06612198715976,-33.80260959296053],[151.07016689051787,-33.80613592131331],[151.07050002869403,-33.80714288050737],[151.07164280895654,-33.80684176732955],[151.07584721054428,-33.81391115024021],[151.07666218814506,-33.81633232717776],[151.07970701623128,-33.814543108828666],[151.08169863899698,-33.81476075769169],[151.08831908985948,-33.81488600657513],[151.09060668628098,-33.8113401134071],[151.094977560554,-33.81413824424908],[151.09962458378678,-33.80968252328225],[151.10298546921982,-33.80730734694563],[151.10226974173398,-33.80422822831684],[151.0999955751982,-33.802593158069755],[151.0967265114895,-33.804151110381625],[151.09377053603856,-33.80228730757736],[151.09159629634553,-33.80448123208194],[151.0901288675462,-33.80238834456236],[151.083221199478,-33.80415230991068],[151.08079139719283,-33.80310201090395],[151.07522956612007,-33.80381186515491],[151.07311966542397,-33.7983872775708]]]},"properties":{"suburbname":"WEST RYDE","postcode":2114,"state":2,"startdate":"20260914112728","enddate":"30000101000000","lastupdate":"20260914112750","msoid":1229,"centroidid":null,"shapeuuid":"9191ba23-df53-3617-8e99-e5b509cc958b","changetype":"M","processstate":null,"urbanity":"U","Shape__Length":0.12162719669800952,"Shape__Area":0.00034710132721496866,"OBJECTID":29234,"cadid":108030763,"createdate":"19950728000000","modifieddate":"20260914112626"}},
{"type":"Feature","geometry":{"type":"Polygon","coordinates":[[[151.1100919569806,-33.793629947873],[151.10624312405147,-33.7903636263643],[151.10502681410665,-33.79110956653992],[151.10242210065846,-33.79350666735605],[151.10225764287702,-33.795390347920524],[151.10397502919892,-33.799578597694904],[151.10051700973364,-33.802072944088366],[151.0999955751982,-33.802593158069755],[151.10226974173398,-33.80422822831684],[151.10298546921982,-33.80730734694563],[151.09962458378678,-33.80968252328225],[151.094977560554,-33.81413824424908],[151.09275219206967,-33.8159657471916],[151.09297050945315,-33.819580042826374],[151.09452767172613,-33.822234288540315],[151.09628094796372,-33.82271846829614],[151.10181870087874,-33.818286851638206],[151.10785886316617,-33.82303091939708],[151.10881723017113,-33.82213164414291],[151.11264755698008,-33.82476759484863],[151.11578178627755,-33.82482567171966],[151.11750678566938,-33.823431318917216],[151.12032086122997,-33.8244937746699],[151.12177071316478,-33.822589273347454],[151.11970690383657,-33.82100470382777],[151.12444895955994,-33.8158864565705],[151.1283716823376,-33.81725711410331],[151.13411439952665,-33.815438027508506],[151.13521101556236,-33.814128271296646],[151.12721728602497,-33.80936352224027],[151.12809086956622,-33.80756671248611],[151.12455207431282,-33.80515319466865],[151.12162364896832,-33.806788533502235],[151.11961588199696,-33.80429896352567],[151.12126361334475,-33.80271763079458],[151.11646275186118,-33.7994869166627],[151.11443202427273,-33.79982451039111],[151.11375572394965,-33.797750443818494],[151.10963191712096,-33.79440526031931],[151.1100919569806,-33.793629947873]]]},"properties":{"suburbname":"RYDE","postcode":2112,"state":2,"startdate":"20260914112728","enddate":"30000101000000","lastupdate":"20260914112750","msoid":3541,"centroidid":null,"shapeuuid":"e40c9854-7b96-3964-a39b-9fd5686b76ce","changetype":"M","processstate":null,"urbanity":"U","Shape__Length":0.17433974795037135,"Shape__Area":0.0006898701401442182,"OBJECTID":29235,"cadid":108033075,"createdate":"19950728000000","modifieddate":"20260914112626"}},
{"type":"Feature","geometry":{"type":"Polygon","coordinates":[[[151.13833666283645,-33.93286415983714],[151.13359170071894,-33.931775965116046],[151.13277809579213,-33.93536056413331],[151.12616074680125,-33.937700990317396],[151.1229079483358,-33.939541667498766],[151.12291172954158,-33.94117571890687],[151.12291360246095,-33.94123282888899],[151.1268261103883,-33.94046706014388],[151.12970722578993,-33.94290943616819],[151.13113057713176,-33.94038279582095],[151.13602154736182,-33.937865084235284],[151.13832208151885,-33.93606589870225],[151.13833666283645,-33.93286415983714]]]},"properties":{"suburbname":"BARDWELL VALLEY","postcode":2207,"state":2,"startdate":"20260915131938","enddate":"30000101000000","lastupdate":"20260915132012","msoid":3441,"centroidid":null,"shapeuuid":"99e201be-3ac7-371a-9a2f-d2f092e2446b","changetype":"M","processstate":null,"urbanity":"U","Shape__Length":0.05179023728749105,"Shape__Area":0.00007088239302371942,"OBJECTID":29238,"cadid":108032975,"createdate":"19971126161542","modifieddate":"20260915131846"}},
{"type":"Feature","geometry":{"type":"Polygon","coordinates":[[[151.14856142870354,-33.930341562365875],[151.14803457621693,-33.927214867210616],[151.14598744721425,-33.92689676138008],[151.14373603345655,-33.92813258065628],[151.14029324202994,-33.92735465911302],[151.13782086344716,-33.930286467129875],[151.13484166078675,-33.929792201074164],[151.13328440709398,-33.931714911956504],[151.13359170071894,-33.931775965116046],[151.13833666283645,-33.93286415983714],[151.14156445834283,-33.932709030273436],[151.14469733335144,-33.933552095443744],[151.14856142870354,-33.930341562365875]]]},"properties":{"suburbname":"TURRELLA","postcode":2205,"state":2,"startdate":"20260915131938","enddate":"30000101000000","lastupdate":"20260915132012","msoid":3576,"centroidid":null,"shapeuuid":"85e3f0c2-c2a1-3694-987d-bc16b821763e","changetype":"M","processstate":null,"urbanity":"U","Shape__Length":0.045865425048991916,"Shape__Area":0.000059292143470822205,"OBJECTID":29239,"cadid":108033110,"createdate":"19950728000000","modifieddate":"20260915131846"}},
{"type":"Feature","geometry":{"type":"Polygon","coordinates":[[[151.13353740310646,-33.8493071267896],[151.13010025514598,-33.84373392571722],[151.1278380650608,-33.843777137976765],[151.12661288887148,-33.84551272417456],[151.12321674563856,-33.84706591537727],[151.1221959011003,-33.84896197465439],[151.12523479433204,-33.850356264691094],[151.1259908207997,-33.85402883852652],[151.12776202905363,-33.8573514153973],[151.1305343107035,-33.85559301409524],[151.13610966848105,-33.854779290152905],[151.1375849506631,-33.85374927021692],[151.13651961229385,-33.85242122162321],[151.1318895235279,-33.851578004745924],[151.13353740310646,-33.8493071267896]]]},"properties":{"suburbname":"ABBOTSFORD","postcode":2046,"state":2,"startdate":"20260925073612","enddate":"30000101000000","lastupdate":"20260925074032","msoid":2367,"centroidid":null,"shapeuuid":"0a0c46f9-05d6-35ac-9d07-de03bdd75640","changetype":"M","processstate":null,"urbanity":"U","Shape__Length":0.05426768899221629,"Shape__Area":0.00009943411069944226,"OBJECTID":29272,"cadid":108031901,"createdate":"19950728000000","modifieddate":"20260925073441"}},
{"type":"Feature","geometry":{"type":"Polygon","coordinates":[[[151.21586530019346,-33.897519923184745],[151.19913004733954,-33.89515329261239],[151.2004361889122,-33.90011118545758],[151.2028433072706,-33.90549823084412],[151.20728425225687,-33.90308221734771],[151.21429273452333,-33.90382399717264],[151.2146464110465,-33.903868645791015],[151.21586530019346,-33.897519923184745]]]},"properties":{"suburbname":"WATERLOO","postcode":2017,"state":2,"startdate":"20260925090415","enddate":"30000101000000","lastupdate":"20260925090424","msoid":2423,"centroidid":null,"shapeuuid":"a5e5f517-449e-38a1-9e00-8c56f68849a5","changetype":"M","processstate":null,"urbanity":"U","Shape__Length":0.0481467398087307,"Shape__Area":0.00011166432057896013,"OBJECTID":29275,"cadid":108031957,"createdate":"19950728000000","modifieddate":"20260925090252"}},
{"type":"Feature","geometry":{"type":"Polygon","coordinates":[[[151.21705199972902,-33.89185668931103],[151.21162456484407,-33.89136641305578],[151.20782343684527,-33.889895459527395],[151.20182771581463,-33.889100077215765],[151.19882982281314,-33.8886107183897],[151.19660636047462,-33.891760180836954],[151.1975314020644,-33.894948357140855],[151.19913004733954,-33.89515329261239],[151.21586530019346,-33.897519923184745],[151.21705199972902,-33.89185668931103]]]},"properties":{"suburbname":"REDFERN","postcode":2016,"state":2,"startdate":"20260925090415","enddate":"30000101000000","lastupdate":"20260925090424","msoid":3578,"centroidid":null,"shapeuuid":"8d81746b-ce1e-3175-a086-8cc7d9476109","changetype":"M","processstate":null,"urbanity":"U","Shape__Length":0.056526796805461584,"Shape__Area":0.00011368426183321813,"OBJECTID":29276,"cadid":108033112,"createdate":"19950728000000","modifieddate":"20260925090252"}},
{"type":"Feature","geometry":{"type":"Polygon","coordinates":[[[151.11530784791572,-33.85307006074495],[151.11956518349064,-33.85306718849515],[151.11927845044713,-33.85136750052563],[151.11524901690981,-33.850467532915694],[151.11551368898307,-33.848811347946835],[151.118030817534,-33.847236924153734],[151.1207250578832,-33.841809237341224],[151.11650575152836,-33.84132547047082],[151.11531328874858,-33.843440270682024],[151.11366611216755,-33.846538243732454],[151.11127433653826,-33.847090780687175],[151.11230324956747,-33.85031231419569],[151.1156395164324,-33.85176931634723],[151.11530784791572,-33.85307006074495]]]},"properties":{"suburbname":"CABARITA","postcode":2137,"state":2,"startdate":"20260929143042","enddate":"30000101000000","lastupdate":"20260929143112","msoid":3521,"centroidid":null,"shapeuuid":"fae3930e-7ace-3091-a8f2-d21edc59aa58","changetype":"M","processstate":null,"urbanity":"U","Shape__Length":0.051284483071721856,"Shape__Area":0.0000503849696422259,"OBJECTID":29301,"cadid":108033055,"createdate":"19950728000000","modifieddate":"20260929142938"}}
]}